"security_id","symbol","name","series","tick_size","lot_size","instrument_type","segment","exchange","upper_limit","lower_limit","expiry_date","strike_price","freeze_quantity"
"530043","ACKNIT","Acknit Industries Limited","X","5.0000","1","ES","E","BSE","322.9500","215.3500","","","80000"
"505720","HERCULES","Hercules Investments","X","1.0000","1","ES","E","BSE","107.5200","71.6800","","","80000"
"533259","SASTASUNDR","Sastasundar Ventures","B","5.0000","1","ES","E","BSE","313.5000","209.0000","","","389169"
"21551","HALEOSLABS","Haleos Labs","EQ","10.0000","1","ES","E","NSE","1253.8000","1134.4000","","","83745"
"11689","SUPRAJIT","Suprajit Engineering","EQ","5.0000","1","ES","E","NSE","480.1000","320.1000","","","249925"
"3570","UCAL","UCAL LIMITED","EQ","1.0000","1","ES","E","NSE","96.8100","64.5500","","","723115"
"500210","INGERRAND","Ingersoll Rand","A","5.0000","1","ES","E","BSE","4198.2500","2798.8500","","","28632"
"9889","SMARTLINK","Smartlink Holdings","EQ","1.0000","1","ES","E","NSE","125.4200","83.6200","","","326182"
"526381","PATINTLOG","Patel Integrated Logistic","B","1.0000","1","ES","E","BSE","9.8800","6.6000","","","2275453"
"509835","PREMSYN","Premier Synthetics","X","1.0000","1","ES","E","BSE","15.5800","10.4000","","","80000"
"532218","SOUTHBANK","South Indian Bank","A","1.0000","1","ES","E","BSE","41.0400","27.3600","","","2921124"
"532392","CREATIVEYE","Creative Eye","B","1.0000","1","ES","E","BSE","6.7200","4.4800","","","655904"
"523716","ASHIANA","Ashiana Housing","B","5.0000","1","ES","E","BSE","335.4000","223.6000","","","357466"
"506180","EMERGENT","Emergent Industrial Solutions","XT","5.0000","1","ES","E","BSE","500.8500","453.1500","","","80000"
"503776","MODIPON","Modipon","X","1.0000","1","ES","E","BSE","36.1900","29.6100","","","80000"
"531456","MINAXI","Minaxi Textiles","X","1.0000","1","ES","E","BSE","1.8100","1.2100","","","80000"
"13111","ORIENTCER","Orient Abrasives","EQ","1.0000","1","ES","E","NSE","41.3500","27.5700","","","2901848"
"13577","VOLTAMP","Voltamp Transformers","EQ","50.0000","1","ES","E","NSE","10422.5000","6948.5000","","","11513"
"524711","VISTAPH","Vista Pharmaceuticals","X","1.0000","1","ES","E","BSE","7.3300","4.8900","","","80000"
"500696","HINDUNILVR","Hindustan Unilever","A","5.0000","1","ES","E","BSE","2261.3500","1850.2500","","","46991"
"6407","LAMBODHARA","Lambodhara Textiles","EQ","1.0000","1","ES","E","NSE","99.7800","66.5200","","","339347"
"521244","MKPMOB","Chitradurga Spintex","X","5.0000","1","ES","E","BSE","108.2000","97.9000","","","80000"
"14413","PAGEIND","Page Industries","EQ","500.0000","1","ES","E","NSE","34950.0000","28600.0000","","","3145"
"509069","INFOMEDIA","Infomedia Press","B","1.0000","1","ES","E","BSE","5.3300","4.3700","","","1641349"
"532189","ITDC","ITDC","B","5.0000","1","ES","E","BSE","444.6500","296.4500","","","269830"
"542679","DEL","Dhanashree Electronics Li","XT","5.0000","1","ES","E","BSE","198.3000","179.5000","","","80000"
"540136","HPL","Hpl Electric & Power Limited","B","5.0000","1","ES","E","BSE","308.7500","205.8500","","","388953"
"6600","GENUSPAPER","Genus P&B","EQ","1.0000","1","ES","E","NSE","10.6500","7.1100","","","8408018"
"506480","GOCLCORP","GOCL Corp","B","5.0000","1","ES","E","BSE","303.7000","202.5000","","","395390"
"532994","ARCHIDPLY","Archidply Industries","B","1.0000","1","ES","E","BSE","75.9900","50.6700","","","649585"
"532505","UCOBANK","UCO Bank","A","1.0000","1","ES","E","BSE","26.9400","17.9600","","","4451543"
"517273","S&SPOWER","S&S Power Switchgear","T","5.0000","1","ES","E","BSE","332.8500","319.8500","","","307921"
"14894","CENTRALBK","Central Bank Of India","EQ","1.0000","1","ES","E","NSE","37.7100","25.1500","","","3177041"
"531237","DHRUVCA","Dhruva Capital Services L","XT","5.0000","1","ES","E","BSE","258.1500","233.6500","","","80000"
"539894","MADHAVIPL","Madhav Infra Projects Limited","X","1.0000","1","ES","E","BSE","8.4200","5.6200","","","80000"
"17957","MMTC","MMTC","EQ","1.0000","1","ES","E","NSE","62.5200","41.6800","","","1918499"
"530065","LORDSHOTL","Lords Ishwar Hotels Limit","X","1.0000","1","ES","E","BSE","19.4700","15.9300","","","80000"
"531778","KACHCHH","Kachchh Minerals","XT","1.0000","1","ES","E","BSE","27.0300","24.4700","","","80000"
"530581","EKAMLEA","Ekam Leasing & Finance Co","X","1.0000","1","ES","E","BSE","5.5300","5.0100","","","80000"
"523260","PEARLPOLY","Pearl Polymers","B","1.0000","1","ES","E","BSE","15.3200","10.2200","","","550502"
"533287","ZEELEARN","Zee Learn","B","1.0000","1","ES","E","BSE","5.1000","3.4000","","","10694927"
"500096","DABUR","Dabur India","A","5.0000","1","ES","E","BSE","451.4000","369.4000","","","242995"
"530259","INTSTOIL","Inter State Oil Carrier L","X","1.0000","1","ES","E","BSE","33.8500","22.5700","","","80000"
"532553","WELENT","Welspun Enterprises Limte","A","5.0000","1","ES","E","BSE","498.4500","332.3500","","","240424"
"506734","MYSORPETRO","Mysore Petro Chemicals","X","1.0000","1","ES","E","BSE","96.1200","64.0800","","","80000"
"506520","JAYCH","Jayshree Chemicals","X","1.0000","1","ES","E","BSE","6.2100","4.1500","","","80000"
"524518","KREBSBIO","Krebs Biochemicals & Ind","B","1.0000","1","ES","E","BSE","48.0100","32.0100","","","705031"
"524091","CARYSIL","Carysil Limited","B","5.0000","1","ES","E","BSE","904.5000","603.0000","","","132713"
"14086","IGPL","IG Petrochemicals","EQ","5.0000","1","ES","E","NSE","397.6000","265.1000","","","301789"
"513528","GLITTEKG","Glittek Granites","XT","1.0000","1","ES","E","BSE","39.1200","35.4000","","","80000"
"9668","HIKAL","Hikal","EQ","1.0000","1","ES","E","NSE","176.4900","117.6700","","","679880"
"11987","ICIL","Indo Count Industries","EQ","1.0000","1","ES","E","NSE","274.5000","224.6000","","","400663"
"514300","PIONEEREMB","Pioneer Embroideries","B","1.0000","1","ES","E","BSE","23.9400","15.9600","","","1007395"
"509675","BIRLANU","Birlanu Limited","B","5.0000","1","ES","E","BSE","1445.5500","963.7500","","","83228"
"533167","COROENGG","Coromandel Engineering Co","XT","1.0000","1","ES","E","BSE","94.5000","90.8000","","","80000"
"512455","LLOYDSME","Lloyds Metals And Energy","A","5.0000","1","ES","E","BSE","1524.8000","1016.6000","","","78503"
"20337","SHANKARA","Shankara Bldg Product Ltd","BE","1.0000","1","ES","E","NSE","116.1600","105.1000","","","792952"
"500403","SUNDRMFAST","Sundram Fasteners","A","5.0000","1","ES","E","BSE","901.4000","601.0000","","","133431"
"13725","DCBBANK","DCB Bank","EQ","1.0000","1","ES","E","NSE","189.9900","126.6700","","","631398"
"512626","ORBTEXP","Orbit Exports","B","5.0000","1","ES","E","BSE","163.6000","109.1000","","","738812"
"10159","ORICONENT","Oricon Enterprises","EQ","1.0000","1","ES","E","NSE","76.7800","51.2000","","","1562624"
"500228","JSWSTEEL","JSW Steel","A","5.0000","1","ES","E","BSE","1235.0000","1010.5000","","","88036"
"520043","MUNJALSHOW","Munjal Showa","B","5.0000","1","ES","E","BSE","132.6000","88.4000","","","905286"
"15377","PDMJEPAPER","Pudumjee Paper Pro.","EQ","1.0000","1","ES","E","NSE","78.2400","52.1600","","","1533727"
"11236","JSL","Jindal Stainless","EQ","5.0000","1","ES","E","NSE","853.1000","568.8000","","","140151"
"541890","SPACEINCUBA","Space Incubatrics Technol","X","1.0000","1","ES","E","BSE","0.2000","0.1900","","","80000"
"3694","VINDHYATEL","Vindhya Telelinks","EQ","5.0000","1","ES","E","NSE","1170.0000","780.0000","","","102557"
"15049","ENERGYDEV","Energy Deve. Co.Ltd","EQ","1.0000","1","ES","E","NSE","13.8000","12.5000","","","1553249"
"532809","FSL","Firstsource Solutions","A","5.0000","1","ES","E","BSE","245.1000","163.4000","","","488590"
"11233","SUVEN","Suven Life Sciences","EQ","1.0000","1","ES","E","NSE","158.0400","105.3600","","","759178"
"14334","HSCL","Himadri Speciality Chemicals","EQ","5.0000","1","ES","E","NSE","529.9000","353.3000","","","226034"
"538881","GALADAFIN","Galada Finance","X","1.0000","1","ES","E","BSE","21.7400","19.6800","","","80000"
"533248","GPPL","Gujarat Pipavav Port","A","5.0000","1","ES","E","BSE","170.9000","114.0000","","","701954"
"532699","ROHLTD","Royal Orchid Hotels","B","5.0000","1","ES","E","BSE","325.2000","216.8000","","","368594"
"514418","MANORG","Mangalam Organics","B","5.0000","1","ES","E","BSE","431.1500","287.4500","","","272434"
"512070","UPL","UPL","A","5.0000","1","ES","E","BSE","624.4500","510.9500","","","175587"
"3456","TMPV","Tata Motors Passenger Vehicles","EQ","5.0000","1","ES","E","NSE","325.8000","266.6000","","","335118"
"531980","SENINFO","Senthil Infotek","XT","1.0000","1","ES","E","BSE","31.4200","28.4400","","","80000"
"506285","BAYERCROP","Bayer Cropscience","A","5.0000","1","ES","E","BSE","5581.9000","3721.3000","","","21482"
"16900","DPWIRES","D P Wires","EQ","1.0000","1","ES","E","NSE","152.0800","101.4000","","","506864"
"532868","DLF","DLF","A","5.0000","1","ES","E","BSE","554.0500","453.3500","","","198025"
"19937","KILITCH","Kilitch Drugs India","EQ","1.0000","1","ES","E","NSE","149.3400","99.5600","","","803521"
"24409","DHANUKA","Dhanuka Agritech","EQ","5.0000","1","ES","E","NSE","1078.0500","718.7500","","","111298"
"524663","BIBCL","Bharat Immunologicals","B","1.0000","1","ES","E","BSE","17.1000","11.4000","","","80000"
"523850","AXTEL","Axtel Industries","X","5.0000","1","ES","E","BSE","441.5000","294.4000","","","80000"
"24538","MAITHANALL","Maithan Alloys","EQ","5.0000","1","ES","E","NSE","999.7000","666.5000","","","120026"
"533181","ISFT","Intrasoft Technologies","B","1.0000","1","ES","E","BSE","66.4500","44.3100","","","533391"
"526807","SEAMECLTD","Seamec","B","5.0000","1","ES","E","BSE","1691.1500","1127.4500","","","70961"
"532612","INDOCO","Indoco Remedies","B","5.0000","1","ES","E","BSE","197.8000","131.9000","","","609665"
"530171","DAULAT","Daulat Securities","X","1.0000","1","ES","E","BSE","29.4900","19.6700","","","80000"
"15278","ONMOBILE","Onmobile Global","EQ","1.0000","1","ES","E","NSE","48.6300","32.4300","","","2467293"
"531909","CROISSANCE","Croissance Limited","XT","1.0000","1","ES","E","BSE","2.5400","2.3000","","","80000"
"500285","SPICEJET","Spicejet","A","1.0000","1","ES","E","BSE","10.2200","9.2600","","","80000"
"513513","ADITYA","Aditya Ispat","X","1.0000","1","ES","E","BSE","11.4000","7.6000","","","80000"
"523620","PHRMASI","Phaarmasia","X","1.0000","1","ES","E","BSE","78.9600","71.4400","","","80000"
"531846","TRINITYLEA","Trinity League India","X","1.0000","1","ES","E","BSE","13.3800","10.9600","","","80000"
"399","NIACL","The New India Assurance Company","EQ","1.0000","1","ES","E","NSE","141.3800","94.2600","","","848719"
"531539","RISHDIGA","Rishabh Digha Steel & All","X","1.0000","1","ES","E","BSE","39.2600","26.1800","","","80000"
"531162","EMAMILTD","Emami","A","5.0000","1","ES","E","BSE","471.7000","314.5000","","","254042"
"531688","PRITHVIEXCH","Prithvi Exchange","X","1.0000","1","ES","E","BSE","115.4400","76.9600","","","80000"
"530271","RICHUNV","Rich Universe Network","X","1.0000","1","ES","E","BSE","6.4200","5.8200","","","80000"
"532209","J&KBANK","J&K Bank","A","5.0000","1","ES","E","BSE","132.0000","88.0000","","","908475"
"538860","PANAFIC","Panafic Industrials","X","1.0000","1","ES","E","BSE","0.7300","0.4900","","","80000"
"507970","PARMCOS-B","Paramount Cosmetics","X","1.0000","1","ES","E","BSE","41.4000","27.6000","","","80000"
"511585","BEFOUNDMOL","Regency Trust","X","1.0000","1","ES","E","BSE","2.9500","2.8500","","","80000"
"512131","SIGIND","Signet Industries","B","1.0000","1","ES","E","BSE","52.8000","35.2000","","","962589"
"11943","MCLEODRUSS","McLeod Russel India","EQ","1.0000","1","ES","E","NSE","31.8600","26.0800","","","3415702"
"15259","RPOWER","Reliance Power","EQ","1.0000","1","ES","E","NSE","24.4300","16.2900","","","4909160"
"513309","GOLKONDA","Golkonda Aluminium Extrus","X","1.0000","1","ES","E","BSE","6.8200","6.1800","","","80000"
"29113","CARERATING","Care Ratings","EQ","10.0000","1","ES","E","NSE","1738.2000","1158.8000","","","69017"
"559","BSL","BSL","EQ","1.0000","1","ES","E","NSE","123.3400","82.2400","","","336553"
"526829","CONFIPET","Confidence Petroleum Indi","B","1.0000","1","ES","E","BSE","44.8600","29.9200","","","2667231"
"533274","PRESTIGE","Prestige Estates Projects","A","5.0000","1","ES","E","BSE","1238.8000","1013.6000","","","88730"
"534674","DUCON","Ducon Infratechnologies","B","1.0000","1","ES","E","BSE","2.7800","1.8600","","","10625066"
"533326","TEXRAIL","Texmaco Rail & Engineering","A","1.0000","1","ES","E","BSE","94.5600","63.0400","","","1269010"
"500314","ORIENTHOT","Oriental Hotels","B","1.0000","1","ES","E","BSE","98.7000","65.8000","","","1219296"
"514454","SOUTLAT","Southern Latex","X","1.0000","1","ES","E","BSE","26.9300","24.3700","","","80000"
"4491","BOSCH-HCIL","Bosch Home Comfort India","EQ","10.0000","1","ES","E","NSE","1154.0000","944.2000","","","95304"
"2028","LYKALABS","Lyka Labs","EQ","1.0000","1","ES","E","NSE","53.9400","35.9600","","","1167062"
"500418","TOKYOPLAST","Tokyo Plast International","B","1.0000","1","ES","E","BSE","68.9100","45.9500","","","310695"
"3744","FINEORG","Fine Organic Industries","EQ","10.0000","1","ES","E","NSE","4748.5000","3165.7000","","","25263"
"471","OSWALGREEN","Oswal greentech limited","EQ","1.0000","1","ES","E","NSE","23.9600","15.9800","","","5007264"
"532092","EPUJA","Sagar Productions","XT","1.0000","1","ES","E","BSE","2.0800","1.9000","","","80000"
"540797","SHALBY","Shalby","B","5.0000","1","ES","E","BSE","152.2000","101.5000","","","788579"
"500060","BIRLACABLE","Birla Cable","B","5.0000","1","ES","E","BSE","125.2500","83.5500","","","958769"
"531847","ASTAR","Asian Star","B","5.0000","1","ES","E","BSE","732.0000","488.0000","","","80000"
"4907","ENGINERSIN","Engineers India","EQ","1.0000","1","ES","E","NSE","218.5500","145.7100","","","548553"
"532875","ADSL","Allied Digital Services L","B","1.0000","1","ES","E","BSE","104.6400","69.7600","","","1147180"
"6429","RSSOFTWARE","R. S. Software Li","EQ","1.0000","1","ES","E","NSE","23.0200","20.8400","","","844680"
"522108","YUKEN","Yuken India","B","5.0000","1","ES","E","BSE","705.4000","470.3000","","","168360"
"500490","BAJAJHLDNG","Bajaj Holdings and Investments","A","5.0000","1","ES","E","BSE","9618.4000","7869.6000","","","11351"
"506074","ARSHIYA","Arshiya","Z","1.0000","1","ES","E","BSE","1.4700","1.3300","","","8615662"
"15146","JYOTHYLAB","Jyothy Labs","EQ","1.0000","1","ES","E","NSE","236.7000","157.8000","","","506756"
"517530","SURANAT&P","Surana Telecom And Power","B","1.0000","1","ES","E","BSE","18.8400","12.5600","","","4439350"
"15419","DPSCLTD","Dpsc","EQ","1.0000","1","ES","E","NSE","8.4900","5.6700","","","14123844"
"511473","INDBANK","Indbank Merchant Banking","B","1.0000","1","ES","E","BSE","34.9500","23.3100","","","1451167"
"3484","TIL","TIL","EQ","1.0000","1","ES","E","NSE","196.2700","130.8500","","","611340"
"4179","SUNDRMBRAK","Sundaram Brake Linings","EQ","5.0000","1","ES","E","NSE","558.0500","372.0500","","","128660"
"533333","FCL","Fineotex Chemical","B","1.0000","1","ES","E","BSE","23.0000","15.3400","","","5196883"
"531215","RTSPOWR","Rts Power Corporation","X","1.0000","1","ES","E","BSE","96.8400","64.5600","","","80000"
"781","DALMIASUG","Dalmia Bharat Sugar and Industries","EQ","5.0000","1","ES","E","NSE","473.2000","315.5000","","","253501"
"500179","HCL-INSYS","HCL Infosystems","B","1.0000","1","ES","E","BSE","11.1600","7.4400","","","10615703"
"523630","NFL","National Fertilizers","B","1.0000","1","ES","E","BSE","77.5300","51.6900","","","1549737"
"531989","DECPO","Deccan Polypacks","XT","1.0000","1","ES","E","BSE","34.1200","30.8800","","","80000"
"1448","HLVLTD","HLV","EQ","1.0000","1","ES","E","NSE","6.8600","4.5800","","","17482254"
"11778","GOKEX","Gokaldas Exports","EQ","5.0000","1","ES","E","NSE","638.2000","522.2000","","","172350"
"504341","RELTD","Ravindra energy","B","5.0000","1","ES","E","BSE","143.5000","95.7000","","","835069"
"534675","PROZONER","Prozone realty","B","1.0000","1","ES","E","BSE","49.1400","32.7600","","","2436610"
"522275","GVTD","GE Vernova T&D India","A","5.0000","1","ES","E","BSE","4369.4000","2913.0000","","","27396"
"532321","ZYDUSLIFE","Zydus life","A","5.0000","1","ES","E","BSE","958.3000","784.1000","","","114710"
"532915","RELIGARE","Religare Enterprises","A","5.0000","1","ES","E","BSE","242.4500","161.6500","","","494675"
"29423","MOHITIND","Mohit Industries","EQ","1.0000","1","ES","E","NSE","22.5700","15.0500","","","462952"
"13745","GTLINFRA","GTL Infra.Ltd","EQ","1.0000","1","ES","E","NSE","1.1600","0.7800","","","103087732"
"7048","HESTERBIO","Hester Biosciences","EQ","10.0000","1","ES","E","NSE","1510.9000","1007.3000","","","79420"
"530735","SUPERBAK","Super Bakers","X","1.0000","1","ES","E","BSE","34.1600","30.9200","","","80000"
"506146","VIVIDHA","Visagar Polytex","B","1.0000","1","ES","E","BSE","0.5400","0.3600","","","9571307"
"504340","LONGSPUR","Confidence Finance And Trading","X","1.0000","1","ES","E","BSE","5.8900","5.6700","","","80000"
"513548","SHRDAIS","Sharda Ispat","X","5.0000","1","ES","E","BSE","150.4000","100.3000","","","80000"
"502281","TRIVENIGQ","Triveni Glass","X","1.0000","1","ES","E","BSE","6.5800","4.4000","","","80000"
"509480","BERGEPAINT","Berger Paints","A","5.0000","1","ES","E","BSE","492.2000","328.2000","","","243694"
"539546","AGRIBIO","Beekay Niryat","X","5.0000","1","ES","E","BSE","310.9500","207.3500","","","80000"
"516078","JUMBO","Jumbo Bag","X","1.0000","1","ES","E","BSE","60.8400","40.5600","","","80000"
"531557","AMITSEC","Amit Securities","XT","1.0000","1","ES","E","BSE","55.9100","50.5900","","","80000"
"530007","JKTYRE","JK Tyre & Industries","A","5.0000","1","ES","E","BSE","457.5000","305.0000","","","262343"
"500038","BALRAMCHIN","Balrampur Chini Mills","A","5.0000","1","ES","E","BSE","597.0000","398.0000","","","201142"
"530355","ASIANENE","Asian Energy Services","B","5.0000","1","ES","E","BSE","286.4000","191.0000","","","418634"
"540777","HDFCLIFE","HDFC Life","A","5.0000","1","ES","E","BSE","649.2000","531.2000","","","168294"
"539562","AARNAV","Aarnav Fashions","B","1.0000","1","ES","E","BSE","25.5600","17.0400","","","1381203"
"533101","SURYAAMBA","Suryaamba Spinning Mills","X","5.0000","1","ES","E","BSE","130.8000","87.2000","","","80000"
"533164","TEXMOPIPES","Texmo Pipes & Products","B","1.0000","1","ES","E","BSE","40.1100","26.7500","","","954676"
"13188","RCOM","Reliance Communications","BE","1.0000","1","ES","E","NSE","0.7900","0.7300","","","90432930"
"517166","SPELS","SPEL Semiconductor","X","5.0000","1","ES","E","BSE","129.0000","116.8000","","","80000"
"504380","FLOMIC","Flomic Global Logistics","X","1.0000","1","ES","E","BSE","44.0000","29.3400","","","80000"
"530855","GDLLEAS","GDL Leasing & Finance Ltd.","XT","1.0000","1","ES","E","BSE","77.7000","70.3000","","","80000"
"13081","TRIVENI","Triveni Engineering","EQ","5.0000","1","ES","E","NSE","455.2500","303.5500","","","263553"
"10440","LUPIN","Lupin","EQ","10.0000","1","ES","E","NSE","2545.2000","2082.6000","","","42962"
"507852","ADDIND","Addi Ind.","X","1.0000","1","ES","E","BSE","117.4800","78.3200","","","80000"
"519287","MODAIRY","Modern Dairies","X","1.0000","1","ES","E","BSE","39.1600","26.1200","","","80000"
"514264","SEASONST","Seasons Textiles","X","1.0000","1","ES","E","BSE","22.9200","15.2800","","","80000"
"519367","TRANSFD","Transglobe Foods","XT","5.0000","1","ES","E","BSE","445.5000","428.1000","","","80000"
"500174","GLFL","Gujarat Lease Financing","T","1.0000","1","ES","E","BSE","5.5800","5.0600","","","887012"
"521178","SRMCL","Sri Ramakrishna Mills (Co","X","1.0000","1","ES","E","BSE","42.0000","28.0000","","","80000"
"511066","SAKTHIFIN","Sakthi Finance","X","1.0000","1","ES","E","BSE","26.7600","17.8400","","","80000"
"533014","SICAGEN","Sicagen India","X","1.0000","1","ES","E","BSE","51.3300","34.2300","","","80000"
"540980","YSL","The Yamuna Syndicate","X","5.0000","1","ES","E","BSE","32400.0000","21600.0000","","","80000"
"1802","JYOTISTRUC","Jyoti Structures Ltd","EQ","1.0000","1","ES","E","NSE","10.7400","7.1600","","","11172657"
"504378","NYSSACORP","Nyssa Corporation","X","1.0000","1","ES","E","BSE","2.2700","2.0700","","","80000"
"539118","VRLLOG","VRL Logistics","B","5.0000","1","ES","E","BSE","280.4000","187.0000","","","427405"
"502157","MANGLMCEM","Mangalam Cement","B","5.0000","1","ES","E","BSE","917.3000","611.6000","","","130419"
"10457","ARVSMART","Arvind Smartspaces","EQ","5.0000","1","ES","E","NSE","602.7500","401.8500","","","199062"
"15239","BIRLAMONEY","Aditya Birla Money","EQ","1.0000","1","ES","E","NSE","116.0700","77.3900","","","1033779"
"827","DEEPAKFERT","Deepak Fertilizers & Petr","EQ","5.0000","1","ES","E","NSE","1090.8000","727.2000","","","109953"
"13572","MANUGRAPH","Manugraph India","EQ","1.0000","1","ES","E","NSE","11.7100","7.8100","","","994572"
"512047","ROYALIND","Royal India Corporation L","X","1.0000","1","ES","E","BSE","4.6200","4.1800","","","80000"
"531161","ABMKNO","Abm Knowledgeware","X","5.0000","1","ES","E","BSE","212.3000","173.7000","","","80000"
"17939","HINDCOPPER","Hindustan Copper","EQ","5.0000","1","ES","E","NSE","544.2000","362.8000","","","220481"
"538777","ASIACAP","Asia Capital","XT","1.0000","1","ES","E","BSE","37.8200","34.2200","","","80000"
"531228","RANDER","Rander Corporation","X","1.0000","1","ES","E","BSE","9.8900","9.5100","","","80000"
"15156","KALYANIFRG","Kalyani Forge Limited","EQ","5.0000","1","ES","E","NSE","655.7000","437.2000","","","118962"
"530759","STERTOOLS","Sterling Tools","B","5.0000","1","ES","E","BSE","192.2000","128.2000","","","620762"
"2331","JAYNECOIND","Jayaswal Neco Industr","EQ","1.0000","1","ES","E","NSE","78.7000","64.4000","","","1397266"
"10181","BALKRISHNA","Balkrishna Paper Mills","EQ","1.0000","1","ES","E","NSE","16.2000","10.8000","","","1053578"
"8139","BLBLIMITED","BLB Limited","BE","1.0000","1","ES","E","NSE","16.0800","14.5600","","","1728693"
"14154","UNOMINDA","UNO Minda","EQ","10.0000","1","ES","E","NSE","1134.7000","928.5000","","","96443"
"532113","BRIJLEAS","Brijlaxmi Leasing & Finanance","X","1.0000","1","ES","E","BSE","12.3500","11.1900","","","80000"
"18501","SABEVENTS","SAB Events & Governance","BE","1.0000","1","ES","E","NSE","8.9600","8.1200","","","342817"
"500333","PIXTRANS","Pix Transmissions","B","5.0000","1","ES","E","BSE","1733.8500","1155.9500","","","69393"
"539174","HELPAGE","Helpage Finlease","X","1.0000","1","ES","E","BSE","28.1400","18.7600","","","80000"
"531051","VINTAGES","Vintage Securities","X","1.0000","1","ES","E","BSE","11.9700","10.8300","","","80000"
"535387","LAKHOTIA","Lakhotia Polyesters","X","1.0000","1","ES","E","BSE","67.8300","61.3700","","","80000"
"4136","BIOFILCHEM","Biofil Chem & Pharma","EQ","1.0000","1","ES","E","NSE","28.3600","23.2200","","","532153"
"511611","DCMFINSERV","Dcm Financial Services","T","1.0000","1","ES","E","BSE","5.4600","4.9400","","","614170"
"517214","DIGISPICE","Digispice Technologies Li","B","1.0000","1","ES","E","BSE","18.4200","12.2800","","","6501883"
"193","ARVIND","Arvind","EQ","5.0000","1","ES","E","NSE","406.4000","271.0000","","","295141"
"533269","WABAG","Va Tech Wabag","A","5.0000","1","ES","E","BSE","1389.4000","926.3000","","","86349"
"500266","MAHSCOOTER","Maharashtra Scooters","A","5.0000","1","ES","E","BSE","13308.0500","8872.0500","","","8994"
"540719","SBILIFE","SBI Life Insurance","A","5.0000","1","ES","E","BSE","1955.4000","1599.9000","","","56168"
"19235","IMFA","Indian Metals & Ferro","EQ","10.0000","1","ES","E","NSE","1443.0000","962.0000","","","83143"
"3351","SUNPHARMA","Sun Pharmaceutical","EQ","10.0000","1","ES","E","NSE","1932.9000","1581.5000","","","55184"
"526441","VISIONCINE","Vision Cinemas","XT","1.0000","1","ES","E","BSE","1.1900","1.0900","","","80000"
"531784","KCLINFRA","Kcl Infra Projects Limited","X","1.0000","1","ES","E","BSE","1.5600","1.0400","","","80000"
"537291","NATHBIOGEN","Nath Bio-Genes Lt","B","5.0000","1","ES","E","BSE","153.1500","102.1500","","","621430"
"13400","BHAGERIA","Bhageria Industries","EQ","1.0000","1","ES","E","NSE","154.2400","102.8400","","","777957"
"4244","HDFCAMC","HDFC AMC","EQ","10.0000","1","ES","E","NSE","2438.0000","1994.8000","","","44982"
"8841","BCG","Brightcom Group Limited","BE","1.0000","1","ES","E","NSE","8.5700","7.7700","","","12238696"
"505688","BHARATGEAR","Bharat Gears","B","1.0000","1","ES","E","BSE","103.2000","68.8000","","","502110"
"538092","VASUPRADA","Joonktollee Tea & Industr","X","1.0000","1","ES","E","BSE","94.5000","85.5000","","","80000"
"505029","ATLASCYCLE","Atlas Cycles","B","1.0000","1","ES","E","BSE","94.8000","63.2000","","","212675"
"524000","POONAWALLA","Poonawalla Fincorp","A","5.0000","1","ES","E","BSE","442.0500","294.7500","","","270658"
"19292","TERASOFT","Tera Software","EQ","5.0000","1","ES","E","NSE","312.6500","282.9500","","","335793"
"4055","PANACEABIO","Panacea Biotec","EQ","5.0000","1","ES","E","NSE","355.2500","236.8500","","","337736"
"526125","BNAGROCHEM","BN Agrochem","B","5.0000","1","ES","E","BSE","262.8000","175.2000","","","80000"
"520059","MUNJALAU","Munjal Auto Industries","B","1.0000","1","ES","E","BSE","80.9400","53.9600","","","1475299"
"14838","DECCANCE","Deccan Cements","EQ","5.0000","1","ES","E","NSE","654.4500","436.3500","","","183344"
"526797","GREENPLY","Greenply Industries","B","5.0000","1","ES","E","BSE","216.1500","144.1500","","","554501"
"9685","TRIDENT","Trident","EQ","1.0000","1","ES","E","NSE","27.0100","18.0100","","","4438577"
"523826","SOVERDIA","Sovereign Diamonds","XT","1.0000","1","ES","E","BSE","20.5500","18.6100","","","80000"
"628","CESC","CESC","EQ","1.0000","1","ES","E","NSE","180.2000","120.1400","","","665436"
"526001","JAUSPOL","Jauss Polymers","XT","1.0000","1","ES","E","BSE","27.2700","24.6900","","","80000"
"521216","DHANROTO","Dhanalaxmi Roto Spinners","X","1.0000","1","ES","E","BSE","87.5700","58.3900","","","80000"
"16705","GOKUL","Gokul Refoils & Solv","EQ","1.0000","1","ES","E","NSE","41.5900","27.7300","","","2885110"
"540497","SCHAND","S Chand And Company","B","5.0000","1","ES","E","BSE","157.9500","105.3500","","","761173"
"533576","VASWANI","Vaswani Industries","B","1.0000","1","ES","E","BSE","59.9100","39.9500","","","1025019"
"532180","DHANBANK","Dhanlaxmi Bank","B","1.0000","1","ES","E","BSE","23.8000","15.8800","","","5091615"
"522205","PRAJIND","Praj Industries","A","5.0000","1","ES","E","BSE","381.7000","254.5000","","","314320"
"531982","SPECFOOD","Spectrum Foods","X","1.0000","1","ES","E","BSE","13.4600","8.9800","","","80000"
"8024","CINEVISTA","Cinevista Limited","EQ","1.0000","1","ES","E","NSE","15.7300","10.4900","","","1878172"
"531158","CATVISION","Catvision","X","1.0000","1","ES","E","BSE","16.9800","15.3800","","","80000"
"517467","MARSONS","Marsons","B","5.0000","1","ES","E","BSE","147.1000","98.1000","","","813172"
"530077","PURETROP","Puretrop fruits","X","5.0000","1","ES","E","BSE","213.5000","142.4000","","","80000"
"19025","KIRLOSIND","Kirloskar Industries","EQ","10.0000","1","ES","E","NSE","2966.8000","1978.0000","","","40440"
"15039","CERA","Cera Sanitaryware","EQ","10.0000","1","ES","E","NSE","5475.2000","3650.2000","","","21912"
"7406","GLENMARK","Glenmark Pharmaceuticals","EQ","10.0000","1","ES","E","NSE","2344.8000","1918.6000","","","46845"
"533208","EMAMIPAP","Emami Paper Mills","B","1.0000","1","ES","E","BSE","67.9500","45.3100","","","1767056"
"14788","SPARC","Sun Pharma Advanced Research","EQ","1.0000","1","ES","E","NSE","137.8600","91.9200","","","870307"
"3736","WALCHANNAG","Walchandnagar Industries","EQ","1.0000","1","ES","E","NSE","157.9800","105.3200","","","759559"
"532408","SIGMAADV","Sigma Advanced Systems","T","5.0000","1","ES","E","BSE","152.7500","138.2500","","","677817"
"505036","ACGL","Automobile Corporation Of Goa","B","5.0000","1","ES","E","BSE","1745.5000","1163.7000","","","80000"
"21427","THEINVEST","The Invest Trust Of India","EQ","1.0000","1","ES","E","NSE","109.3800","72.9200","","","1097086"
"504000","ELPROINTL","Elpro International","B","1.0000","1","ES","E","BSE","103.5600","69.0400","","","80000"
"512437","APOLLOFI","Apollo Finvest Lt","X","5.0000","1","ES","E","BSE","405.5000","270.4000","","","80000"
"541096","BPLPHARMA","Bharat Parenterals Limite","X","5.0000","1","ES","E","BSE","1080.3000","720.2000","","","80000"
"517385","SYMPHONY","Symphony","B","5.0000","1","ES","E","BSE","824.7000","549.8000","","","145240"
"500296","NAHARSPING","Nahar Spinning Mills","B","5.0000","1","ES","E","BSE","241.7000","161.2000","","","500009"
"6364","NATIONALUM","National Aluminium Co.Ltd","EQ","5.0000","1","ES","E","NSE","424.7000","347.5000","","","258965"
"530571","EXPLICITFIN","Explicit Finance","X","1.0000","1","ES","E","BSE","11.2200","10.1600","","","80000"
"500033","FORCEMOT","Force Motors","A","5.0000","1","ES","E","BSE","21343.6500","17463.0500","","","5148"
"14552","PHOENIXLTD","The Phoenix Mills","EQ","10.0000","1","ES","E","NSE","1656.9000","1355.7000","","","66162"
"532613","VIPCLOTHNG","VIP Clothing Limited","B","1.0000","1","ES","E","BSE","17.9400","11.9600","","","2947235"
"513511","PANCHMAHQ","Panchmahal Steel","X","5.0000","1","ES","E","BSE","343.0000","228.7000","","","80000"
"11667","DWARKESH","Dwarikesh Sugar","EQ","1.0000","1","ES","E","NSE","55.1000","36.7400","","","2177662"
"539045","MANAKALUCO","Manaksia Aluminium Company","T","1.0000","1","ES","E","BSE","22.8400","20.6800","","","2142963"
"14339","GANESHHOU","Ganesh Housing","EQ","5.0000","1","ES","E","NSE","607.4000","405.0000","","","197544"
"16123","BHARATWIRE","Bharat Wire Ropes","EQ","1.0000","1","ES","E","NSE","189.0600","126.0400","","","634682"
"520155","STARLOG","Starlog Enterprises Limit","X","1.0000","1","ES","E","BSE","44.8500","29.9100","","","80000"
"500020","BOMDYEING","Bombay Dyeing","A","1.0000","1","ES","E","BSE","111.1800","74.1200","","","1078525"
"17903","ABBOTINDIA","Abbott India","EQ","500.0000","1","ES","E","NSE","31095.0000","20735.0000","","","3846"
"19108","ROLLT","Rollatainers Limited","BE","1.0000","1","ES","E","NSE","1.1400","1.0400","","","8179250"
"540133","ICICIPRULI","ICICI Prudential Life Ins.","A","5.0000","1","ES","E","BSE","559.6500","457.9500","","","195646"
"540692","APEX","Apex Frozen Foods","B","5.0000","1","ES","E","BSE","398.7500","326.2500","","","275593"
"509525","EMPIND","Empire Ind.","X","5.0000","1","ES","E","BSE","999.1000","666.1000","","","80000"
"17400","NHPC","Nhpc","EQ","1.0000","1","ES","E","NSE","81.0900","66.3500","","","1356079"
"531633","LINCOLN","Lincoln Pharma","B","5.0000","1","ES","E","BSE","620.7500","507.9500","","","177002"
"275","AUROPHARMA","Aurobindo Pharma","EQ","10.0000","1","ES","E","NSE","1434.8000","1174.0000","","","76085"
"542141","TECHNOE","Techno Elec & Eng Co.","A","5.0000","1","ES","E","BSE","1182.3000","788.2000","","","101413"
"500207","INDORAMA","Indo Rama Synthetics","B","1.0000","1","ES","E","BSE","35.9700","23.9900","","","3323187"
"22","ACC","ACC","EQ","10.0000","1","ES","E","NSE","1505.5000","1003.7000","","","79621"
"154","APCOTEXIND","Apcotex Industries Limite","EQ","5.0000","1","ES","E","NSE","376.9000","251.3000","","","318328"
"1681","IVP","IVP Ltd","EQ","1.0000","1","ES","E","NSE","134.2400","89.5000","","","337668"
"539518","UDAYJEW","Uday Jewellery Industries","X","5.0000","1","ES","E","BSE","140.8500","93.9500","","","80000"
"500240","KINETICENG","Kinetic Eng.","X","5.0000","1","ES","E","BSE","225.1500","150.1500","","","80000"
"530213","FORINTL","Fortune International","X","1.0000","1","ES","E","BSE","76.5200","51.0200","","","80000"
"532504","NAVINFLUOR","Navin Fluorine","A","5.0000","1","ES","E","BSE","7388.3000","4925.6000","","","16189"
"531307","RRIL","RRIL","X","1.0000","1","ES","E","BSE","17.7000","11.8000","","","80000"
"504646","BGWTATO","Bhagwati Autocast","X","5.0000","1","ES","E","BSE","550.2500","366.8500","","","80000"
"531257","PRATIKSH","Pratiksha Chemicals","X","1.0000","1","ES","E","BSE","18.5100","15.1500","","","80000"
"17424","GLOBUSSPR","Globus Spirits","EQ","5.0000","1","ES","E","NSE","963.0500","642.0500","","","124585"
"513059","GSAUTO","G.S.Auto International Lt","X","1.0000","1","ES","E","BSE","34.6300","23.0900","","","80000"
"532334","HBESD","HB Estate Developers","X","1.0000","1","ES","E","BSE","68.5200","45.6800","","","80000"
"3518","TORNTPHARM","Torrent Pharmaceuticals","EQ","10.0000","1","ES","E","NSE","4642.2000","3798.2000","","","23691"
"25879","BFUTILITIE","Bf Utilities Limited","BZ","5.0000","1","ES","E","NSE","390.2500","353.1500","","","269022"
"538596","CEMAINFRA","Cemantic Infra Tech","XT","1.0000","1","ES","E","BSE","5.1100","4.6300","","","80000"
"538837","JSTL","Jeevan Scientific Techno.","X","1.0000","1","ES","E","BSE","67.2000","60.8000","","","80000"
"540961","SHIVAMILLS","Shiva Mills","B","1.0000","1","ES","E","BSE","59.6400","39.7600","","","282587"
"501421","TECHNVISN","Technvision Ventures","X","5.0000","1","ES","E","BSE","5764.4000","5215.5000","","","80000"
"3594","UNITECH","Unitech Ltd","EQ","1.0000","1","ES","E","NSE","3.7900","2.5300","","","31644161"
"531387","HASTIFIN","Hasti Finance","X","1.0000","1","ES","E","BSE","8.4600","8.1400","","","80000"
"520127","BALTE","Balurghat Technologies Lt","X","1.0000","1","ES","E","BSE","11.0000","7.3400","","","80000"
"10925","GODREJIND","Godrej Industries","EQ","5.0000","1","ES","E","NSE","898.8000","599.2000","","","133374"
"539854","HALDER","Halder Venture","B","5.0000","1","ES","E","BSE","264.0500","238.9500","","","406727"
"526071","STELLANT","Stellant Securities","XT","5.0000","1","ES","E","BSE","683.8000","637.8500","","","80000"
"10990","RADICO","Radico Khaitan","EQ","10.0000","1","ES","E","NSE","3155.1000","2103.5000","","","38027"
"534758","CIGNITITEC","Cigniti Technologies","A","5.0000","1","ES","E","BSE","1313.5500","875.7500","","","91428"
"531578","KMFBLDR","Kmf Builders & Developers","XT","1.0000","1","ES","E","BSE","7.5100","6.8100","","","80000"
"533218","EMAMIREAL","Emami Realty","B","1.0000","1","ES","E","BSE","65.9400","43.9600","","","1433368"
"1491","IFCI","IFCI","EQ","1.0000","1","ES","E","NSE","57.4500","38.3100","","","2088093"
"532507","BAGFILMS","B.A.G.Films & Media","B","1.0000","1","ES","E","BSE","4.3500","2.9100","","","6466351"
"534369","TBZ","Tribhovandas Bhimji Zaver","B","5.0000","1","ES","E","BSE","133.8000","89.2000","","","896726"
"15124","KOLTEPATIL","Kolte-Patil Developers Lt","EQ","5.0000","1","ES","E","NSE","355.0500","236.7500","","","337871"
"11140","SUMIT","Sumit Woods Limited","EQ","1.0000","1","ES","E","NSE","51.1100","41.8300","","","1480288"
"11536","TCS","Tata Consultancy Services","EQ","10.0000","1","ES","E","NSE","2594.7000","2123.1000","","","39798"
"500173","GFLLIMITED","GFL","B","1.0000","1","ES","E","BSE","45.1600","30.1200","","","2663752"
"507872","ASHNOOR","Ashnoor Textile Mills","X","1.0000","1","ES","E","BSE","42.2400","28.1600","","","80000"
"538895","MIHIKA","Mihika Industries","X","1.0000","1","ES","E","BSE","10.3800","6.9200","","","80000"
"6286","GULPOLY","Gulshan Polyols","EQ","1.0000","1","ES","E","NSE","172.8400","115.2400","","","694246"
"539620","KEIL","Kanoria Energy and Infra.","X","1.0000","1","ES","E","BSE","13.8100","9.2100","","","80000"
"531319","MGIL","Maruti Securities","X","1.0000","1","ES","E","BSE","38.2000","25.4800","","","80000"
"1811","KAKATCEM","Kakatiya Cement Sugar & Ind.","EQ","1.0000","1","ES","E","NSE","102.0900","68.0700","","","254205"
"11840","NH","Narayana Hrudayalaya","EQ","10.0000","1","ES","E","NSE","1926.3000","1284.3000","","","62125"
"17675","ALOKINDS","Alok Industries","EQ","1.0000","1","ES","E","NSE","13.4100","8.9500","","","8942397"
"530125","SAMRATPH","Samrat Pharmachem","X","5.0000","1","ES","E","BSE","233.9000","156.0000","","","80000"
"531599","FDC","FDC","B","5.0000","1","ES","E","BSE","385.4000","257.0000","","","311292"
"2909","RICOAUTO","Rico Auto Industries","EQ","1.0000","1","ES","E","NSE","120.5800","80.4000","","","995021"
"539252","SHYAMCENT","Shyam Century Ferrous","B","1.0000","1","ES","E","BSE","3.8500","3.4900","","","6938056"
"539278","SYMBIOX","Symbiox Investment","X","1.0000","1","ES","E","BSE","1.6000","1.3200","","","80000"
"514183","BLACKROSE","Black Rose Industries","X","1.0000","1","ES","E","BSE","76.4000","50.9400","","","80000"
"524288","AIMCOPEST","Aimco Pesticides","X","1.0000","1","ES","E","BSE","43.2100","28.8100","","","80000"
"8175","SAGARDEEP","Sagardeep Alloys Limited","EQ","1.0000","1","ES","E","NSE","26.4200","17.6200","","","557776"
"514448","JYOTIRES","Jyoti Resins & Adhesives","B","5.0000","1","ES","E","BSE","844.4000","563.0000","","","80000"
"500540","PREMIER","Premier","T","1.0000","1","ES","E","BSE","2.8500","2.5900","","","993183"
"533007","LGBFORGE","Lgb Forge","X","1.0000","1","ES","E","BSE","6.0600","4.0400","","","80000"
"181","ARENTERP","Rajdarshan Industries","EQ","1.0000","1","ES","E","NSE","37.5200","25.0200","","","101641"
"21406","AVADHSUGAR","Avadh Sug & Energy","EQ","5.0000","1","ES","E","NSE","563.2500","375.5500","","","213036"
"3496","TIRUMALCHM","Thirumalai Chemicals","EQ","1.0000","1","ES","E","NSE","198.3800","132.2600","","","604813"
"500252","LMW","Lmw","A","5.0000","1","ES","E","BSE","14333.6000","9555.8000","","","8332"
"539218","SAUMYA","Saumya Consultants","X","5.0000","1","ES","E","BSE","152.9000","138.4000","","","80000"
"509870","SHAHCON","Shah Construction","X","1.0000","1","ES","E","BSE","63.7700","57.7100","","","80000"
"9431","NORBTEAEXP","Norben Tea &Exports Ltd","BE","1.0000","1","ES","E","NSE","95.1000","86.0600","","","508292"
"532744","GTNTEX","GTN Textiles","XT","1.0000","1","ES","E","BSE","9.0300","8.1700","","","80000"
"511000","MADHUSE","Madhusudan Securities","X","1.0000","1","ES","E","BSE","21.6000","14.4000","","","80000"
"11705","XCHANGING","Xchanging Solutions","EQ","1.0000","1","ES","E","NSE","57.3400","38.2400","","","2092384"
"539268","SYNGENE","Syngene International","A","5.0000","1","ES","E","BSE","468.3000","312.2000","","","256269"
"184","TCPLPACK","Tcpl Packaging","EQ","10.0000","1","ES","E","NSE","2735.0000","1823.4000","","","43871"
"513361","INDIAHOMES","India Homes","X","1.0000","1","ES","E","BSE","16.5100","11.0100","","","80000"
"40","AEGISLOG","Aegis Logistics","EQ","5.0000","1","ES","E","NSE","718.3500","478.9500","","","166724"
"19556","BHANDARI","Bhandari Hosiery Exp","EQ","1.0000","1","ES","E","NSE","2.4300","1.6300","","","14129322"
"8546","CHALET","Chalet Hotels","EQ","5.0000","1","ES","E","NSE","842.7500","561.8500","","","142339"
"505283","KIRLPNU","Kirloskar Pneumatic Co.","A","5.0000","1","ES","E","BSE","1243.7000","829.2000","","","96129"
"526397","ALPHAGEO","Alphageo","B","5.0000","1","ES","E","BSE","201.1500","134.1500","","","208127"
"503837","SHRAJSYNQ","Shree Rajasthan Syntex","X","1.0000","1","ES","E","BSE","12.5600","11.3800","","","80000"
"523186","BAPACK","B&A Packaging India Limit","X","5.0000","1","ES","E","BSE","200.7000","133.8000","","","80000"
"21091","STARCEMENT","Star Cement","EQ","1.0000","1","ES","E","NSE","243.8800","162.6000","","","492027"
"538918","VANICOM","Vani Commercials","X","1.0000","1","ES","E","BSE","8.6500","5.7700","","","80000"
"531397","POLYCON","Polycon International","XT","1.0000","1","ES","E","BSE","24.2700","21.9700","","","80000"
"3821","ZODIACLOTH","Zodiac Clothing","EQ","1.0000","1","ES","E","NSE","71.4400","47.6400","","","897880"
"532810","PFC","Power Finance Corporation","A","5.0000","1","ES","E","BSE","417.6000","341.7000","","","260708"
"511712","RELICTEC","Relic Technologies","X","1.0000","1","ES","E","BSE","74.8700","61.2700","","","80000"
"532878","ALPA","Alpa Laboratories","B","1.0000","1","ES","E","BSE","55.5000","37.0000","","","688027"
"540776","5PAISA","5Paisa Capital","B","5.0000","1","ES","E","BSE","297.8000","198.6000","","","401405"
"531255","PARAGONF","Paragon Finance","X","1.0000","1","ES","E","BSE","64.6200","43.0800","","","80000"
"21683","BRNL","Bharat Road Network","EQ","1.0000","1","ES","E","NSE","20.3200","13.5600","","","2745164"
"919","EIHOTEL","EIH Hotels","EQ","5.0000","1","ES","E","NSE","328.2500","218.8500","","","365212"
"512109","AVIVA","Aviva Industries","X","1.0000","1","ES","E","BSE","60.5500","58.1900","","","80000"
"1235","GREAVESCOT","Greaves Cotton","EQ","1.0000","1","ES","E","NSE","144.7300","96.4900","","","829110"
"1476","IDBI","IDBI Bank","EQ","1.0000","1","ES","E","NSE","67.6500","55.3500","","","1623612"
"500295","VEDL","Vedanta","A","5.0000","1","ES","E","BSE","720.3000","589.4000","","","152505"
"500189","NDLVENTURE","Nxtdigital","B","5.0000","1","ES","E","BSE","141.1000","94.1000","","","854686"
"538395","NAM","Nam Securities","XT","1.0000","1","ES","E","BSE","91.8200","83.0800","","","80000"
"22602","PFS","PTC India Fin Serv","EQ","1.0000","1","ES","E","NSE","28.8100","19.2100","","","4164565"
"500425","AMBUJACEM","Ambuja Cements","A","5.0000","1","ES","E","BSE","440.9500","360.8500","","","247182"
"19126","KIOCL","KIOCL","EQ","5.0000","1","ES","E","NSE","380.2500","253.5500","","","315422"
"539040","TIRUPATIIN","Tirupati Innovar","X","1.0000","1","ES","E","BSE","6.6400","4.4400","","","80000"
"20182","ASHOKA","Ashoka Buildcon","EQ","1.0000","1","ES","E","NSE","122.5500","81.7100","","","978881"
"522014","UNIDT","United Drilling Tools","B","5.0000","1","ES","E","BSE","176.1500","117.4500","","","663912"
"517544","CENTUM","Centum Electronics","B","5.0000","1","ES","E","BSE","3318.1500","2212.1500","","","36174"
"523384","MAHAPEXLTD","Maha Rashtra Apex Corpora","B","1.0000","1","ES","E","BSE","59.7600","39.8400","","","925416"
"14667","KMSUGAR","K M Sugar Mills","EQ","1.0000","1","ES","E","NSE","30.1800","20.1200","","","3008405"
"539552","FMEC","F Mec International Finan","X","1.0000","1","ES","E","BSE","85.5200","77.3800","","","80000"
"516016","SHREYANIND","Shreyans Industries","B","5.0000","1","ES","E","BSE","149.9000","100.0000","","","452077"
"539126","MEP","Mep Infrastructure Development.","Z","1.0000","1","ES","E","BSE","0.8900","0.8700","","","5998685"
"530899","ASIAPAK","Asia Pack","X","1.0000","1","ES","E","BSE","40.7900","36.9100","","","80000"
"539015","ORTEL","Ortel Communications","Z","1.0000","1","ES","E","BSE","1.7700","1.6100","","","1078344"
"521080","PASARI","Pasari Spinning Mills","X","1.0000","1","ES","E","BSE","7.7500","5.1700","","","80000"
"500493","BHARATFORG","Bharat Forge","A","5.0000","1","ES","E","BSE","1843.6500","1508.4500","","","59282"
"522165","INDSILHYD","Indsil Hydro Power And Ma","X","1.0000","1","ES","E","BSE","36.1900","24.1300","","","80000"
"530175","ODYSSEY","Odyssey Technologies","X","1.0000","1","ES","E","BSE","42.2100","28.1500","","","80000"
"508963","TRUSTWAVE","Sterling Guaranty Finance","X","1.0000","1","ES","E","BSE","14.5700","13.1900","","","80000"
"509782","OSEASPR","Oseaspre Consultants","XT","1.0000","1","ES","E","BSE","26.9200","2.7000","","","80000"
"531746","PRAENG","Prajay Engineers Syndicate","B","1.0000","1","ES","E","BSE","19.5800","16.0200","","","2286900"
"533146","DLINKINDIA","D-Link","B","5.0000","1","ES","E","BSE","453.6500","302.4500","","","264724"
"530197","FUNDVISER","Fundraiser Capital(India)","XT","5.0000","1","ES","E","BSE","401.1000","362.9000","","","80000"
"532432","UNITDSPR","United Spirits","A","5.0000","1","ES","E","BSE","1340.9500","1097.1500","","","81463"
"533166","SUNDARAM","Sundaram Multi Pap","B","1.0000","1","ES","E","BSE","1.3400","0.9000","","","15495803"
"509820","HUHTAMAKI","Huhtamaki India","B","5.0000","1","ES","E","BSE","180.1500","120.1500","","","667085"
"519600","CCL","CCL Products","A","5.0000","1","ES","E","BSE","1245.9500","830.6500","","","96006"
"526570","MIDWEST","Midwest Gold","T","5.0000","1","ES","E","BSE","5378.2000","4866.0000","","","80000"
"500327","PILITA","PIL Italica Lifestyle","B","1.0000","1","ES","E","BSE","7.7100","5.1500","","","7684499"
"532369","RAMCOIND","Ramco Industries","B","5.0000","1","ES","E","BSE","280.5500","187.0500","","","427694"
"542907","PRINCEPIPE","Prince Pipes And Fittings","B","5.0000","1","ES","E","BSE","247.0000","164.7000","","","485252"
"13920","PLASTIBLEN","Plastiblends India","EQ","1.0000","1","ES","E","NSE","145.8800","97.2600","","","822558"
"522105","BIRLAPREC","Birla Precision Technolog","X","1.0000","1","ES","E","BSE","31.3300","20.8900","","","80000"
"530079","FAZE3Q","Faze Three","T","5.0000","1","ES","E","BSE","400.8500","362.7500","","","264566"
"20323","RESPONIND","Responsive Industries","EQ","1.0000","1","ES","E","NSE","152.4100","101.6100","","","787295"
"506122","VOLKAI","Kairosoft AI Solutions","XT","1.0000","1","ES","E","BSE","44.3200","40.1000","","","80000"
"530931","STANPACK","Stanpacks","X","1.0000","1","ES","E","BSE","9.9400","9.0000","","","80000"
"532531","STAR","Strides Pharma Science","A","5.0000","1","ES","E","BSE","1125.3000","750.2000","","","106551"
"532402","USGTECH","USG Tech Solutions","X","1.0000","1","ES","E","BSE","8.3500","5.5700","","","80000"
"542669","BMW","Bmw Industries","B","1.0000","1","ES","E","BSE","32.0400","21.3600","","","80000"
"2088","MAHSEAMLES","Maharashtra Seamless","EQ","5.0000","1","ES","E","NSE","672.1500","448.1500","","","178487"
"24391","DELPHIFX","Delphi World Money Ltd","EQ","1.0000","1","ES","E","NSE","9.6200","6.4200","","","8020256"
"500670","GNFC","Gujarat Narmada Valley F&C","A","5.0000","1","ES","E","BSE","439.1000","292.8000","","","272868"
"530315","HINDTIN","Hindustan Tin Works","X","1.0000","1","ES","E","BSE","105.9000","70.6000","","","80000"
"523425","SUNRAJDI","Sunraj Diamond Exports Lt","XT","1.0000","1","ES","E","BSE","18.3600","16.6200","","","80000"
"531652","UVS","UVS Hospitality and services","X","1.0000","1","ES","E","BSE","90.1300","73.7500","","","80000"
"532834","CAMLINFINE","Camlin Fine Sciences","A","1.0000","1","ES","E","BSE","116.3400","77.5600","","","1031531"
"541578","VARROC","Varroc Engineering","A","5.0000","1","ES","E","BSE","561.7000","374.5000","","","213900"
"532514","IGL","Indraprastha Gas","A","5.0000","1","ES","E","BSE","174.7500","116.5500","","","686000"
"530545","COSCO","Cosco","X","5.0000","1","ES","E","BSE","200.6000","133.8000","","","80000"
"25492","ONELIFECAP","Onelife Cap Advisors","EQ","1.0000","1","ES","E","NSE","15.8600","14.3600","","","1221671"
"522217","GUJAPOLLO","Gujarat Apollo Industries","B","5.0000","1","ES","E","BSE","477.3500","318.2500","","","252422"
"1145","GIPCL","Gujarat Industries Power","EQ","1.0000","1","ES","E","NSE","144.9600","96.6400","","","827766"
"506109","GENESYS","Genesys International Corp.","B","5.0000","1","ES","E","BSE","248.9000","166.0000","","","482135"
"532313","MAHLIFE","Mahindra Lifespace Develo","A","5.0000","1","ES","E","BSE","353.1500","235.4500","","","339641"
"504092","INDOKEM","Indokem","T","5.0000","1","ES","E","BSE","519.0500","469.6500","","","80000"
"11271","DREDGECORP","Dredging Corp. Of India","EQ","5.0000","1","ES","E","NSE","922.2500","614.8500","","","130087"
"523519","UNIOFFICE","Universal Office Automati","XT","1.0000","1","ES","E","BSE","6.2500","5.6700","","","80000"
"533602","LESHAIND","Lesha Industries","X","1.0000","1","ES","E","BSE","0.8200","0.5600","","","80000"
"539288","AVI","Avi Polymers","XT","1.0000","1","ES","E","BSE","17.6000","15.9400","","","80000"
"29016","CEREBRAINT","Cerebra Int Tech Ltd","BZ","1.0000","1","ES","E","NSE","3.8700","3.5100","","","3661957"
"524816","NATCOPHARM","Natco Pharma","A","5.0000","1","ES","E","BSE","1170.0000","780.0000","","","102629"
"514286","ASHIMASYN","Ashima","B","1.0000","1","ES","E","BSE","14.1800","9.4600","","","6267284"
"531644","TOKYOFIN","Tokyo Finance","X","1.0000","1","ES","E","BSE","23.5200","15.6800","","","80000"
"505242","DYNAMATECH","Dynamatic Tech.","B","5.0000","1","ES","E","BSE","10806.8000","7204.6000","","","11097"
"17279","BLS","Bls International Service","EQ","1.0000","1","ES","E","NSE","282.7800","188.5200","","","424093"
"503806","SRF","SRF","A","5.0000","1","ES","E","BSE","2680.9000","2193.5000","","","40906"
"539119","JAINMARMO","Jain Marmo Industries","X","1.0000","1","ES","E","BSE","22.1000","20.0000","","","80000"
"519156","VADILALIND","Vadilal Industries","B","5.0000","1","ES","E","BSE","4909.0000","3272.7000","","","24445"
"4235","WENDT","WENDT","EQ","50.0000","1","ES","E","NSE","7109.0000","4740.0000","","","16877"
"532398","UMESLTD","Usha Martin Education","T","1.0000","1","ES","E","BSE","6.8800","6.2400","","","863797"
"532762","ACE","Action Construction Equip","A","5.0000","1","ES","E","BSE","898.7000","599.2000","","","133492"
"526193","ROYALCU","Royal Cushion Vinyl Products","X","1.0000","1","ES","E","BSE","17.0500","13.9500","","","80000"
"538922","COSYN","Cosyn","X","1.0000","1","ES","E","BSE","23.2800","15.5200","","","80000"
"3186","SKFINDIA","SKF","EQ","10.0000","1","ES","E","NSE","1696.4000","1131.0000","","","70696"
"538567","GULFOILLUB","Gulf Oil Lubricants India","B","5.0000","1","ES","E","BSE","1063.8500","709.2500","","","112385"
"530365","ORIENTBELL","Orient Bell","B","5.0000","1","ES","E","BSE","303.9500","202.6500","","","396270"
"500069","QUESTCAP","BNK Capital Markets","X","5.0000","1","ES","E","BSE","269.5000","179.7000","","","80000"
"79","ALEMBICLTD","Alembic","EQ","1.0000","1","ES","E","NSE","85.0800","56.7200","","","1410245"
"532123","BSELALGO","Bsel Infrastructure Realt","X","1.0000","1","ES","E","BSE","3.8600","2.5800","","","80000"
"530163","KERALAYUR","Kerala Ayurveda","X","5.0000","1","ES","E","BSE","189.3000","126.2000","","","80000"
"532155","GAIL","GAIL","A","5.0000","1","ES","E","BSE","151.4500","123.9500","","","723260"
"13121","KERNEX","Kernex Microsys(I) Ltd","EQ","5.0000","1","ES","E","NSE","1028.4000","685.6000","","","116676"
"526409","KKALPANAIND","Kkalpana Industries","X","1.0000","1","ES","E","BSE","7.7200","5.1600","","","80000"
"532309","GVPIL","GE Power India","T","5.0000","1","ES","E","BSE","401.9000","363.7000","","","260304"
"531235","CITIPOR","Citiport Financial Servic","XT","1.0000","1","ES","E","BSE","40.4300","38.8500","","","80000"
"523232","CONTPTR","Continental Petroleums","X","1.0000","1","ES","E","BSE","91.8700","61.2500","","","80000"
"539391","ACME","Acme Resources","Z","1.0000","1","ES","E","BSE","30.3400","27.4600","","","80000"
"514312","JAIHINDS","Jaihind Synthetics","XT","1.0000","1","ES","E","BSE","45.5100","41.1900","","","80000"
"504840","KAIRA","Kaira Can","X","5.0000","1","ES","E","BSE","1179.5000","1067.2000","","","80000"
"503031","PENINLAND","Peninsula Land","B","1.0000","1","ES","E","BSE","17.0200","11.3600","","","7147747"
"532181","GMDCLTD","Gujarat Mineral Dev Corp","A","5.0000","1","ES","E","BSE","678.9000","452.6000","","","176489"
"541450","ADANIGREEN","Adani Green Energy","A","5.0000","1","ES","E","BSE","887.4500","726.1500","","","123538"
"17875","GODREJPROP","Godrej Properties","EQ","10.0000","1","ES","E","NSE","1618.4000","1324.2000","","","67771"
"500042","BASF","BASF India","A","5.0000","1","ES","E","BSE","3857.7500","2571.8500","","","31079"
"9253","NILAINFRA","Nila Infrastructures","EQ","1.0000","1","ES","E","NSE","7.1400","4.7600","","","12880176"
"3339","SUNDARMFIN","Sundaram Finance","EQ","10.0000","1","ES","E","NSE","5250.6000","3500.4000","","","22776"
"530201","KALLAM","Kallam Textiles","X","1.0000","1","ES","E","BSE","2.8200","1.8800","","","80000"
"532339","COMPUSOFT","Compucom Software","B","1.0000","1","ES","E","BSE","14.7100","9.8100","","","2587393"
"10940","DIVISLAB","Divis Laboratories","EQ","50.0000","1","ES","E","NSE","6541.5000","5352.5000","","","16724"
"500354","RAJSREESUG","Rajshree Sugars & Chemicals","B","1.0000","1","ES","E","BSE","32.9200","21.9600","","","1083534"
"531802","PRERINFRA","Prerna Infrabuild","X","1.0000","1","ES","E","BSE","25.0400","16.7000","","","80000"
"512477","BETXIND","Betex India","XT","5.0000","1","ES","E","BSE","388.5000","351.5000","","","80000"
"505714","GABRIEL","Gabriel India","A","5.0000","1","ES","E","BSE","990.6000","660.4000","","","120948"
"1214","DELTAMAGNT","Delta Manufacturing Ltd","EQ","1.0000","1","ES","E","NSE","55.4400","36.9600","","","354831"
"3787","WIPRO","Wipro","EQ","1.0000","1","ES","E","NSE","206.4000","168.8800","","","524406"
"533329","INDTERRAIN","Indian Terrain Fashions","B","1.0000","1","ES","E","BSE","29.9600","19.9800","","","1656822"
"500350","RSWM","RSWM","B","5.0000","1","ES","E","BSE","145.2000","96.8000","","","828283"
"9380","IL&FSENGG","Il&Fs Engineering","BZ","1.0000","1","ES","E","NSE","24.3100","22.0100","","","4287659"
"1442","SANOFI","Sanofi India","EQ","10.0000","1","ES","E","NSE","3851.6000","2567.8000","","","31137"
"531661","HITTCO","Hittco Tools","X","1.0000","1","ES","E","BSE","11.9400","7.9600","","","80000"
"532528","DATAMATICS","Datamatics Global Service","B","5.0000","1","ES","E","BSE","763.7000","509.2000","","","156868"
"19599","PRAKASHSTL","Prakash Steelage Ltd","EQ","1.0000","1","ES","E","NSE","4.2000","3.8000","","","5722512"
"500890","MODIRUBBER","Modi Rubber","B","5.0000","1","ES","E","BSE","116.9000","95.7000","","","818825"
"526668","KAMATHOTEL","Kamat Hotels","B","5.0000","1","ES","E","BSE","172.9000","115.3000","","","699001"
"508494","WARRENTEA","Warren Tea","X","1.0000","1","ES","E","BSE","43.4100","28.9500","","","80000"
"512022","WINROC","Winro Commercial","XT","5.0000","1","ES","E","BSE","256.6500","232.2500","","","80000"
"522004","BATLIBOI","Batliboi","X","1.0000","1","ES","E","BSE","81.2600","54.1800","","","80000"
"532365","DSSL","Dynacons Sys & Soln","B","5.0000","1","ES","E","BSE","943.0000","628.7000","","","127406"
"537766","BCP","B.C. Power Controls","X","1.0000","1","ES","E","BSE","1.6000","1.3200","","","80000"
"526761","HOWARHO","Howard Hotels","X","1.0000","1","ES","E","BSE","29.6200","19.7600","","","80000"
"526355","DUROPACK","Duropack","X","1.0000","1","ES","E","BSE","50.6800","33.8000","","","80000"
"14687","GOACARBON","Goa Carbon","EQ","5.0000","1","ES","E","NSE","330.4500","220.3500","","","299239"
"11896","GEOJITFSL","Geojit Financial Services","EQ","1.0000","1","ES","E","NSE","63.0400","42.0400","","","1903054"
"2799","CHEMFAB","Chemfab Alkalis","EQ","5.0000","1","ES","E","NSE","351.4500","234.3500","","","341404"
"541771","AMINTAN","Amin Tannery","X","1.0000","1","ES","E","BSE","1.5100","1.0100","","","80000"
"526847","ASHSI","Ashirwad Steels & Industr","X","1.0000","1","ES","E","BSE","20.5200","13.6800","","","80000"
"539253","SURYAINDIA","Surya India","X","1.0000","1","ES","E","BSE","19.1600","17.3400","","","80000"
"521220","DAMODARIND","Damodar Industries","B","1.0000","1","ES","E","BSE","24.0000","16.0000","","","761909"
"524520","KMCSHIL","KMC Speciality Hospitals","B","1.0000","1","ES","E","BSE","94.5000","63.0000","","","80000"
"530697","ZENLABS","Zenlabs Ethica","X","1.0000","1","ES","E","BSE","20.8400","13.9000","","","80000"
"537750","KIRANVYPAR","Kiran Vyapar","X","5.0000","1","ES","E","BSE","191.2500","127.5500","","","80000"
"10753","UNIONBANK","Union Bank Of India","EQ","1.0000","1","ES","E","NSE","180.6200","147.7800","","","603054"
"9342","PNC","Pritish Nandy Communicati","EQ","1.0000","1","ES","E","NSE","19.8700","13.2500","","","473070"
"500294","NCC","NCC","A","5.0000","1","ES","E","BSE","157.0500","104.7500","","","763461"
"533137","DEN","Den Networks","B","1.0000","1","ES","E","BSE","27.5800","18.4000","","","4351327"
"539678","QUICKHEAL","Quick Heal Technologies","B","5.0000","1","ES","E","BSE","151.3000","100.9000","","","796575"
"517041","ADOR","Ador Welding","B","5.0000","1","ES","E","BSE","1048.2500","698.8500","","","113884"
"4953","ADROITINFO","Adroit Infotech Limited","EQ","1.0000","1","ES","E","NSE","9.8700","6.5900","","","1771594"
"18822","ENDURANCE","Endurance Technologies","EQ","10.0000","1","ES","E","NSE","2656.6000","1771.2000","","","45152"
"512595","MANBRO","Unimode Overseas","XT","1.0000","1","ES","E","BSE","89.8800","81.3200","","","80000"
"17695","VIJIFIN","Viji Finance Limited","BE","1.0000","1","ES","E","NSE","3.0300","2.7500","","","4659749"
"526921","21STCENMGM","Twentyfirst Century Manag","B","1.0000","1","ES","E","BSE","30.4300","29.2500","","","343349"
"540595","TEJASNET","Tejas Networks","A","5.0000","1","ES","E","BSE","426.1000","348.7000","","","258855"
"502090","SAGCEM","Sagar Cements","B","5.0000","1","ES","E","BSE","183.1500","122.1500","","","652884"
"509196","MMRUBBR-B","MM Rubber Company","X","1.0000","1","ES","E","BSE","66.0700","44.0500","","","80000"
"511116","QUADRANT","Quadrant Televentures","XT","1.0000","1","ES","E","BSE","0.3400","0.3200","","","80000"
"533629","TIJARIA","Tijaria Polypipes","T","1.0000","1","ES","E","BSE","4.2500","3.8500","","","936089"
"11892","VHL","Vardhman Holdings","EQ","10.0000","1","ES","E","NSE","3572.2000","2381.6000","","","33589"
"500777","TNPETRO","Tamilnadu Petroproducts","B","1.0000","1","ES","E","BSE","95.9600","63.9800","","","1250243"
"532621","MORARJEE","Morarjee Textiles","Z","1.0000","1","ES","E","BSE","7.5300","6.8300","","","1188067"
"17933","BEARDSELL","Beardsell","EQ","1.0000","1","ES","E","NSE","24.3600","16.2400","","","1289589"
"14490","NCLIND","NCL Industries","EQ","1.0000","1","ES","E","NSE","177.8000","118.5400","","","674873"
"530809","BNRUDY","Bnr Udyog","X","1.0000","1","ES","E","BSE","39.1000","26.0800","","","80000"
"531506","SKRABUL","Shukra Bullions","XT","1.0000","1","ES","E","BSE","39.5800","38.0400","","","80000"
"21174","CDSL","CDSL","EQ","10.0000","1","ES","E","NSE","1231.3000","1007.5000","","","89242"
"1196","KANSAINER","Kansai Nerolac Paints","EQ","1.0000","1","ES","E","NSE","200.6600","133.7800","","","597499"
"495","BLUEDART","Blue Dart Express","EQ","10.0000","1","ES","E","NSE","5696.4000","3797.6000","","","21046"
"500280","CENTENKA","Century Enka","B","5.0000","1","ES","E","BSE","447.1500","298.1500","","","268412"
"4344","PUNJABCHEM","Punjab Chemicals And Crop.","EQ","5.0000","1","ES","E","NSE","1071.2000","714.2000","","","112015"
"536507","FLFL","Future Lifestyle Fashions Ltd","Z","1.0000","1","ES","E","BSE","1.2900","1.1700","","","6598038"
"532173","CYBERTECH","Cybertech Systems And Software","B","1.0000","1","ES","E","BSE","118.8000","79.2000","","","1012958"
"526117","SHERVANI","Shervani Industrial Syndicate","X","5.0000","1","ES","E","BSE","375.8000","250.6000","","","80000"
"506022","PRAKASH","Prakash Industries","B","5.0000","1","ES","E","BSE","134.0000","89.4000","","","899348"
"17486","EXPLEOSOL","Expleo Solutions","EQ","5.0000","1","ES","E","NSE","776.2500","517.5500","","","154576"
"505712","HIMTEK","HIM Teknoforge","X","5.0000","1","ES","E","BSE","219.6000","146.4000","","","80000"
"532812","TFL","Transwarranty Finance","B","1.0000","1","ES","E","BSE","13.2100","8.8100","","","1802299"
"541133","ACFL","Apex Capital And Finance","XT","1.0000","1","ES","E","BSE","47.8800","43.3200","","","80000"
"511740","RFL","Ruparel Food Products","X","5.0000","1","ES","E","BSE","106.1500","96.0500","","","80000"
"15414","TITAGARH","Titagarh Wagons","EQ","5.0000","1","ES","E","NSE","689.8000","459.9000","","","173863"
"539544","ABHIINFRA","Abhishek Infraventures Li","XT","1.0000","1","ES","E","BSE","6.7400","6.1000","","","80000"
"526885","SARLAPOLY","Sarla Performance Fibers","B","1.0000","1","ES","E","BSE","84.1000","56.0800","","","1435082"
"523025","SAFARI","Safari Industries","A","5.0000","1","ES","E","BSE","1717.5500","1145.0500","","","69865"
"11732","CONSOFINVT","Conso. Fin. & Hold. Ltd.","BE","1.0000","1","ES","E","NSE","206.8500","187.1500","","","507588"
"523828","MENONBE","Menon Bearings","B","5.0000","1","ES","E","BSE","123.1500","82.1500","","","974143"
"19223","TCIEXP","Tci Express","EQ","5.0000","1","ES","E","NSE","553.8000","369.2000","","","216683"
"521180","SUPERSPIN","Super Spinning Mills","B","1.0000","1","ES","E","BSE","4.5600","3.0400","","","1798499"
"18154","HATHWAY","Hathway Cable & Datacom","EQ","1.0000","1","ES","E","NSE","10.6400","7.1000","","","11273795"
"955","ESABINDIA","ESAB","EQ","10.0000","1","ES","E","NSE","5946.6000","3964.4000","","","20164"
"531962","SHREMETAL","Shree Metalloys","XT","1.0000","1","ES","E","BSE","38.8300","35.1500","","","80000"
"500171","GHCL","GHCL","A","5.0000","1","ES","E","BSE","507.5000","338.4000","","","236362"
"531112","BALUFORGE","Balu Forge Industries","A","5.0000","1","ES","E","BSE","424.8500","347.6500","","","258846"
"531129","INANI","Inani Marbles & Industries","X","1.0000","1","ES","E","BSE","9.7200","7.9600","","","80000"
"532888","ASIANTILES","Asian Granito India","B","1.0000","1","ES","E","BSE","68.2900","45.5300","","","1770645"
"539837","RPEL","Raghav Productivity Enhancers","B","5.0000","1","ES","E","BSE","679.8000","453.2000","","","176531"
"542665","NEOGEN","Neogen Chemicals","B","5.0000","1","ES","E","BSE","1334.5000","889.7000","","","89908"
"530427","CHOKSI","Choksi Asia","X","5.0000","1","ES","E","BSE","132.9500","108.8500","","","80000"
"539300","SUNRAKSHAK","Sunrakshakk Industries India","X","5.0000","1","ES","E","BSE","274.5000","183.0000","","","80000"
"13735","GLOBALVECT","Global Vectra Helicorp","EQ","1.0000","1","ES","E","NSE","159.3300","106.2300","","","457799"
"27303","SAMPANN","S.E. Power","EQ","1.0000","1","ES","E","NSE","29.1900","19.4700","","","1327946"
"532806","AICHAMP","Ai Champdany Industries L","X","1.0000","1","ES","E","BSE","22.4200","18.3600","","","80000"
"511196","CANFINHOME","Can Fin Homes","A","5.0000","1","ES","E","BSE","952.3500","634.9500","","","126230"
"526608","ELECTHERM","Electrotherm","B","5.0000","1","ES","E","BSE","666.1000","444.1000","","","180055"
"539276","KAYA","Kaya","B","5.0000","1","ES","E","BSE","285.9000","190.6000","","","419724"
"9035","AUSOMENT","Ausom Enterprise Limited","BE","1.0000","1","ES","E","NSE","99.0300","89.6100","","","445490"
"539110","NORTHLINK","Northlink Fiscal And Capital","Z","1.0000","1","ES","E","BSE","18.2300","16.5100","","","80000"
"500114","TITAN","Titan","A","5.0000","1","ES","E","BSE","4347.3000","3556.9000","","","24858"
"532461","PNB","Punjab National Bank","A","5.0000","1","ES","E","BSE","110.6000","90.5000","","","988393"
"500009","AMBALALSA","Ambalal Sarabhai Ent.","X","1.0000","1","ES","E","BSE","29.1200","19.4200","","","80000"
"504973","CHOLAHLDNG","Cholamandalam Financial","A","5.0000","1","ES","E","BSE","1638.6500","1092.4500","","","73233"
"532362","NAGPI","Nagpur Power & Industries","XT","5.0000","1","ES","E","BSE","153.8000","139.2000","","","80000"
"530821","SSPDL","Sspdl","XT","1.0000","1","ES","E","BSE","12.6300","11.4300","","","80000"
"532529","NDTV","NDTV","B","1.0000","1","ES","E","BSE","71.2400","47.5000","","","1686842"
"1041","FINPIPE","Finolex Industries","EQ","1.0000","1","ES","E","NSE","179.9400","119.9600","","","666392"
"16827","KOKUYOCMLN","Kokuyo Camlin","EQ","1.0000","1","ES","E","NSE","85.5400","57.0400","","","1402648"
"1756","JINDALPOLY","Jindal Poly Films","EQ","5.0000","1","ES","E","NSE","777.8500","703.8500","","","134949"
"501630","ANANDPROJ","Anand Projects","XT","1.0000","1","ES","E","BSE","25.7000","23.2600","","","80000"
"532799","HUBTOWN","Hubtown","B","5.0000","1","ES","E","BSE","205.5000","137.0000","","","581191"
"21690","DIXON","Dixon Technologies","EQ","50.0000","1","ES","E","NSE","10640.0000","8706.0000","","","10336"
"531810","METALCO","Metal Coatings","X","1.0000","1","ES","E","BSE","55.0800","36.7200","","","80000"
"539434","BRIPORT","Brilliant Portfolios","X","1.0000","1","ES","E","BSE","9.3200","8.4400","","","80000"
"540083","TVVISION","TV Vision","B","1.0000","1","ES","E","BSE","5.4000","4.4200","","","1266945"
"526813","RAGHUNAT","Raghunath International L","X","1.0000","1","ES","E","BSE","12.4200","8.2800","","","80000"
"532776","SHIVAMAUTO","Shivam Autotech","B","1.0000","1","ES","E","BSE","16.0600","10.7200","","","4299893"
"17598","ASALCBR","Asso Alcohols & Brew","EQ","5.0000","1","ES","E","NSE","799.2000","532.8000","","","150144"
"517334","MOTHERSON","Motherson","A","5.0000","1","ES","E","BSE","115.6000","94.6000","","","949899"
"539400","MALLCOM","Mallcom","B","5.0000","1","ES","E","BSE","1128.0000","752.0000","","","106560"
"993","EVERESTIND","Everest Industries","EQ","5.0000","1","ES","E","NSE","348.4000","232.3000","","","344402"
"532500","MARUTI","Maruti Suzuki India","A","5.0000","1","ES","E","BSE","13528.6500","11068.9500","","","7860"
"539336","GUJGASLTD","Gujarat Gas","A","5.0000","1","ES","E","BSE","368.6000","245.8000","","","324920"
"533398","MUTHOOTFIN","Muthoot Finance","A","5.0000","1","ES","E","BSE","3475.5000","2843.6000","","","31314"
"2263","BANDHANBNK","Bandhan Bank","EQ","1.0000","1","ES","E","NSE","155.4800","127.2200","","","707216"
"19322","HISARMETAL","Hisar Metal Ind.","EQ","1.0000","1","ES","E","NSE","150.2600","100.1800","","","176579"
"512559","KOHINOOR","Kohinoor Foods","B","1.0000","1","ES","E","BSE","23.6500","15.7700","","","1212239"
"11809","IIFL","IIFL Finance","EQ","5.0000","1","ES","E","NSE","516.5000","344.4000","","","232205"
"524174","KESARPE","Kesar Petroproducts","X","1.0000","1","ES","E","BSE","26.0000","17.3400","","","80000"
"4668","BANKBARODA","Bank Of Baroda","EQ","1.0000","1","ES","E","NSE","272.3600","222.8400","","","403366"
"13859","VENUSREM","Venus Remedies","EQ","5.0000","1","ES","E","NSE","861.0500","779.0500","","","121933"
"523704","MASTEK","Mastek","A","5.0000","1","ES","E","BSE","1611.9000","1074.6000","","","74486"
"11606","GUFICBIO","Gufic Biosciences","EQ","5.0000","1","ES","E","NSE","328.5500","219.0500","","","365228"
"532705","JAGRAN","Jagran Prakashan","B","1.0000","1","ES","E","BSE","73.2000","48.8000","","","1637413"
"539334","SHREEPUSHK","Shree Pushkar Chemicals","B","5.0000","1","ES","E","BSE","361.9000","241.3000","","","331881"
"16395","MMP","MMP Industries","EQ","1.0000","1","ES","E","NSE","226.9300","151.2900","","","528780"
"8075","DALBHARAT","Dalmia Bharat Ltd","EQ","10.0000","1","ES","E","NSE","1957.1000","1601.3000","","","56082"
"13538","TECHM","Tech Mahindra","EQ","10.0000","1","ES","E","NSE","1522.4000","1245.6000","","","71523"
"500078","OAL","Oriental Aromatics","B","5.0000","1","ES","E","BSE","281.9000","188.0000","","","419693"
"532895","NAGREEKCAP","Nagreeka Capital & Infras","B","1.0000","1","ES","E","BSE","24.7800","16.5200","","","412520"
"19438","AHLEAST","Asian Hotels (East)","EQ","1.0000","1","ES","E","NSE","177.5800","118.4000","","","565438"
"517417","PATELSAI","Patels Airtemp Lt","X","5.0000","1","ES","E","BSE","221.3000","147.6000","","","80000"
"504076","JYOTI","Jyoti","X","1.0000","1","ES","E","BSE","58.9400","39.3000","","","80000"
"524534","BHASKAGR","Bhaskar Agrochemicals","XT","5.0000","1","ES","E","BSE","182.5000","165.2000","","","80000"
"533088","MHRIL","Mahindra Holidays","B","5.0000","1","ES","E","BSE","271.4000","181.0000","","","442070"
"540293","PRICOLLTD","Pricol","A","5.0000","1","ES","E","BSE","616.2500","410.8500","","","194522"
"511034","JINDRILL","Jindal Drilling & Ind.","B","5.0000","1","ES","E","BSE","553.2500","368.8500","","","216546"
"532187","INDUSINDBK","Indusind Bank","A","5.0000","1","ES","E","BSE","828.0500","677.5500","","","132448"
"526073","GALXBRG","Galaxy Bearings","X","5.0000","1","ES","E","BSE","516.0500","344.0500","","","80000"
"523832","MUKATPIP","Mukat Pipes","XT","1.0000","1","ES","E","BSE","14.2300","12.8900","","","80000"
"13300","NITCO","NITCO","EQ","1.0000","1","ES","E","NSE","105.4300","70.2900","","","1138019"
"509020","RUCHINFRA","Ruchi Infrastructure","B","1.0000","1","ES","E","BSE","5.0500","3.3700","","","7718015"
"513687","SPECTRA","Spectra Industries","Z","1.0000","1","ES","E","BSE","5.4700","4.9500","","","80000"
"526839","SIPL","Shelter Infra Projects Lt","X","1.0000","1","ES","E","BSE","13.2900","12.0300","","","80000"
"537326","CHEMTECH","Chemtech Industrial Valve","X","1.0000","1","ES","E","BSE","73.3500","48.9100","","","80000"
"540204","EIKO","Narendra Investments","X","1.0000","1","ES","E","BSE","59.6800","39.8000","","","80000"
"8163","SPENCERS","Spencers Retail","EQ","1.0000","1","ES","E","NSE","29.4900","19.6700","","","2947538"
"590006","AMRUTANJAN","Amrutanjan Health Care Lt","B","5.0000","1","ES","E","BSE","593.8500","395.9500","","","202547"
"1038","FINCABLES","Finolex Cables","EQ","5.0000","1","ES","E","NSE","931.8000","621.2000","","","128774"
"500023","ASIANHOTNR","Asian Hotels (North)","B","5.0000","1","ES","E","BSE","362.6000","241.8000","","","332326"
"385","MAHLOG","Mahindra Logistic","EQ","5.0000","1","ES","E","NSE","399.3500","266.2500","","","300445"
"506079","LAKPRE","Lakshmi Precision Screws","Z","1.0000","1","ES","E","BSE","5.7100","5.1700","","","357792"
"15399","EIHAHOTELS","EIH Associated Hotels","EQ","5.0000","1","ES","E","NSE","324.3000","216.2000","","","370005"
"29598","REPCOHOME","Repco Home Finance","EQ","5.0000","1","ES","E","NSE","418.7000","279.2000","","","286531"
"3880","SOMANYCERA","Somany Ceramics","EQ","5.0000","1","ES","E","NSE","428.4500","285.6500","","","280035"
"524628","PARKERAC","Parker Agrochem Exports L","X","1.0000","1","ES","E","BSE","16.6900","15.1100","","","80000"
"539798","UMIYA","Umiya Tubes","X","1.0000","1","ES","E","BSE","31.3800","28.4000","","","80000"
"3396","TAINWALCHM","Tainwala Chemical And Pla","EQ","1.0000","1","ES","E","NSE","202.9500","135.3100","","","306198"
"506597","AMAL","AMAL","B","5.0000","1","ES","E","BSE","495.7500","330.5500","","","80000"
"507488","GMBREW","G M Breweries","B","5.0000","1","ES","E","BSE","1180.3000","786.9000","","","101783"
"508814","COSMOFIRST","Cosmo First","B","5.0000","1","ES","E","BSE","716.3000","477.6000","","","167919"
"505163","ZFSTEERING","Z.F.Steering Gear","X","5.0000","1","ES","E","BSE","697.1000","464.8000","","","80000"
"539044","MANAKSTEEL","Manaksia Steels","B","1.0000","1","ES","E","BSE","51.2000","41.9000","","","2142963"
"526642","MIRZAINT","Mirza International","B","1.0000","1","ES","E","BSE","30.0900","20.0700","","","3991961"
"531289","NATFIT","National Fittings","X","5.0000","1","ES","E","BSE","176.8000","117.9000","","","80000"
"532737","EMKAY","Emkay Global Fin Serv","B","5.0000","1","ES","E","BSE","209.9000","171.8000","","","531035"
"532942","KNRCON","Knr Constructions","A","5.0000","1","ES","E","BSE","135.9500","90.6500","","","884482"
"532470","MPFSL","Mather & Platt Fire Syste","XT","1.0000","1","ES","E","BSE","1.5000","0.1500","","","80000"
"506767","ALKYLAMINE","Alkyl Amines Chemicals","A","5.0000","1","ES","E","BSE","1477.6500","985.1500","","","81165"
"531259","ESHAMEDIA","Esha Media Research Limit","X","1.0000","1","ES","E","BSE","23.6800","21.4400","","","80000"
"517063","JETKINGQ","Jetking Infotrain","X","1.0000","1","ES","E","BSE","98.6400","89.2600","","","80000"
"532662","HTMEDIA","HT Media","B","1.0000","1","ES","E","BSE","21.2400","14.1600","","","5512536"
"18118","THANGAMAYL","Thangamayil Jewellery","EQ","10.0000","1","ES","E","NSE","3768.4000","3083.4000","","","29186"
"3757","VENKEYS","Venkys","EQ","10.0000","1","ES","E","NSE","1404.9000","936.7000","","","85411"
"1922","KOTAKBANK","Kotak Bank","EQ","5.0000","1","ES","E","NSE","388.7000","318.1000","","","278500"
"519606","INTEGFD","Integrated Proteins","XT","1.0000","1","ES","E","BSE","74.2000","71.3000","","","80000"
"531694","RAINBOWF","Rainbow Foundations","XT","1.0000","1","ES","E","BSE","41.5900","37.6300","","","80000"
"11275","TVTODAY","TV Today Network","EQ","1.0000","1","ES","E","NSE","118.8600","79.2400","","","1009533"
"504988","ZWELCAST","Welcast Steels","X","5.0000","1","ES","E","BSE","792.3000","528.2000","","","80000"
"523754","MAHEPC","Mahindra Epc Irrigation","B","1.0000","1","ES","E","BSE","111.1800","74.1200","","","913718"
"13126","REPRO","Repro India","EQ","5.0000","1","ES","E","NSE","373.5000","249.0000","","","321278"
"500830","COLPAL","Colgate Palmolive","A","5.0000","1","ES","E","BSE","1968.0000","1610.2000","","","55757"
"538742","PANABYTE","Panabyte technologies","XT","1.0000","1","ES","E","BSE","27.6800","25.0600","","","80000"
"520111","RATNAMANI","Ratnamani Metals & Tubes","A","5.0000","1","ES","E","BSE","2640.1500","1760.1500","","","45349"
"513532","PRADPME","Pradeep Metals","X","5.0000","1","ES","E","BSE","438.7000","292.5000","","","80000"
"1315","GALAXYSURF","Galaxy Surfactants","EQ","10.0000","1","ES","E","NSE","1817.5000","1211.7000","","","66016"
"500284","LORDSCHLO","Lords Chloro Alkali","B","5.0000","1","ES","E","BSE","130.2000","86.8000","","","822531"
"534691","COMCL","Comfort Commotrade","X","1.0000","1","ES","E","BSE","14.0000","9.3400","","","80000"
"540789","DNAMEDIA","Diligent Media Corp","B","1.0000","1","ES","E","BSE","2.8600","1.9200","","","3849052"
"5428","TRIGYN","Trigyn Technologies","EQ","1.0000","1","ES","E","NSE","46.3800","30.9200","","","1006693"
"523160","MORGANITE","Morganite Crucible (India","X","5.0000","1","ES","E","BSE","1392.3000","928.2000","","","80000"
"532373","WEPSOLN","WEP Solutions","XT","1.0000","1","ES","E","BSE","20.4200","18.4800","","","80000"
"11027","INFOBEAN","Infobeans Techno. Ltd.","EQ","1.0000","1","ES","E","NSE","136.1100","111.3700","","","808059"
"530747","CHALLANI","Indo Asian Finance","X","1.0000","1","ES","E","BSE","20.9200","17.1200","","","80000"
"1624","IOC","Indian Oil Corp","EQ","1.0000","1","ES","E","NSE","148.9400","121.8600","","","734304"
"15193","BGRENERGY","BGR Energy Systems Ltd","BE","1.0000","1","ES","E","NSE","257.8800","233.3200","","","407135"
"505358","INTEGRAEN","Integra Eng.","X","5.0000","1","ES","E","BSE","142.8500","95.2500","","","80000"
"15362","VGUARD","V Guard Industries","EQ","5.0000","1","ES","E","NSE","378.0500","252.0500","","","317083"
"526081","SCAGRO","Sc Agrotech","X","1.0000","1","ES","E","BSE","34.5100","31.2300","","","80000"
"21195","GTPL","GTPL Hathway","EQ","1.0000","1","ES","E","NSE","67.4400","44.9600","","","1779277"
"530127","NPRFIN","NPR Finance","X","1.0000","1","ES","E","BSE","22.8000","15.2000","","","80000"
"530367","NRBBEARING","NRB Bearings","B","5.0000","1","ES","E","BSE","259.9500","173.3500","","","462514"
"13091","EKC","Everest Kanto Cylinder","EQ","1.0000","1","ES","E","NSE","109.0600","72.7200","","","1100196"
"17534","MGL","Mahanagar Gas","EQ","5.0000","1","ES","E","NSE","1113.2000","742.2000","","","107766"
"531867","UNITINT","Unitech International","Z","1.0000","1","ES","E","BSE","3.3600","3.0400","","","80000"
"532698","NITINSPIN","Nitin Spinners","B","5.0000","1","ES","E","BSE","412.5500","275.0500","","","291163"
"500104","HINDPETRO","Hindustan Petroleum","A","5.0000","1","ES","E","BSE","368.7500","301.7500","","","297895"
"531726","PANCHSHEEL","Panchsheel Organics","X","1.0000","1","ES","E","BSE","108.2400","72.1600","","","80000"
"9436","AXISCADES","Axiscades Engg Tech","EQ","10.0000","1","ES","E","NSE","1590.1000","1438.7000","","","66029"
"501270","ANTARIKSH","Antariksh Ind.","XT","1.0000","1","ES","E","BSE","1.2800","1.1600","","","80000"
"508941","PANCARBON","Panasonic Carbon","X","5.0000","1","ES","E","BSE","509.2500","339.5500","","","80000"
"526217","HITECHCORP","Hitech Corporation Limite","B","5.0000","1","ES","E","BSE","138.3500","92.2500","","","561645"
"513149","ACROW","Acrow India","X","5.0000","1","ES","E","BSE","695.8500","629.6500","","","80000"
"20453","APCL","Anjani Portland Cem","EQ","1.0000","1","ES","E","NSE","119.9700","79.9900","","","960554"
"519463","IBINFO","IB Infotech Enterprises","XT","5.0000","1","ES","E","BSE","630.9000","606.2000","","","80000"
"11369","TTKHLTCARE","TTK Healthcare","EQ","5.0000","1","ES","E","NSE","887.5000","591.7000","","","135199"
"10578","MPSLTD","MPS","EQ","10.0000","1","ES","E","NSE","1789.4000","1193.0000","","","67054"
"532359","HITKITGLO","Hit Kit Global Solutions","XT","1.0000","1","ES","E","BSE","5.3100","4.8100","","","80000"
"203","ASHAPURMIN","Ashapura Minechem","EQ","5.0000","1","ES","E","NSE","551.4000","367.6000","","","217608"
"512229","VERITAS","Veritas","XT","5.0000","1","ES","E","BSE","137.5000","132.2000","","","80000"
"526851","AREXMIS","Arex Industries","X","1.0000","1","ES","E","BSE","102.4800","92.7200","","","80000"
"532175","CYIENT","Cyient","A","5.0000","1","ES","E","BSE","903.3500","602.2500","","","132793"
"533292","A2ZINFRA","A2Z Infra Engineering","T","1.0000","1","ES","E","BSE","16.5900","15.0100","","","5759119"
"524370","BODALCHEM","Bodal Chemicals","B","1.0000","1","ES","E","BSE","61.4800","41.0000","","","1953014"
"530449","RUNGTAIR","Rungta Irrigation","X","1.0000","1","ES","E","BSE","52.8000","35.2000","","","80000"
"532892","MOTILALOFS","Motilal Oswal Fin Serv","A","5.0000","1","ES","E","BSE","695.9000","569.4000","","","157687"
"533177","IL&FSTRANS","Il&Fs Transportation Networks","Z","1.0000","1","ES","E","BSE","1.9500","1.7700","","","10756992"
"539124","SARVOTTAM","Survottam Finvest","X","1.0000","1","ES","E","BSE","19.4800","13.0000","","","80000"
"3389","AGARIND","Agarwal Inds Corp","EQ","5.0000","1","ES","E","NSE","435.1000","290.1000","","","275776"
"539455","ARYAVAN","Aryavan Enterprise Limited","X","1.0000","1","ES","E","BSE","62.9400","41.9600","","","80000"
"570005","GATECHDVR","GACM Technologies ( DVR )","B","1.0000","1","ES","E","BSE","0.4400","0.3000","","","6202074"
"521226","UNIROYAL","Uniroyal Industries","X","1.0000","1","ES","E","BSE","21.6000","14.4000","","","80000"
"6951","LINC","Linc Pen & Plastics","EQ","1.0000","1","ES","E","NSE","103.8800","69.2600","","","1155101"
"532240","INDNIPPON","India Nippon Electricals","B","5.0000","1","ES","E","BSE","818.7000","545.8000","","","147242"
"512101","TRIPR","Triochem Products","XT","1.0000","1","ES","E","BSE","18.2700","16.5300","","","80000"
"533343","LOVABLE","Lovable Lingerie","B","1.0000","1","ES","E","BSE","66.7500","44.5100","","","483959"
"13","ABB","ABB","EQ","50.0000","1","ES","E","NSE","6535.5000","5347.5000","","","16740"
"14255","REDINGTON","Redington","EQ","1.0000","1","ES","E","NSE","239.9400","159.9600","","","499553"
"18226","MANINFRA","Man Infra","EQ","1.0000","1","ES","E","NSE","94.1200","62.7600","","","1274778"
"18024","SETUINFRA","Setubandhan Infra Ltd","BZ","1.0000","1","ES","E","NSE","0.3900","0.3700","","","4109679"
"518011","KEERTHI","Keerthi Industries","X","1.0000","1","ES","E","BSE","57.6000","38.4000","","","80000"
"530299","KOTHARIPRO","Kothari Products","B","1.0000","1","ES","E","BSE","69.9900","46.6700","","","1716678"
"5900","AXISBANK","Axis Bank","EQ","10.0000","1","ES","E","NSE","1277.4000","1045.2000","","","83908"
"508875","NITINCAST","Nitin Castings","X","5.0000","1","ES","E","BSE","689.9000","460.0000","","","80000"
"17881","DBCORP","D B Corp","EQ","1.0000","1","ES","E","NSE","223.1500","148.7700","","","537589"
"534733","AERPACE","Supremex Shine Steels Lim","XT","1.0000","1","ES","E","BSE","24.0900","23.1500","","","80000"
"3103","SHREECEM","Shree Cement","EQ","500.0000","1","ES","E","NSE","25320.0000","20720.0000","","","4329"
"531977","CHLOGIST","Chartered Logistics","X","1.0000","1","ES","E","BSE","6.0600","4.0400","","","80000"
"17971","SBICARD","SBI Cards","EQ","5.0000","1","ES","E","NSE","698.9500","571.9500","","","157013"
"523023","SINCLAIR","Sinclairs Hotels","B","1.0000","1","ES","E","BSE","87.6300","58.4300","","","1378330"
"17094","CROMPTON","Crompton Greaves Consumer Elec","EQ","1.0000","1","ES","E","NSE","245.9600","201.2400","","","446876"
"506365","STARSOURCE","Starsource Multitrade","X","5.0000","1","ES","E","BSE","116.7500","105.7000","","","80000"
"526269","CRSTCHM","Crestchem","X","1.0000","1","ES","E","BSE","93.3200","62.2200","","","80000"
"507609","OLYOI","Olympic Oil Ind.","X","1.0000","1","ES","E","BSE","24.9700","22.6100","","","80000"
"1403","HINDOILEXP","Hindustan Oil Exploration","EQ","1.0000","1","ES","E","NSE","141.9900","94.6700","","","844963"
"514358","EVERFIN","Everlon Synthetics","X","1.0000","1","ES","E","BSE","102.2400","68.1600","","","80000"
"531861","JOINDRE","Joindre Capital Services","X","1.0000","1","ES","E","BSE","48.5200","32.3600","","","80000"
"519238","SPTRSHI","Saptarishi Agro Industrie","X","1.0000","1","ES","E","BSE","43.8500","39.6900","","","80000"
"500109","MRPL","MRPL","A","5.0000","1","ES","E","BSE","215.8500","143.9500","","","555573"
"532183","GAYATRI","Gayatri Sugars","X","1.0000","1","ES","E","BSE","8.2600","6.7600","","","80000"
"532870","ANKITMETAL","Ankit Metal & Power","Z","1.0000","1","ES","E","BSE","1.3800","1.2600","","","4614313"
"539331","VETO","Veto Switchgears And Cabl","B","1.0000","1","ES","E","BSE","101.7600","67.8400","","","625059"
"500251","TRENT","Trent","A","5.0000","1","ES","E","BSE","3624.1000","2965.2000","","","30216"
"526161","SPENTA","Spenta International","X","1.0000","1","ES","E","BSE","108.0000","72.0000","","","80000"
"11619","GOLDENTOBC","Golden Tobacco Limited","BZ","1.0000","1","ES","E","NSE","22.5500","20.4100","","","575807"
"13491","JKLAKSHMI","JK Lakshmi Cement","EQ","5.0000","1","ES","E","NSE","669.6500","446.4500","","","179140"
"6973","DMCC","DMCC Speciality Chemicals","EQ","1.0000","1","ES","E","NSE","237.0700","158.0500","","","506155"
"506525","KANORICHEM","Kanoria Chemicals & Ind.","B","1.0000","1","ES","E","BSE","67.3200","44.8800","","","1428771"
"531360","GOLECHA","Golechha Global Finance L","XT","1.0000","1","ES","E","BSE","32.9800","29.8400","","","80000"
"13951","PARACABLES","Paramount Communications","EQ","1.0000","1","ES","E","NSE","34.2700","22.8500","","","3501366"
"523638","IPRINGLTD","IP Rings","XT","1.0000","1","ES","E","BSE","100.8000","91.2000","","","80000"
"532078","MONIND","Monnet Industries","XT","1.0000","1","ES","E","BSE","30.9600","28.0200","","","80000"
"539922","RGIL","Rotographics Limited","X","5.0000","1","ES","E","BSE","135.4500","122.5500","","","80000"
"540065","RBLBANK","RBL Bank","A","5.0000","1","ES","E","BSE","318.8000","260.9000","","","344906"
"531672","INANISEC","Inani Securities","X","1.0000","1","ES","E","BSE","24.8000","20.3000","","","80000"
"2202","MIRCELECTR","MIRC Electronics","EQ","1.0000","1","ES","E","NSE","28.6700","23.4700","","","3835770"
"24265","ESTER","Ester Industries","EQ","1.0000","1","ES","E","NSE","84.8000","56.5400","","","1414999"
"514028","RAJKSYN","Rajkamal Synthetics","X","1.0000","1","ES","E","BSE","41.8000","34.2000","","","80000"
"531834","NATHUEC","Natura Hue Chem","XT","1.0000","1","ES","E","BSE","12.0700","10.9300","","","80000"
"509966","VSTIND","VST Industries","B","5.0000","1","ES","E","BSE","240.0000","160.0000","","","499731"
"10786","NOIDATOLL","Noida Toll Bridge Co","EQ","1.0000","1","ES","E","NSE","3.2100","2.6300","","","6088576"
"531996","ODYCORP","Odyssey Corporation","X","1.0000","1","ES","E","BSE","7.0300","4.6900","","","80000"
"532648","YESBANK","Yes Bank","A","1.0000","1","ES","E","BSE","18.9700","15.5300","","","5773852"
"14223","TIIL","Technocraft Industries","EQ","10.0000","1","ES","E","NSE","2625.7000","1750.5000","","","45685"
"13528","GMRAIRPORT","GMR Airports Infrastructure","EQ","1.0000","1","ES","E","NSE","93.2200","76.2800","","","1172046"
"532668","AURIONPRO","Aurionpro Solutions","A","5.0000","1","ES","E","BSE","869.8000","579.9000","","","137933"
"9921","ALANKIT","Alankit","EQ","1.0000","1","ES","E","NSE","8.1800","5.4600","","","8866869"
"31163","RHIM","RHI Magnestia India","EQ","5.0000","1","ES","E","NSE","405.4000","270.3000","","","295916"
"531201","SHILCTECH","Shilchar Technologies","B","5.0000","1","ES","E","BSE","4263.3000","2842.2000","","","28131"
"522273","AHMDSTE","Ahmedabad Steelcraft","X","5.0000","1","ES","E","BSE","151.6000","101.1000","","","80000"
"506134","GOURMET","Intellivate Capital Ventures","X","1.0000","1","ES","E","BSE","7.2400","6.5600","","","80000"
"539148","SHIVALIK","Shivalik Rasayan","B","5.0000","1","ES","E","BSE","266.1000","177.4000","","","454020"
"540686","SMRUTHIORG","Smruthi Organics","X","1.0000","1","ES","E","BSE","115.8000","77.2000","","","80000"
"508980","FRONTCAP","Frontier Capital","X","1.0000","1","ES","E","BSE","9.1100","8.2500","","","80000"
"590070","RADAAN","Radaan Mediaworks (I)","B","1.0000","1","ES","E","BSE","3.1200","2.0800","","","1771082"
"504180","STDBAT","Standard Batteries","XT","1.0000","1","ES","E","BSE","40.0000","36.2000","","","80000"
"539917","NAGAFERT","Nagarjuna Fertilizers","B","1.0000","1","ES","E","BSE","4.1400","2.7600","","","19556725"
"511359","ADMANUM","Ad-Manum Finance","X","1.0000","1","ES","E","BSE","60.5600","40.3800","","","80000"
"524654","NATCAPSUQ","Natural Capsules","B","5.0000","1","ES","E","BSE","173.2500","115.5500","","","339627"
"513063","TRANSFRE","Trans-Freight Containers","X","1.0000","1","ES","E","BSE","23.5000","21.2800","","","80000"
"29962","JUSTDIAL","Just Dial","EQ","5.0000","1","ES","E","NSE","588.8000","392.6000","","","203766"
"19234","LAURUSLABS","Laurus Labs","EQ","5.0000","1","ES","E","NSE","1091.9500","893.4500","","","100413"
"533573","APLLTD","Alembic Pharma","A","5.0000","1","ES","E","BSE","794.2000","529.5000","","","150763"
"508993","KEDIACN","Kedia Construction Co.","XT","1.0000","1","ES","E","BSE","2.5700","2.3300","","","80000"
"532541","COFORGE","Coforge Limited","A","5.0000","1","ES","E","BSE","1226.1000","1003.2000","","","89658"
"308","BAJAJHIND","Bajaj Hindusthan Sugar","EQ","1.0000","1","ES","E","NSE","19.7600","13.1800","","","6071291"
"514234","SANGAMIND","Sangam","B","5.0000","1","ES","E","BSE","498.9500","332.6500","","","241133"
"540774","IFGLEXPOR","IFGL Refractories","B","5.0000","1","ES","E","BSE","148.4000","99.0000","","","812974"
"513349","AJMERA","Ajmera Realty & Infra Ind","B","1.0000","1","ES","E","BSE","120.0000","80.0000","","","1000115"
"530457","GTTDATA","Cinerad Communications","X","1.0000","1","ES","E","BSE","48.3500","39.5700","","","80000"
"10755","APTECHT","Aptech","EQ","1.0000","1","ES","E","NSE","84.2500","56.1700","","","1424259"
"14607","TGBHOTELS","TGB Banquets & Hotels","EQ","1.0000","1","ES","E","NSE","9.0700","6.0500","","","957665"
"539724","HYPERSOFT","Hypersoft Technologies","XT","5.0000","1","ES","E","BSE","124.8500","113.0000","","","80000"
"19653","KALYANI","Kalyani Commercials","BE","1.0000","1","ES","E","NSE","144.9900","131.1900","","","32699"
"517370","INCAP","Incap","X","1.0000","1","ES","E","BSE","93.5600","62.3800","","","80000"
"540975","ASTERDM","Aster Dm Healthcare Limit","A","5.0000","1","ES","E","BSE","805.8500","537.2500","","","149218"
"524703","SANDUPHQ","Sandu Pharmaceuticals","X","1.0000","1","ES","E","BSE","36.6200","24.4200","","","80000"
"539346","SADBHIN","Sadbhav Infrastructure","B","1.0000","1","ES","E","BSE","2.2500","2.0500","","","11517764"
"5926","INTELLECT","Intellect Design Arena","EQ","5.0000","1","ES","E","NSE","718.2500","478.8500","","","167056"
"1008","FACT","Fertilizers & Chemicals Travancore","EQ","5.0000","1","ES","E","NSE","898.9500","599.3500","","","133296"
"14453","EMBDL","Embassy Developments Ltd","BE","1.0000","1","ES","E","NSE","41.4300","37.4900","","","2533734"
"523343","MICROSE","Microse India","XT","1.0000","1","ES","E","BSE","10.5000","9.5000","","","80000"
"503635","SALSAIN","Shree Salasar Investment","XT","5.0000","1","ES","E","BSE","716.1500","647.9500","","","80000"
"532340","OMNIAX","Omni Axs Software","XT","1.0000","1","ES","E","BSE","3.8200","3.4600","","","80000"
"25","ADANIENT","Adani Enterprises","EQ","10.0000","1","ES","E","NSE","1934.6000","1583.0000","","","56554"
"508918","IRONWOOD","Ironwood Education","X","1.0000","1","ES","E","BSE","46.2100","30.8100","","","80000"
"531380","CSURGSU","Centenial Surgical Suture","XT","1.0000","1","ES","E","BSE","80.0800","72.4600","","","80000"
"516022","STARPAPER","Star Paper Mills","B","5.0000","1","ES","E","BSE","144.4500","96.3500","","","510393"
"540175","REGENCY","Regency Fincorp","X","1.0000","1","ES","E","BSE","26.5900","21.7700","","","80000"
"13801","SUTLEJTEX","Sutlej Text & Indus","EQ","1.0000","1","ES","E","NSE","29.0100","19.3500","","","4135525"
"539435","RFSL","Richfield Financial Services","X","1.0000","1","ES","E","BSE","28.9800","26.2200","","","80000"
"16713","UBL","United Breweries","EQ","10.0000","1","ES","E","NSE","1848.0000","1232.0000","","","64779"
"532873","HDIL","HDIL","Z","1.0000","1","ES","E","BSE","2.0300","1.8500","","","15499930"
"500458","TEAM24","Team24 Consumer Products","X","1.0000","1","ES","E","BSE","34.4400","22.9600","","","80000"
"500300","GRASIM","Grasim Industries","A","5.0000","1","ES","E","BSE","2810.8500","2299.8500","","","38789"
"531497","MADHUCON","Madhucon Projects","B","1.0000","1","ES","E","BSE","3.8800","3.5200","","","2413094"
"17477","CONTROLPR","Control Print","EQ","5.0000","1","ES","E","NSE","629.4000","419.6000","","","190651"
"504351","EMPOWER","Empower","X","1.0000","1","ES","E","BSE","1.0800","0.9800","","","80000"
"540824","ASTRON","Astron Paper & Board Mill","B","1.0000","1","ES","E","BSE","3.5400","3.2200","","","1520549"
"505681","BIMETAL","Bimetal Bearings","X","5.0000","1","ES","E","BSE","628.8000","419.2000","","","80000"
"13720","JHS","JHS Svendgaard Laboratories","EQ","1.0000","1","ES","E","NSE","7.8600","5.2400","","","2799249"
"1627","LINDEINDIA","Linde India","EQ","50.0000","1","ES","E","NSE","8212.5000","5475.5000","","","14583"
"694","CIPLA","Cipla","EQ","10.0000","1","ES","E","NSE","1346.6000","1101.8000","","","81585"
"526935","KALIND","Arunis Abode","XT","1.0000","1","ES","E","BSE","97.5800","88.3000","","","80000"
"539254","ADANIENSOL","Adani Energy Solutions","A","5.0000","1","ES","E","BSE","1027.6000","840.8000","","","106914"
"526179","LUDLOWJUT","Ludlow Jute & Specialitie","X","5.0000","1","ES","E","BSE","181.5500","148.5500","","","80000"
"516098","VENTURA","Ventura Textiles","X","1.0000","1","ES","E","BSE","8.6500","5.7700","","","80000"
"539515","QUINT","Quint Digital Media","X","1.0000","1","ES","E","BSE","40.0900","26.7300","","","80000"
"531761","APOLLOPIPE","Apollo Pipes","B","5.0000","1","ES","E","BSE","498.2000","332.2000","","","241163"
"539875","RSDFIN","Rsd Finance","X","1.0000","1","ES","E","BSE","93.7600","62.5200","","","80000"
"21501","SIS","Security Intell Services","EQ","5.0000","1","ES","E","NSE","336.3500","224.2500","","","356712"
"14853","OMAXE","Omaxe","EQ","1.0000","1","ES","E","NSE","78.3000","52.2000","","","1532523"
"526666","BIL","Bhartiya International","B","5.0000","1","ES","E","BSE","788.1000","525.4000","","","151819"
"532811","AHLUCONT","Ahluwalia Contracts","B","5.0000","1","ES","E","BSE","782.6000","521.8000","","","152530"
"539393","KCL","Kabra Commercial","XT","1.0000","1","ES","E","BSE","27.0500","24.4900","","","80000"
"804","SHIVATEX","Shiva Texyarn Limited","EQ","1.0000","1","ES","E","NSE","152.4800","101.6600","","","423880"
"15204","ARIES","Aries Agro","EQ","5.0000","1","ES","E","NSE","389.4500","259.6500","","","308111"
"25392","PANAMAPET","Panama Petrochem","EQ","1.0000","1","ES","E","NSE","278.5200","185.6800","","","430835"
"523391","NAHARPOLY","Nahar Poly Films","B","5.0000","1","ES","E","BSE","244.4000","163.0000","","","491808"
"526654","THAKDEV","Thakkers Developers","X","1.0000","1","ES","E","BSE","94.5000","85.5000","","","80000"
"532410","TRANSCOR","Transcorp International L","X","1.0000","1","ES","E","BSE","28.3900","18.9300","","","80000"
"9385","PNCINFRA","PNC Infratech","EQ","1.0000","1","ES","E","NSE","192.6600","128.4400","","","622620"
"540311","JITFINFRA","Jitf Infralogistics Limited","T","5.0000","1","ES","E","BSE","290.6500","263.0500","","","361188"
"513252","JAYUSH","Jay Ushin","X","5.0000","1","ES","E","BSE","749.6500","613.3500","","","80000"
"531569","SANJIVIN","Sanjivani Paranteral","X","5.0000","1","ES","E","BSE","159.3000","106.2000","","","80000"
"505729","SINGERIND","Singer India","B","1.0000","1","ES","E","BSE","72.4500","48.3100","","","1641464"
"539448","INDIGO","Interglobe Aviation","A","5.0000","1","ES","E","BSE","4338.1000","3549.4000","","","25129"
"505650","SKYLMILAR","Skyline Millars","X","1.0000","1","ES","E","BSE","22.2700","14.8500","","","80000"
"532349","TCI","Transport Corporation Of India","B","5.0000","1","ES","E","BSE","1104.7000","736.5000","","","108285"
"25756","VIKASECO","Vikas Ecotech","EQ","1.0000","1","ES","E","NSE","1.1800","0.8000","","","57836686"
"523566","MARBU","Martin Burn","X","1.0000","1","ES","E","BSE","49.5100","33.0100","","","80000"
"538540","RLFL","Ramchandra Leasing & Finance","XT","1.0000","1","ES","E","BSE","9.2800","8.9200","","","80000"
"3812","ZEEL","Zee Entertainment","EQ","1.0000","1","ES","E","NSE","86.5600","57.7200","","","1386029"
"532670","RENUKA","Shree Renuka Sugars","A","1.0000","1","ES","E","BSE","32.9500","21.9700","","","3635460"
"24999","IBULLSLTD","Indiabulls","EQ","1.0000","1","ES","E","NSE","10.9600","7.3200","","","10940866"
"15308","SEPC","Shriram Epc","EQ","1.0000","1","ES","E","NSE","5.3400","4.3800","","","20575518"
"1841","KCP","KCP Ltd","EQ","1.0000","1","ES","E","NSE","150.7200","100.4800","","","796088"
"8477","XELPMOC","Xelpmoc Design & Tech","EQ","1.0000","1","ES","E","NSE","101.2400","67.5000","","","482635"
"11983","SASKEN","Sasken Technologies","EQ","10.0000","1","ES","E","NSE","1331.2000","887.6000","","","90131"
"531795","ATULAUTO","Atul Auto","B","5.0000","1","ES","E","BSE","459.1000","306.1000","","","261639"
"505515","SHYMINV","Shyamkamal Investments","X","1.0000","1","ES","E","BSE","14.7300","9.8300","","","80000"
"11868","63MOONS","63 Moons Technologies","EQ","5.0000","1","ES","E","NSE","564.3500","376.2500","","","212606"
"540749","MASFIN","Mas Financial Services","B","5.0000","1","ES","E","BSE","336.0500","224.0500","","","357463"
"17364","VINATIORGA","Vinati Organics","EQ","10.0000","1","ES","E","NSE","1589.1000","1059.5000","","","75468"
"531417","MEGACOR","Mega Corporation","X","1.0000","1","ES","E","BSE","2.6500","1.7700","","","80000"
"506919","MAKERSL","Makers Laboratories","X","5.0000","1","ES","E","BSE","162.2000","108.2000","","","80000"
"511609","ISLCONSUL","ISL Consulting","X","1.0000","1","ES","E","BSE","35.7600","23.8400","","","80000"
"520123","ABCINDQ","ABC India","X","1.0000","1","ES","E","BSE","64.8300","43.2300","","","80000"
"522183","ITL","ITL Industries","X","5.0000","1","ES","E","BSE","320.7500","213.8500","","","80000"
"530443","KIRANSY-B","Kiran Syntex","X","1.0000","1","ES","E","BSE","15.7200","14.2400","","","80000"
"500325","RELIANCE","Reliance Industries","A","5.0000","1","ES","E","BSE","1478.6500","1209.8500","","","67662"
"521228","TATIAGLOB","Tatia Global Vennture","X","1.0000","1","ES","E","BSE","2.3200","1.5600","","","80000"
"516082","NRAIL","N.R.Agarwal Industries Lt","B","5.0000","1","ES","E","BSE","489.6000","326.4000","","","247542"
"19451","CAPTRUST","Capital Trust Limited","BE","1.0000","1","ES","E","NSE","11.5500","10.4500","","","1112434"
"10346","DGCONTENT","Digicontent","EQ","1.0000","1","ES","E","NSE","26.3500","17.5700","","","1902717"
"590056","SALONA","Salona Cotspin","B","5.0000","1","ES","E","BSE","314.4500","209.6500","","","172080"
"531768","POLYMED","Poly Medicure","A","5.0000","1","ES","E","BSE","1428.9500","952.6500","","","83925"
"14019","VEEDOL","Tide Water Oil","EQ","10.0000","1","ES","E","NSE","1495.4000","997.0000","","","80237"
"503659","SW1","SW Investments","XT","1.0000","1","ES","E","BSE","82.9500","75.0500","","","80000"
"530475","TINNARUBR","Tinna Rubber and Infrastructure","B","5.0000","1","ES","E","BSE","640.2500","426.8500","","","186553"
"532932","MANAKSIA","Manaksia","B","1.0000","1","ES","E","BSE","51.3600","34.2400","","","2142963"
"541503","UNICK","Unick Fix-A- Form And Pri","X","1.0000","1","ES","E","BSE","47.2500","42.7500","","","80000"
"12034","BASML","Bannari Amman Spinning Mills","EQ","1.0000","1","ES","E","NSE","20.7200","13.8200","","","2613428"
"17801","LLOYDSENGG","Lloyds Engineering Works","EQ","1.0000","1","ES","E","NSE","45.2700","30.1900","","","2649366"
"19196","TI","Tilaknagar Industries","EQ","5.0000","1","ES","E","NSE","499.3500","332.9500","","","240174"
"501370","WALCHPF","Walchand Peoplefirst","X","1.0000","1","ES","E","BSE","104.2800","69.5200","","","80000"
"530145","KISAN","Kisan Mouldings","X","1.0000","1","ES","E","BSE","26.7900","17.8700","","","80000"
"3150","SIEMENS","Siemens","EQ","10.0000","1","ES","E","NSE","3228.5000","2641.5000","","","33831"
"531752","BIOGEN","BIOGEN PharmaChem","X","1.0000","1","ES","E","BSE","0.6100","0.4100","","","80000"
"523449","SHARP","Sharp India","X","1.0000","1","ES","E","BSE","45.6000","30.4000","","","80000"
"531822","RODIUM","Rodium Realty","X","5.0000","1","ES","E","BSE","192.0000","128.0000","","","80000"
"530977","SKCIL","Shri Keshav Cements And Infra Ltd","X","5.0000","1","ES","E","BSE","141.0000","94.0000","","","80000"
"533294","RKDL","Ravi Kumar Distilleries L","B","1.0000","1","ES","E","BSE","21.6900","14.4700","","","784799"
"539773","ADVIKCA","Advik Capital","X","1.0000","1","ES","E","BSE","1.9500","1.3100","","","80000"
"539149","ICSL","Integrated Capital Services","XT","1.0000","1","ES","E","BSE","4.4900","4.0700","","","80000"
"13441","BALPHARMA","Bal Pharma","EQ","1.0000","1","ES","E","NSE","72.5000","48.3400","","","520612"
"338","BALMLAWRIE","Balmer Lawrie & Co","EQ","1.0000","1","ES","E","NSE","178.8900","119.2700","","","670677"
"500058","BIHSPONG","Bihar Sponge Iron","XT","1.0000","1","ES","E","BSE","11.6500","10.5500","","","80000"
"503663","TILAK","Tilak Ventures","X","1.0000","1","ES","E","BSE","0.9100","0.7500","","","80000"
"3693","GAYAHWS","Gayatri Highways","EQ","1.0000","1","ES","E","NSE","2.1000","1.9000","","","7836617"
"19","STYRENIX","Ineos Styrolution","EQ","10.0000","1","ES","E","NSE","2157.6000","1438.4000","","","55605"
"532310","SHREERAMA","Shree Rama Multi-Tech","B","1.0000","1","ES","E","BSE","56.3400","37.5600","","","2161113"
"1100","GARFIBRES","Garware Technical Fibres","EQ","5.0000","1","ES","E","NSE","727.5000","485.0000","","","164880"
"500312","ONGC","ONGC","A","5.0000","1","ES","E","BSE","313.0500","256.1500","","","339667"
"4157","KEYFINSERV","Keynote Fin Serv Ltd.","EQ","1.0000","1","ES","E","NSE","273.0600","182.0400","","","182029"
"517411","SHYAMTEL","Shyam Telecom","B","1.0000","1","ES","E","BSE","9.7900","6.5300","","","368528"
"533540","TREEHOUSE","Tree House Education & Ac","T","1.0000","1","ES","E","BSE","8.0300","7.2700","","","1383560"
"500780","ZUARIIND","Zuari Industries","B","5.0000","1","ES","E","BSE","254.4000","169.6000","","","468815"
"531543","JINDWORLD","Jindal Worldwide","B","1.0000","1","ES","E","BSE","21.7200","14.4800","","","5524337"
"11763","JPPOWER","Jaiprakash Power Ventures","EQ","1.0000","1","ES","E","NSE","16.8400","11.2400","","","7120743"
"524019","KINGFA","Kingfa Science & Technolo","B","5.0000","1","ES","E","BSE","5080.1000","3386.8000","","","23633"
"519494","NKIND","NK Industries","B","1.0000","1","ES","E","BSE","66.0200","44.0200","","","196523"
"531439","GOLDTECH","Goldstone Technologies","B","1.0000","1","ES","E","BSE","37.5800","25.0600","","","1708962"
"532390","TAJGVK","Taj Gvk Hotels & Resorts","B","5.0000","1","ES","E","BSE","359.2000","239.5000","","","332756"
"13332","SOLARINDS","Solar Industries India","EQ","100.0000","1","ES","E","NSE","13283.0000","10869.0000","","","8234"
"4986","IRCON","Ircon International","EQ","1.0000","1","ES","E","NSE","138.3900","92.2700","","","866214"
"13734","INSPIRISYS","Inspirisys Solutions Ltd","BE","1.0000","1","ES","E","NSE","75.0100","67.8700","","","1295471"
"500370","SALORAINTL","Salora International","X","1.0000","1","ES","E","BSE","35.1400","23.4400","","","80000"
"11445","PILANIINVS","Pilani Inv. & Ind. Corp.","EQ","10.0000","1","ES","E","NSE","4986.1000","3324.1000","","","24059"
"15184","BRIGADE","Brigade Enterprises","EQ","5.0000","1","ES","E","NSE","780.9000","520.6000","","","153604"
"500241","KIRLOSBROS","Kirloskar Brothers","A","5.0000","1","ES","E","BSE","1605.6000","1070.4000","","","74644"
"531968","IITLPROJ","IITL Projects","X","1.0000","1","ES","E","BSE","51.4400","34.3000","","","80000"
"17105","SUMICHEM","Sumitomo Chemical","EQ","5.0000","1","ES","E","NSE","437.3000","291.6000","","","274031"
"7506","WOCKPHARMA","Wockhardt","EQ","10.0000","1","ES","E","NSE","1410.8000","940.6000","","","84983"
"530111","RAJPACK","Raj Packaging Industries","X","1.0000","1","ES","E","BSE","32.7100","21.8100","","","80000"
"2939","RUBYMILLS","Ruby Mills","EQ","1.0000","1","ES","E","NSE","242.7000","161.8000","","","494410"
"11491","APARINDS","Apar Industries","EQ","50.0000","1","ES","E","NSE","11857.0000","7905.0000","","","10082"
"13240","SADBHAV","Sadbhav Engineering Ltd","BE","1.0000","1","ES","E","NSE","7.6600","6.9400","","","5610365"
"532780","PARSVNATH","Parsvnath Developers","B","1.0000","1","ES","E","BSE","7.1200","4.7600","","","14230424"
"1530","INDIANHUME","Indian Hume Pipe","EQ","5.0000","1","ES","E","NSE","337.7000","225.2000","","","355285"
"11618","ASTRAMICRO","Astra Microwave Products","EQ","5.0000","1","ES","E","NSE","1026.8000","684.6000","","","116782"
"503804","SHRIDINE","Shri Dinesh Mills","X","5.0000","1","ES","E","BSE","257.4000","171.6000","","","80000"
"519224","WILLAMAGOR","Williamson Magor","B","1.0000","1","ES","E","BSE","26.7600","17.8400","","","358272"
"532983","RPGLIFE","RPG Life Sciences","B","5.0000","1","ES","E","BSE","2220.1500","1480.1500","","","53817"
"10473","POWERMECH","Power Mech Projects","EQ","10.0000","1","ES","E","NSE","2079.3000","1386.3000","","","57699"
"532955","RECLTD","REC","A","5.0000","1","ES","E","BSE","335.6500","274.6500","","","326519"
"530959","DIANATEA","Diana Tea","X","1.0000","1","ES","E","BSE","27.6100","18.4100","","","80000"
"532714","KEC","KEC International","A","5.0000","1","ES","E","BSE","613.9500","409.3500","","","195390"
"523116","SANCTRN","Sanco Trans","X","5.0000","1","ES","E","BSE","740.2500","669.7500","","","80000"
"542627","CHANDNIMACH","Chandni Machines","X","1.0000","1","ES","E","BSE","76.7800","62.8200","","","80000"
"16355","PANACHE","Panache Digilife Limited","BE","5.0000","1","ES","E","NSE","298.3000","269.9000","","","351987"
"532853","ASAHISONG","Asahi Songwon Colors","B","5.0000","1","ES","E","BSE","223.2500","148.8500","","","385443"
"539450","SHK","S H Kelkar And Company","B","5.0000","1","ES","E","BSE","134.4000","89.6000","","","890045"
"512441","ENBETRD","Enbee Trade & Finance","X","1.0000","1","ES","E","BSE","0.4500","0.3100","","","80000"
"538674","CITYONLINE","City Online Services Limi","Z","1.0000","1","ES","E","BSE","6.3200","5.7200","","","80000"
"534190","OLPCL","Olympic Cards","X","1.0000","1","ES","E","BSE","3.3700","2.2500","","","80000"
"532212","ARCHIES","Archies","B","1.0000","1","ES","E","BSE","13.3000","8.8800","","","1104605"
"500166","GOODRICKE","Goodricke Group","X","5.0000","1","ES","E","BSE","176.6000","117.8000","","","80000"
"523676","GOLKUNDIA","Golkunda Diamonds & Jewel","X","5.0000","1","ES","E","BSE","313.5500","209.0500","","","80000"
"532667","SUZLON","Suzlon","A","1.0000","1","ES","E","BSE","43.5200","35.6200","","","2523492"
"1267","GUJALKALI","Gujarat Alkalies & Chemicals","EQ","5.0000","1","ES","E","NSE","625.4000","511.7000","","","175827"
"533263","GREENPOWER","Orient Green Power","B","1.0000","1","ES","E","BSE","9.6300","6.4300","","","12437560"
"13106","NAHARINDUS","Nahar Industrial Enterprises","EQ","1.0000","1","ES","E","NSE","100.9900","67.3300","","","1188196"
"519532","ASIANTNE","Asian Tea & Exports","X","1.0000","1","ES","E","BSE","10.6800","7.1200","","","80000"
"531744","GINISILK","Gini Silk Mills","X","1.0000","1","ES","E","BSE","53.0400","35.3600","","","80000"
"514330","ONEGLOBAL","One Global Service","X","5.0000","1","ES","E","BSE","520.5000","425.9000","","","80000"
"534816","INDUSTOWER","Indus Towers","A","5.0000","1","ES","E","BSE","459.7000","376.2000","","","237434"
"503657","VEERENRGY","Veer Energy & Infrastructure","X","1.0000","1","ES","E","BSE","11.4800","7.6600","","","80000"
"511533","SAHARAHOUS","Sahara Housingfina Corp.","X","1.0000","1","ES","E","BSE","44.3500","29.5700","","","80000"
"500135","EPL","EPL Limited","A","5.0000","1","ES","E","BSE","245.9000","164.0000","","","486863"
"517344","MINDTECK","Mindteck","B","5.0000","1","ES","E","BSE","175.9500","117.3500","","","682542"
"685","CHOLAFIN","Cholamandalam Investment","EQ","10.0000","1","ES","E","NSE","1490.1000","1219.3000","","","73259"
"533315","INOVSYNTH","Innovassynth Investments","X","1.0000","1","ES","E","BSE","82.9900","55.3300","","","80000"
"2183","TSFINV","Sundaram Finance Hold","EQ","5.0000","1","ES","E","NSE","405.1500","270.1500","","","296064"
"539889","PARAGMILK","Parag Milk Foods","B","5.0000","1","ES","E","BSE","215.5500","143.7500","","","555986"
"507917","EASTBUILD","East Buildtech","X","1.0000","1","ES","E","BSE","46.5800","42.1600","","","80000"
"13337","GALLANTT","Gallantt Ispat","EQ","5.0000","1","ES","E","NSE","658.3000","438.9000","","","182167"
"502294","NILACHAL","Nilachal Refractories","X","1.0000","1","ES","E","BSE","51.3700","46.4900","","","80000"
"524522","LAFFANSQ","Laffans Petrochemicals","X","1.0000","1","ES","E","BSE","35.5200","23.6800","","","80000"
"540710","CAPACITE","Capacit'E Infraprojects L","B","5.0000","1","ES","E","BSE","244.2500","162.8500","","","491634"
"531978","AMBIKCO","Ambika Cotton Mills","B","5.0000","1","ES","E","BSE","1354.3000","902.9000","","","88531"
"535789","SAMMAANCAP","Sammaan Capital","A","5.0000","1","ES","E","BSE","164.4500","134.5500","","","668734"
"3703","VIPIND","VIP Industries","EQ","5.0000","1","ES","E","NSE","362.7000","241.8000","","","330837"
"524564","GAYATRIBI","Gayatri Bioorganics","X","1.0000","1","ES","E","BSE","14.5100","13.1300","","","80000"
"590073","WHEELS","Wheels India","B","5.0000","1","ES","E","BSE","1195.8000","797.2000","","","100273"
"16249","CCAVENUE","AvenuesAI Limited","EQ","1.0000","1","ES","E","NSE","16.0800","10.7200","","","7460851"
"17728","ASTEC","Astec Lifesciences","EQ","5.0000","1","ES","E","NSE","648.7000","432.5000","","","184964"
"542597","MSTCLTD","MSTC","B","5.0000","1","ES","E","BSE","439.7000","293.2000","","","273292"
"509073","HATHWAYB","Hathway Bhawani Cabletel","X","1.0000","1","ES","E","BSE","12.7900","8.5300","","","80000"
"532538","ULTRACEMCO","Ultratech Cement","A","5.0000","1","ES","E","BSE","11819.4000","9670.5000","","","9135"
"13560","GRINDWELL","Grindwell Norton","EQ","10.0000","1","ES","E","NSE","1623.7000","1082.5000","","","73850"
"29210","SITINET","Siti Networks Limited","BZ","1.0000","1","ES","E","NSE","0.3000","0.2800","","","28516160"
"531550","JHACC","Jhaveri Credits & Capital","X","5.0000","1","ES","E","BSE","227.1500","151.4500","","","80000"
"590003","KARURVYSYA","Karur Vysya Bank","B","5.0000","1","ES","E","BSE","346.8500","231.2500","","","345038"
"14908","KDDL","KDDL","EQ","10.0000","1","ES","E","NSE","2431.2000","1620.8000","","","49357"
"17888","GATECH","GACM Technologies","EQ","1.0000","1","ES","E","NSE","0.4800","0.3200","","","36059671"
"533336","DHUNINV","Dhunseri Investments","B","5.0000","1","ES","E","BSE","831.8000","554.6000","","","144862"
"523652","KKPLASTICK","Kkalpana Plastick","X","1.0000","1","ES","E","BSE","29.8400","27.0000","","","80000"
"512344","ARAVALIS","Aravali Securities & Fina","XT","1.0000","1","ES","E","BSE","4.4600","4.0400","","","80000"
"535601","SREEL","Sreeleathers","B","5.0000","1","ES","E","BSE","201.5000","134.4000","","","599321"
"500304","NIITLTD","NIIT","B","1.0000","1","ES","E","BSE","60.6000","40.4000","","","1984792"
"16821","VINYLINDIA","Vinyl Chemicals","EQ","1.0000","1","ES","E","NSE","197.9700","131.9900","","","599623"
"509496","CEMPRO","Cemindia Projects","A","5.0000","1","ES","E","BSE","612.7000","408.5000","","","195666"
"542729","DCMNVL","Dcm Nouvelle","B","1.0000","1","ES","E","BSE","118.8000","79.2000","","","610762"
"532007","SHVFL","Shreevatsaa Finance & Lea","X","1.0000","1","ES","E","BSE","32.1600","29.1000","","","80000"
"532455","SHALIWIR","Shalimar Wires Industries","X","1.0000","1","ES","E","BSE","19.8900","13.2700","","","80000"
"500067","BLUESTARCO","Blue Star","A","5.0000","1","ES","E","BSE","1771.5500","1449.4500","","","61890"
"516030","PAKKA","Yash Pakka","B","1.0000","1","ES","E","BSE","96.5100","64.3500","","","1241421"
"519234","SIEL","Superior Industrial Enter","X","1.0000","1","ES","E","BSE","37.8000","25.2000","","","80000"
"540199","CMBL","Corporate Merchant Banker","X","1.0000","1","ES","E","BSE","48.4700","43.8700","","","80000"
"523405","JMFINANCIL","JM Financial","A","5.0000","1","ES","E","BSE","136.2500","90.8500","","","879854"
"532934","PPAP","PPAP Automotive","B","5.0000","1","ES","E","BSE","212.7500","141.8500","","","461562"
"2442","NOCIL","NOCIL","EQ","1.0000","1","ES","E","NSE","184.3300","122.8900","","","650896"
"1424","HINDZINC","Hindustan Zinc","EQ","5.0000","1","ES","E","NSE","552.3500","451.9500","","","198589"
"504220","WSI","W.S.Industries","B","1.0000","1","ES","E","BSE","75.4600","50.3200","","","1570340"
"532986","NIRAJ","Niraj Cement Structurals","B","1.0000","1","ES","E","BSE","24.8200","16.5600","","","1952004"
"502175","SAURASHCEM","Saurashtra cement","B","1.0000","1","ES","E","BSE","58.0500","38.7100","","","2073727"
"507315","SAKHTISUG","Sakhti Sugars","B","1.0000","1","ES","E","BSE","17.1000","11.4000","","","3886363"
"542911","ASSAMENT","Assam Entrade","X","5.0000","1","ES","E","BSE","897.4000","812.0000","","","80000"
"10604","BHARTIARTL","Bharti Airtel","EQ","10.0000","1","ES","E","NSE","1960.6000","1604.2000","","","54837"
"538770","CRANEINFRA","Crane Infrastructure","X","1.0000","1","ES","E","BSE","12.5700","8.3900","","","80000"
"524824","BALPHARMA","Bal Pharma","B","1.0000","1","ES","E","BSE","72.1600","48.1200","","","520612"
"521109","NAGREEKEXP","Nagreeka Exports","B","1.0000","1","ES","E","BSE","22.0300","14.6900","","","1021850"
"524458","INDOEURO","Indo Euro Indchem","X","1.0000","1","ES","E","BSE","9.5200","6.3600","","","80000"
"514171","CEETAIN","Ceeta Industries","XT","1.0000","1","ES","E","BSE","43.5700","39.4300","","","80000"
"20071","INTENTECH","Intense Technologies","EQ","1.0000","1","ES","E","NSE","84.1400","56.1000","","","772519"
"523672","FLEXFO","Flex Foods","X","1.0000","1","ES","E","BSE","36.3100","24.2100","","","80000"
"530187","ATHARVENT","Atharv Enterprises","X","1.0000","1","ES","E","BSE","4.4800","3.0000","","","80000"
"18457","POWERINDIA","Abb Power Pro N Sys Ind L","EQ","500.0000","1","ES","E","NSE","26655.0000","21815.0000","","","4100"
"501148","DSINVEST","Dalal Street Investments","XT","5.0000","1","ES","E","BSE","350.4000","336.7000","","","80000"
"503127","RAJABAH","Raja Bahadur International","X","5.0000","1","ES","E","BSE","4515.0000","4085.0000","","","80000"
"2912","RIIL","Reliance Industrial Infra Ltd","EQ","5.0000","1","ES","E","NSE","749.2500","499.5500","","","160150"
"502850","ZGAEKWAR","Gaekwar Mills","X","1.0000","1","ES","E","BSE","15.7800","14.2800","","","80000"
"537840","RAUNAQ","Raunaq Epc International","X","1.0000","1","ES","E","BSE","56.4700","51.1100","","","80000"
"1162","GTL","GTL","EQ","1.0000","1","ES","E","NSE","6.0800","4.0600","","","5143604"
"532797","AUTOIND","Autoline Industries","B","1.0000","1","ES","E","BSE","58.8900","39.2700","","","1483775"
"517119","PCS","PCS Technology","X","1.0000","1","ES","E","BSE","20.5600","13.7200","","","80000"
"3321","SPMLINFRA","SPML Infra","EQ","1.0000","1","ES","E","NSE","184.4700","122.9900","","","650421"
"512099","EY","Punit Commercials","XT","5.0000","1","ES","E","BSE","966.0000","874.0000","","","80000"
"500247","KOTAKBANK","Kotak Bank","A","5.0000","1","ES","E","BSE","388.5000","317.9000","","","278500"
"532725","SOLARINDS","Solar Industries India","A","5.0000","1","ES","E","BSE","13277.6500","10863.5500","","","8234"
"539947","JLL","Jindal Leasefin","XT","1.0000","1","ES","E","BSE","65.8200","59.5600","","","80000"
"20936","KIRLOSENG","Kirloskar Oil Eng","EQ","10.0000","1","ES","E","NSE","1594.6000","1063.2000","","","75145"
"8687","MUKTAARTS","Mukta Arts","EQ","1.0000","1","ES","E","NSE","44.7700","29.8500","","","738536"
"531370","SPAR","Sparc Systems","X","1.0000","1","ES","E","BSE","4.2600","2.8400","","","80000"
"7627","SHREERAMA","Shree Rama Multi Tech","EQ","1.0000","1","ES","E","NSE","55.5200","37.0200","","","2161113"
"15151","MADHAV","Madhav Marble & Granite","EQ","1.0000","1","ES","E","NSE","37.1200","24.7600","","","292566"
"531676","EMROCK","Emrock Corporation","XT","5.0000","1","ES","E","BSE","252.9000","228.9000","","","80000"
"532774","INSPIRISYS","Inspirisys Solutions","T","1.0000","1","ES","E","BSE","74.4900","67.4100","","","1295471"
"532716","GILLANDERS","Gillanders Arbuthnot","B","1.0000","1","ES","E","BSE","96.9800","64.6600","","","697894"
"526","BPCL","Bharat Petroleum","EQ","5.0000","1","ES","E","NSE","309.1000","252.9000","","","355757"
"18086","DBL","Dilip Buildcon","EQ","5.0000","1","ES","E","NSE","464.6000","309.8000","","","258124"
"532848","DELTACORP","Delta Corp","A","1.0000","1","ES","E","BSE","59.3100","39.5500","","","2026491"
"100","ARE&M","Amara Raja Energy & Mobility","EQ","5.0000","1","ES","E","NSE","806.9000","538.0000","","","148616"
"18011","WHIRLPOOL","Whirlpool","EQ","5.0000","1","ES","E","NSE","947.6000","631.8000","","","126618"
"531341","GUJINV","Gujarat Investa","X","1.0000","1","ES","E","BSE","20.6600","18.7000","","","80000"
"14582","SRHHYPOLTD","Sree Rayalseema Hhp","EQ","5.0000","1","ES","E","NSE","460.8000","307.2000","","","260407"
"514302","VIPPYSP","Vippy Spinpro","X","5.0000","1","ES","E","BSE","158.5000","105.7000","","","80000"
"517562","TRIGYN","Trigyn Technologies","B","1.0000","1","ES","E","BSE","45.8000","30.5400","","","1006693"
"532710","SADBHAV","Sadbhav Engineering","T","1.0000","1","ES","E","BSE","7.7500","7.0300","","","5610365"
"501391","WHBRADY","W.H.Brady & Co.","X","5.0000","1","ES","E","BSE","602.4500","401.6500","","","80000"
"10922","OMAXAUTO","Omax Autos","EQ","1.0000","1","ES","E","NSE","110.4300","73.6300","","","698838"
"540221","SHASHANK","Shashank Traders","X","1.0000","1","ES","E","BSE","32.4300","29.3500","","","80000"
"506414","FERMENTA","Fermenta Biotech","X","5.0000","1","ES","E","BSE","382.8500","255.2500","","","80000"
"531600","GOGIACAPGL","Gogia Capital Services","X","1.0000","1","ES","E","BSE","84.0000","76.0000","","","80000"
"532723","MPDL","Monnet Project Developers","X","1.0000","1","ES","E","BSE","34.5800","31.3000","","","80000"
"541556","RITES","Rites","A","5.0000","1","ES","E","BSE","210.7000","140.5000","","","569034"
"532741","KAMDHENU","Kamdhenu","B","1.0000","1","ES","E","BSE","20.8200","13.8800","","","5783675"
"500125","EIDPARRY","EID Parry","A","5.0000","1","ES","E","BSE","930.2000","620.2000","","","128779"
"501945","DHENUBUILD","Dhenu Buildcon Infra","Z","1.0000","1","ES","E","BSE","8.0300","7.7300","","","80000"
"14366","IDEA","Vodafone Idea","EQ","1.0000","1","ES","E","NSE","9.3800","7.6800","","","11701047"
"940","PGHL","Procter & Gamble Health","EQ","10.0000","1","ES","E","NSE","5758.5000","3839.1000","","","20832"
"500820","ASIANPAINT","Asian Paints","A","5.0000","1","ES","E","BSE","2380.9500","1948.0500","","","46041"
"12489","SWSOLAR","Sterling And Wilson Solar","EQ","1.0000","1","ES","E","NSE","178.6500","119.1100","","","671637"
"511074","EASYFIN","Weizmann Fincorp","Z","5.0000","1","ES","E","BSE","1485.0000","148.5000","","","80000"
"541770","CREDITACC","Creditaccess Grameen","A","5.0000","1","ES","E","BSE","1386.4000","924.3000","","","86319"
"531814","TIRSARJ","Tirupati Sarjan","X","1.0000","1","ES","E","BSE","7.8900","5.2700","","","80000"
"17651","POKARNA","Pokarna","EQ","5.0000","1","ES","E","NSE","913.7000","747.6000","","","120357"
"7480","BLUECOAST","Blue Coast Hotels","EQ","1.0000","1","ES","E","NSE","20.8300","18.8500","","","562193"
"519097","RITESHIN","Ritesh International","X","1.0000","1","ES","E","BSE","60.5100","49.5100","","","80000"
"539132","WARDWIZFBL","Wardwizard Foods and Beverages","X","1.0000","1","ES","E","BSE","9.2600","8.3800","","","80000"
"540048","SPAL","S. P. Apparels","B","5.0000","1","ES","E","BSE","843.5000","562.4000","","","143529"
"526821","DAICHI","Dai-Ichi Karkaria","X","5.0000","1","ES","E","BSE","267.2000","178.2000","","","80000"
"500680","PFIZER","Pfizer","A","5.0000","1","ES","E","BSE","5663.7000","3775.8000","","","21181"
"25088","ASAHISONG","Asahi Songwon Color","EQ","1.0000","1","ES","E","NSE","223.7400","149.1600","","","385443"
"538935","ABHIFIN","Abhishek Finlease","X","1.0000","1","ES","E","BSE","42.1500","38.1500","","","80000"
"11532","ULTRACEMCO","Ultratech Cement","EQ","100.0000","1","ES","E","NSE","11819.0000","9671.0000","","","9135"
"505400","TEXINFRA","Texmaco Infrastructure","B","1.0000","1","ES","E","BSE","116.1300","77.4300","","","1024382"
"532145","HOTLSILV","H.S.India","X","1.0000","1","ES","E","BSE","10.1700","6.7900","","","80000"
"11880","JSWHL","JSW Holdings","EQ","100.0000","1","ES","E","NSE","11867.0000","10737.0000","","","8846"
"500148","UFLEX","Uflex","B","5.0000","1","ES","E","BSE","400.0500","266.7500","","","299027"
"530037","SPARKLEGR","Sparkle Gold Rock","X","1.0000","1","ES","E","BSE","86.1800","77.9800","","","80000"
"535621","SVGLOBAL","S V Global Mill","X","5.0000","1","ES","E","BSE","147.0000","133.0000","","","80000"
"532424","GODREJCP","Godrej Consumer Products","A","5.0000","1","ES","E","BSE","1083.1500","886.2500","","","101301"
"532784","SOBHA","Sobha","A","5.0000","1","ES","E","BSE","1423.1000","948.8000","","","84156"
"530001","GUJALKALI","Gujarat Alkalies & Chemicals","B","5.0000","1","ES","E","BSE","625.1500","511.5500","","","175827"
"4749","CONCOR","Container Corp Of Ind","EQ","5.0000","1","ES","E","NSE","467.8000","382.8000","","","234578"
"4747","INDNIPPON","India Nippon Electricals","EQ","5.0000","1","ES","E","NSE","814.9500","543.3500","","","147242"
"25584","TRITURBINE","Triveni Turbines","EQ","5.0000","1","ES","E","NSE","527.8000","351.9000","","","227292"
"524480","RIDDHI","Riddhi Siddhi Gluco Biols","X","5.0000","1","ES","E","BSE","495.1000","330.1000","","","80000"
"501351","RAPIDIN","Rapid Investments","X","1.0000","1","ES","E","BSE","62.5300","56.5900","","","80000"
"531411","TUNITEX","Tuni Textile Mills","X","1.0000","1","ES","E","BSE","0.9600","0.8800","","","80000"
"13270","JKCEMENT","JK Cement","EQ","50.0000","1","ES","E","NSE","6096.0000","4064.0000","","","19626"
"500346","PUNJCOMMU","Punjab Communications","B","1.0000","1","ES","E","BSE","45.6900","37.3900","","","80000"
"15555","HCG","Healthcare Global Enterprises","EQ","5.0000","1","ES","E","NSE","630.2000","420.2000","","","190360"
"539449","IGCIL","IGC Industries","X","1.0000","1","ES","E","BSE","2.0500","1.6900","","","80000"
"1360","HIMATSEIDE","Himatsingka Seide","EQ","1.0000","1","ES","E","NSE","87.1600","58.1200","","","1376626"
"526027","CUBEXTUB","Cubex Tubings","B","1.0000","1","ES","E","BSE","88.2600","58.8400","","","468230"
"500449","HOCL","Hindustan Organic Chemicals","B","1.0000","1","ES","E","BSE","26.3800","17.6000","","","80000"
"505200","EICHERMOT","Eicher Motors","A","5.0000","1","ES","E","BSE","7243.3000","5926.4000","","","15087"
"10717","TEAMGTY","Times Guaranty","EQ","1.0000","1","ES","E","NSE","296.2200","197.4800","","","294075"
"500039","BANCOINDIA","Banco Products","A","5.0000","1","ES","E","BSE","605.4500","403.6500","","","198249"
"533482","KRIDHANINF","Kridhan Infra","B","1.0000","1","ES","E","BSE","2.0100","1.8300","","","3099280"
"542233","TREJHARA","Trejhara Solutions","B","5.0000","1","ES","E","BSE","149.6000","135.4000","","","700162"
"519471","AMBARPIL","Ambar Protein Industries","X","5.0000","1","ES","E","BSE","177.7000","118.5000","","","80000"
"519359","POONADAL","Poona Dal & Oil Industrie","X","1.0000","1","ES","E","BSE","72.4500","48.3100","","","80000"
"1997","LICHSGFIN","LIC Housing Finance","EQ","5.0000","1","ES","E","NSE","544.7500","445.7500","","","201873"
"500002","ABB","ABB","A","5.0000","1","ES","E","BSE","6530.1500","5342.8500","","","16740"
"17547","AMRUTANJAN","Amrutajan Health","EQ","5.0000","1","ES","E","NSE","592.3500","394.9500","","","202547"
"542906","EASUN","Easun Capital Markets Lim","XT","1.0000","1","ES","E","BSE","34.8700","31.5500","","","80000"
"532728","MALUPAPER","Malu Paper Mills","B","1.0000","1","ES","E","BSE","32.8400","21.9000","","","557837"
"504882","NATIONSTD","National Standard","B","5.0000","1","ES","E","BSE","1412.0500","1277.6500","","","80000"
"506260","ANUHPHR","Anuh Pharma","B","1.0000","1","ES","E","BSE","80.5400","53.7000","","","1492535"
"500031","BAJAJELEC","Bajaj Electricals","A","5.0000","1","ES","E","BSE","408.2000","272.2000","","","295977"
"530839","CLIOINFO","Clio Infotech","X","1.0000","1","ES","E","BSE","5.9900","5.4300","","","80000"
"523367","DCMSHRIRAM","DCM Shriram","A","5.0000","1","ES","E","BSE","1341.6000","894.4000","","","89510"
"507552","FOODSIN","Foods & Inns","B","1.0000","1","ES","E","BSE","55.7500","37.1700","","","2181975"
"11435","SPANDANA","Spandana Sphoorty Financial","EQ","1.0000","1","ES","E","NSE","220.9800","147.3200","","","542988"
"520119","ASAL","Automotive Stampings & As","B","5.0000","1","ES","E","BSE","454.7000","303.2000","","","264967"
"502933","KATRSPG","Katare Spinning Mills","X","1.0000","1","ES","E","BSE","112.8000","75.2000","","","80000"
"14775","TARMAT","Tarmat Limited","BE","1.0000","1","ES","E","NSE","53.0000","47.9600","","","819601"
"526705","ELEMARB","Elegant Marbles & Grani","X","5.0000","1","ES","E","BSE","176.5000","117.7000","","","80000"
"31837","SREEL","Sreeleathers","EQ","1.0000","1","ES","E","NSE","200.2200","133.4800","","","599321"
"530035","SANTOSHF","Santosh Fine-Fab","XT","1.0000","1","ES","E","BSE","31.9400","28.9000","","","80000"
"17945","COHANCE","Cohance Lifesciences","EQ","5.0000","1","ES","E","NSE","361.7000","241.2000","","","331685"
"504731","AZADIND","Indian Bright Steel Co.","X","1.0000","1","ES","E","BSE","88.2600","79.8600","","","80000"
"14111","NETWORK18","Network18 Media","EQ","1.0000","1","ES","E","NSE","33.0200","22.0200","","","3632952"
"532977","BAJAJ-AUTO","Bajaj Auto","A","5.0000","1","ES","E","BSE","9654.3000","7899.0000","","","11179"
"11580","WESTLIFE","Westlife Foodworld","EQ","5.0000","1","ES","E","NSE","577.5500","385.0500","","","207706"
"1835","KANORICHEM","Kanoria Chemicals & Indus","EQ","1.0000","1","ES","E","NSE","67.3600","44.9200","","","1428771"
"6944","GANECOS","Ganesha Ecosphere","EQ","5.0000","1","ES","E","NSE","1022.2000","681.5000","","","117366"
"519483","TAIIND","Tai Industries","X","1.0000","1","ES","E","BSE","26.7300","17.8300","","","80000"
"531583","RAP","Rap Corp","X","1.0000","1","ES","E","BSE","34.8100","31.5100","","","80000"
"3715","VLSFINANCE","VLS Finance","EQ","1.0000","1","ES","E","NSE","249.3600","166.2400","","","481223"
"507759","LIMECHM","Lime Chemicals","X","1.0000","1","ES","E","BSE","12.4900","11.3100","","","80000"
"20760","RPPINFRA","R.P.P Infra Projects","EQ","1.0000","1","ES","E","NSE","66.8500","44.5700","","","1621459"
"11423","DATAMATICS","Datamatics Global Services","EQ","5.0000","1","ES","E","NSE","764.7000","509.8000","","","156868"
"541336","INDOSTAR","Indostar Capital Finance","B","5.0000","1","ES","E","BSE","227.5500","151.7500","","","526883"
"540904","TIRUFOAM","Tirupati Foam","X","1.0000","1","ES","E","BSE","75.8600","68.6400","","","80000"
"19525","IITL","Industrial Inv Trust Ltd","EQ","1.0000","1","ES","E","NSE","151.1000","100.7400","","","713760"
"523011","WEIZMANIND","Weizmann","B","1.0000","1","ES","E","BSE","80.1000","53.4000","","","506648"
"540124","GNA","G N A Axles","B","5.0000","1","ES","E","BSE","428.5000","285.7000","","","280338"
"3766","WHEELS","Wheels India","EQ","5.0000","1","ES","E","NSE","1196.7000","797.8000","","","100273"
"533451","KARMAENG","Karma Energy","B","1.0000","1","ES","E","BSE","37.3300","33.7900","","","378336"
"531431","SHAKTIPUMP","Shakti Pumps","A","5.0000","1","ES","E","BSE","552.4000","368.3000","","","217303"
"7109","JMA","Jullundur Mot Agency","EQ","1.0000","1","ES","E","NSE","91.0600","60.7200","","","746902"
"10577","KRBL","KRBL","EQ","5.0000","1","ES","E","NSE","338.6000","225.8000","","","354321"
"19578","UGARSUGAR","Ugar Sugar Works","EQ","1.0000","1","ES","E","NSE","47.0200","31.3600","","","2551612"
"500620","GESHIP","Great Eastern Shipping Co.","A","5.0000","1","ES","E","BSE","1696.3000","1130.9000","","","70669"
"531043","ZDHJERK","Dhanvantri Jeevan Rekha L","X","1.0000","1","ES","E","BSE","26.3900","23.8900","","","80000"
"532814","INDIANB","Indian Bank","A","5.0000","1","ES","E","BSE","930.5000","761.4000","","","117185"
"531322","HAVISHA","Sri Havisha Hospital","B","1.0000","1","ES","E","BSE","1.3400","0.9000","","","5020620"
"521105","OLYMPTX","Olympia Industries","X","1.0000","1","ES","E","BSE","31.2000","20.8000","","","80000"
"534597","RTNINDIA","RattanIndia Enterprises","A","1.0000","1","ES","E","BSE","30.7500","20.5100","","","3896617"
"511571","CRESCENTIS","Crescentis Capital","X","5.0000","1","ES","E","BSE","134.6000","89.8000","","","80000"
"2816","RALLIS","Rallis India","EQ","1.0000","1","ES","E","NSE","261.9000","174.6000","","","458168"
"538611","RTFL","Real Touch Finance Limited","Z","1.0000","1","ES","E","BSE","57.3300","51.8700","","","80000"
"523269","ADVANIHOTR","Advani Hotels & Resorts","B","1.0000","1","ES","E","BSE","56.4200","37.6200","","","2123127"
"21951","HFCL","HFCL","EQ","1.0000","1","ES","E","NSE","81.4300","54.2900","","","1472439"
"526945","TYROON","Tyroon Tea","X","1.0000","1","ES","E","BSE","100.2200","66.8200","","","80000"
"20616","SUPERHOUSE","Superhouse","EQ","1.0000","1","ES","E","NSE","157.2400","104.8400","","","360517"
"11884","MANINDS","Man Industries India","EQ","5.0000","1","ES","E","NSE","382.0000","254.7000","","","314065"
"20481","WIPL","THE Western India Ply Ltd","EQ","1.0000","1","ES","E","NSE","173.4300","115.6300","","","277536"
"509040","NETLINK","Netlink Solutions","XT","5.0000","1","ES","E","BSE","186.3500","168.6500","","","80000"
"523736","DVL","Dhunseri Ventures","B","5.0000","1","ES","E","BSE","225.1000","150.1000","","","533637"
"538568","FRUTION","Fruition Venture","X","1.0000","1","ES","E","BSE","34.0700","30.8300","","","80000"
"506687","TRANSPEK","Transpek Ind.","X","5.0000","1","ES","E","BSE","1051.5500","701.0500","","","80000"
"380","BBTC","Bombay Burmah Trading","EQ","10.0000","1","ES","E","NSE","1586.4000","1057.6000","","","75632"
"540222","LAURUSLABS","Laurus Labs","A","5.0000","1","ES","E","BSE","1091.0000","892.7000","","","100413"
"531991","AMRAAGRI","Amraworld Agrico","X","1.0000","1","ES","E","BSE","0.5600","0.3800","","","80000"
"526299","MPHASIS","Mphasis","A","5.0000","1","ES","E","BSE","2259.3000","1848.6000","","","48658"
"14868","FLFL","FUT Lifestyle Fash Ltd","BZ","1.0000","1","ES","E","NSE","1.2300","1.1300","","","6598038"
"531402","LWSKNIT","Lws Knitwear","X","1.0000","1","ES","E","BSE","18.4800","12.3200","","","80000"
"513043","REMIEDEL","Remi Edelstahl Tubulars L","X","5.0000","1","ES","E","BSE","161.7000","107.8000","","","80000"
"541400","ZIMLAB","Zim Laboratories","B","1.0000","1","ES","E","BSE","71.8400","47.9000","","","1593661"
"21077","SURANASOL","Surana Solar","EQ","1.0000","1","ES","E","NSE","22.5300","15.0300","","","1609055"
"2388","NELCO","NELCO","EQ","5.0000","1","ES","E","NSE","607.3000","404.9000","","","197584"
"14423","LAOPALA","La Opala Rg","EQ","1.0000","1","ES","E","NSE","196.8000","131.2000","","","609722"
"13376","UTTAMSUGAR","Uttam Sugar Mills","EQ","1.0000","1","ES","E","NSE","299.8300","199.8900","","","400221"
"532656","FACORALL","Facor Alloys","X","1.0000","1","ES","E","BSE","2.2300","1.4900","","","80000"
"511185","RAJVI","Suryakripa Finance","X","1.0000","1","ES","E","BSE","13.7100","12.4100","","","80000"
"4","21STCENMGM","21St Century Mgmt Service","EQ","1.0000","1","ES","E","NSE","29.4800","28.3400","","","343349"
"534612","AMTL","Advance Metering Technolo","X","1.0000","1","ES","E","BSE","21.1200","17.2800","","","80000"
"541019","HGINFRA","H.G. Infra Engineering Li","B","5.0000","1","ES","E","BSE","517.7000","345.2000","","","231748"
"519331","VSFPROJ","VSF Projects","X","1.0000","1","ES","E","BSE","36.0100","24.0100","","","80000"
"25328","APLLTD","Alembic Pharma","EQ","5.0000","1","ES","E","NSE","795.9000","530.6000","","","150763"
"500092","CRISIL","CRISIL","A","5.0000","1","ES","E","BSE","4510.3000","3006.9000","","","26546"
"526251","MIDEASTP","Mid East Portfolio Manage","X","1.0000","1","ES","E","BSE","21.9100","14.6100","","","80000"
"547","BRITANNIA","Britannia Industries","EQ","50.0000","1","ES","E","NSE","5965.0000","4881.0000","","","18305"
"522295","CONTROLPR","Control Print","B","5.0000","1","ES","E","BSE","629.0000","419.4000","","","190651"
"526721","NICCOPAR","Nicco Parks & Resorts","X","1.0000","1","ES","E","BSE","74.1700","49.4500","","","80000"
"8585","NLCINDIA","NLC India","EQ","5.0000","1","ES","E","NSE","322.3000","214.9000","","","371618"
"539289","AURUM","Majesco","B","5.0000","1","ES","E","BSE","185.2000","123.5000","","","645639"
"511726","VIPULLTD","Vipul","T","1.0000","1","ES","E","BSE","10.4900","10.0900","","","4609374"
"534742","ZUARI","Zuari Agro Chemicals","B","5.0000","1","ES","E","BSE","218.8500","145.9500","","","551927"
"758836","SIMBHALS","SIMBHAOLI SUGARS LTD.","BZ","1.0000","1","ES","E","NSE","7.0900","6.4300","","","1349823"
"2018","LUMAXIND","Lumax Industries","EQ","10.0000","1","ES","E","NSE","5584.8000","3723.2000","","","21481"
"13592","HGM","HOV Services","EQ","1.0000","1","ES","E","NSE","55.2400","36.8400","","","411855"
"530663","GOYALASS","Goyal Associates","X","1.0000","1","ES","E","BSE","0.7800","0.5200","","","80000"
"3512","TNTELE","Tamilnadu Telecommunicati","EQ","1.0000","1","ES","E","NSE","8.9200","7.3000","","","1493454"
"506618","PUNJABCHEM","Punjab Chemicals And Crop.","B","5.0000","1","ES","E","BSE","1063.3500","708.9500","","","112015"
"530469","GSLSEC","GSL Securities","XT","1.0000","1","ES","E","BSE","38.7200","35.0400","","","80000"
"19677","ANSALAPI","Ansal Prop & Infra Ltd","BZ","1.0000","1","ES","E","NSE","3.0300","2.9300","","","5147139"
"24231","OMINFRAL","Om Metals Infraprojects","EQ","1.0000","1","ES","E","NSE","96.6400","64.4400","","","1241548"
"511754","SAHLIBHFI","Shalibhadra Finance","X","1.0000","1","ES","E","BSE","93.4000","62.2800","","","80000"
"532305","INDSWFTLAB","Ind-Swift Laboratories","B","5.0000","1","ES","E","BSE","157.9000","105.3000","","","760782"
"13367","SGL","STL Global","EQ","1.0000","1","ES","E","NSE","10.2400","6.8400","","","882602"
"590031","DENORA","De Nora India","B","5.0000","1","ES","E","BSE","814.2000","542.8000","","","146730"
"1805","KABRAEXTRU","Kabra Extrusion Technik L","EQ","1.0000","1","ES","E","NSE","219.6000","146.4000","","","546415"
"511108","SHIVATEX","Shiva Texyarn","B","5.0000","1","ES","E","BSE","145.4000","97.0000","","","423880"
"534338","MAXHEIGHTS","Maxheights Infrastructure","X","1.0000","1","ES","E","BSE","14.3100","9.5500","","","80000"
"14707","TIMETECHNO","Time Technoplast","EQ","1.0000","1","ES","E","NSE","190.1000","126.7400","","","630866"
"532732","KKCL","Kewal Kiran Clothing","B","5.0000","1","ES","E","BSE","498.9500","332.6500","","","239968"
"13229","GVKPIL","GVK Pow. & Infra Ltd.","BE","1.0000","1","ES","E","NSE","2.4100","2.3300","","","42193370"
"13620","ANANTRAJ","Anant Raj","EQ","5.0000","1","ES","E","NSE","486.8000","324.6000","","","246155"
"523483","PACIFICI","Pacific Industries","X","5.0000","1","ES","E","BSE","133.7000","89.2000","","","80000"
"503349","VICTMILL","Victoria Mills","X","5.0000","1","ES","E","BSE","5909.7000","3939.8000","","","80000"
"509597","HARDCAS","Hardcastle & Waud Mfg.Co.","X","5.0000","1","ES","E","BSE","728.4000","596.0000","","","80000"
"532374","STLTECH","Sterlite Technologies","A","5.0000","1","ES","E","BSE","194.0500","158.8500","","","566721"
"534060","PMCFIN","Pmc Fincorp","X","1.0000","1","ES","E","BSE","2.0600","1.3800","","","80000"
"531518","VIKASPROP","Vikas Proppant & Granite","Z","1.0000","1","ES","E","BSE","0.3000","0.2800","","","80000"
"511200","MUNCAPM","Munoth Capital Market","XT","5.0000","1","ES","E","BSE","129.6500","117.3500","","","80000"
"533149","YUNIKM","Yunik Managing Advisors","X","1.0000","1","ES","E","BSE","6.3700","4.2500","","","80000"
"500877","APOLLOTYRE","Apollo Tyres","A","5.0000","1","ES","E","BSE","494.4000","329.6000","","","241973"
"502450","SESHAPAPER","Seshasayee Paper & Boards","B","5.0000","1","ES","E","BSE","294.6000","196.4000","","","405591"
"5068","SHEMAROO","Shemaroo Entertainment","EQ","1.0000","1","ES","E","NSE","89.0500","59.3700","","","893373"
"533295","PSB","Punjab & Sind Bank","B","1.0000","1","ES","E","BSE","24.7300","16.4900","","","4839189"
"538539","ANVRDHI","Annvrridhhi ventures","XT","1.0000","1","ES","E","BSE","10.0600","9.1200","","","80000"
"21614","ABCAPITAL","Aditya Birla Capital","EQ","5.0000","1","ES","E","NSE","321.4500","263.0500","","","340531"
"523385","NILKAMAL","Nilkamal","B","5.0000","1","ES","E","BSE","1280.4500","853.6500","","","93743"
"500335","BIRLACORPN","Birla Corporation","A","5.0000","1","ES","E","BSE","1001.2500","667.5500","","","119820"
"532701","CELLA","Cella Space","Z","1.0000","1","ES","E","BSE","14.3300","12.9700","","","80000"
"534598","SAMPANN","S.E. Power","B","1.0000","1","ES","E","BSE","29.7000","19.8000","","","1327946"
"514113","ADINATH","Adinath Textiles","X","1.0000","1","ES","E","BSE","19.8900","18.0100","","","80000"
"531212","NLFL","Nalin Lease Finance","X","1.0000","1","ES","E","BSE","45.9100","30.6100","","","80000"
"523323","KOVAI","Kovai Medical Center & Ho","B","5.0000","1","ES","E","BSE","6027.1500","4018.1500","","","80000"
"532864","NELCAST","Nelcast","B","5.0000","1","ES","E","BSE","137.2000","91.5000","","","870011"
"4116","HBSL","HB Stockholdings","EQ","1.0000","1","ES","E","NSE","44.7600","40.5000","","","233401"
"524790","EVERESTO","Everest Organics","X","5.0000","1","ES","E","BSE","244.1000","162.8000","","","80000"
"513452","ELANGO","Elango Industries","X","1.0000","1","ES","E","BSE","9.1000","8.2400","","","80000"
"530825","DAIKAFFI","Daikaffil Chemicals India","X","1.0000","1","ES","E","BSE","46.1500","41.7700","","","80000"
"538714","SANGAMFIN","Sangam Finserv","X","1.0000","1","ES","E","BSE","43.3500","28.9100","","","80000"
"542773","IIFLCAPS","Iifl Capital Services","A","5.0000","1","ES","E","BSE","292.6500","195.1500","","","409509"
"509472","CRAVATEX","Cravatex","X","5.0000","1","ES","E","BSE","366.2000","244.2000","","","80000"
"508906","EVERESTIND","Everest Industries","B","5.0000","1","ES","E","BSE","349.6000","233.1000","","","344402"
"537292","AGRITECH","Agri- Tech","B","1.0000","1","ES","E","BSE","102.4600","83.8400","","","194237"
"514030","DEEPAKSP","Deepak Spinners","X","1.0000","1","ES","E","BSE","108.3000","72.2000","","","80000"
"500800","TATACONSUM","TATA Consumer Products","A","5.0000","1","ES","E","BSE","1115.8500","913.0500","","","97966"
"526325","ORIENTLTD","Orient Press","B","1.0000","1","ES","E","BSE","70.7800","47.2000","","","326999"
"9678","SOUTHWEST","South West Pinnacle","EQ","1.0000","1","ES","E","NSE","255.4400","170.3000","","","469763"
"538836","MONTECARLO","Monte Carlo Fashions","B","5.0000","1","ES","E","BSE","562.0500","374.7500","","","214162"
"519299","PRIMIND","Prime Industries","X","1.0000","1","ES","E","BSE","25.3300","20.7300","","","80000"
"526025","GLOBUSCON","Globus Constructors & Dev","X","1.0000","1","ES","E","BSE","13.5200","9.0200","","","80000"
"527005","SHREEPAC","Shree Pacetronix","X","1.0000","1","ES","E","BSE","109.8600","73.2400","","","80000"
"522257","RAJOOENG","Rajoo Engineers","B","1.0000","1","ES","E","BSE","55.9200","37.2800","","","2142138"
"524434","ASINPET","Asian Petroproducts & Exp","X","1.0000","1","ES","E","BSE","9.2100","6.1500","","","80000"
"371","BATAINDIA","Bata","EQ","5.0000","1","ES","E","NSE","729.0000","486.0000","","","164515"
"14942","NAGREEKCAP","Nagreeka Cap & Infr.Ltd","EQ","1.0000","1","ES","E","NSE","25.0600","16.7200","","","412520"
"31017","THOMASCOTT","Thomas Scott (India) Ltd","EQ","1.0000","1","ES","E","NSE","282.6000","188.4000","","","424619"
"526783","DRAGARWQ","Dr.Agarwals Eye Hospital","B","5.0000","1","ES","E","BSE","5639.4500","3759.6500","","","80000"
"526953","VENUSREM","Venus Remedies","B","5.0000","1","ES","E","BSE","866.8500","784.3500","","","121933"
"531163","KEMISTAR","Kemistar Corporation Limited","X","1.0000","1","ES","E","BSE","82.7400","55.1600","","","80000"
"2463","MIDHANI","Mishra Dhatu Nigam","EQ","5.0000","1","ES","E","NSE","324.5000","216.4000","","","369621"
"524051","POLYPLEX","Polyplex Corporation","B","5.0000","1","ES","E","BSE","896.1000","597.4000","","","133700"
"507490","RANASUG","Rana Sugars","B","1.0000","1","ES","E","BSE","14.1600","9.4400","","","5021667"
"507817","WIREFABR","Wires & Fabriks (Sa)","X","5.0000","1","ES","E","BSE","135.0500","122.2500","","","80000"
"532790","TANLA","Tanla Platforms","A","5.0000","1","ES","E","BSE","453.4500","302.3500","","","264836"
"542685","DGCONTENT","Digicontent","B","1.0000","1","ES","E","BSE","26.1000","17.4000","","","1902717"
"4127","SAMBHAAV","Sambhaav Media","EQ","1.0000","1","ES","E","NSE","5.4700","4.9500","","","6249324"
"505800","RANEHOLDIN","Rane Holdings","B","5.0000","1","ES","E","BSE","1192.7000","795.2000","","","100801"
"540648","PALASHSECU","Palash Securities","B","1.0000","1","ES","E","BSE","96.8500","64.5700","","","327101"
"11301","LUXIND","Lux Industries","EQ","5.0000","1","ES","E","NSE","991.0500","660.7500","","","121068"
"538874","NEXUSSURGL","Nexus Surgical & Medicare","X","1.0000","1","ES","E","BSE","19.2300","12.8300","","","80000"
"1485","IFBIND","IFB Industries","EQ","5.0000","1","ES","E","NSE","1072.9000","715.3000","","","111831"
"531234","SCOOBEEDAY","Victory Paper & Boards","X","1.0000","1","ES","E","BSE","68.5600","56.1000","","","80000"
"542905","HINDWAREAP","Somany Home Innovation","B","5.0000","1","ES","E","BSE","209.4500","139.6500","","","571973"
"17351","SALONA","Salona Cotspin","EQ","5.0000","1","ES","E","NSE","321.9500","214.6500","","","172080"
"524592","JAYSYNTH","JD Orgochem","X","1.0000","1","ES","E","BSE","11.6000","7.7400","","","80000"
"531358","CHOICEIN","Choice International","A","5.0000","1","ES","E","BSE","733.4000","489.0000","","","163740"
"530675","YORKEXP","York Exports","X","1.0000","1","ES","E","BSE","66.8600","60.5000","","","80000"
"531426","TNPL","Tamilnadu Newsprt & Paper","B","5.0000","1","ES","E","BSE","147.3500","98.2500","","","815992"
"542726","INDIAMART","Indiamart","A","5.0000","1","ES","E","BSE","2380.6500","1587.1500","","","50292"
"13816","LTFOODS","LT Foods","EQ","5.0000","1","ES","E","NSE","435.9500","290.6500","","","275024"
"524324","SEYAIND","Seya Industries","T","1.0000","1","ES","E","BSE","10.6500","10.2500","","","868856"
"542337","SPENCERS","Spencers Retail","B","1.0000","1","ES","E","BSE","29.5200","19.6800","","","2947538"
"524330","JAYAGROGN","Jayant Agro-Organics","B","5.0000","1","ES","E","BSE","180.5000","120.4000","","","667679"
"542938","OCTAVIUSPL","Octavius Plantations Limi","X","1.0000","1","ES","E","BSE","42.1000","38.1000","","","80000"
"3579","UNICHEMLAB","Unichem Laboratories","EQ","5.0000","1","ES","E","NSE","352.1000","234.8000","","","340763"
"530459","VALSONQ","Valson Industries","X","1.0000","1","ES","E","BSE","29.4000","26.6000","","","80000"
"541546","GAYAHWS","Gayatri Highways","B","1.0000","1","ES","E","BSE","2.1200","1.9200","","","7836617"
"14008","AVTNPL","AVT Natural Products","EQ","1.0000","1","ES","E","NSE","65.0800","43.4000","","","1843550"
"522241","MMFL","M.M.Forgings","B","5.0000","1","ES","E","BSE","442.9500","295.3500","","","269121"
"9348","IOB","Indian Overseas Bank","EQ","1.0000","1","ES","E","NSE","37.6500","25.1100","","","3177337"
"511710","CUBIFIN","Cubical Financial Service","X","1.0000","1","ES","E","BSE","1.9000","1.7200","","","80000"
"514036","LOYALTEX","Loyal Textile Mills","T","5.0000","1","ES","E","BSE","194.4000","175.9000","","","157497"
"535693","BRAHMINFRA","Brahmaputra Infrastructur","X","5.0000","1","ES","E","BSE","156.3500","141.5500","","","80000"
"519262","PRIMAGR","Prima Agro","X","1.0000","1","ES","E","BSE","14.3200","11.7200","","","80000"
"506863","SWADEIN","Swadeshi Ind. Leasing Co.","XT","1.0000","1","ES","E","BSE","86.0400","77.8600","","","80000"
"522237","SHIVAGR","Shivagrico Implements","X","1.0000","1","ES","E","BSE","21.6200","17.7000","","","80000"
"20950","RKDL","Ravi Kumar Dist.","EQ","1.0000","1","ES","E","NSE","21.8400","14.5600","","","784799"
"532217","CMXLTD","CMX Holdings","X","1.0000","1","ES","E","BSE","28.1200","25.4600","","","80000"
"2475","ONGC","ONGC","EQ","5.0000","1","ES","E","NSE","313.1000","256.2000","","","339667"
"538962","MINDACORP","Minda Corporation","A","5.0000","1","ES","E","BSE","607.9000","405.3000","","","197718"
"27067","VSSL","Vardhman Special Steels","EQ","1.0000","1","ES","E","NSE","250.0800","166.7200","","","479754"
"500510","LT","LT - Larsen & Toubro","A","5.0000","1","ES","E","BSE","3854.7000","3153.9000","","","27512"
"517201","SWITCHTE","Switching Technologies Gu","XT","1.0000","1","ES","E","BSE","75.3900","68.2100","","","80000"
"1994","LIBERTSHOE","Liberty Shoes","EQ","1.0000","1","ES","E","NSE","255.7300","170.4900","","","469230"
"505710","GRAUWEIL","Grauer & Weil India","B","1.0000","1","ES","E","BSE","65.1200","43.4200","","","80000"
"17022","MAWANASUG","Mawana Sugars","EQ","1.0000","1","ES","E","NSE","113.4200","75.6200","","","1057954"
"511060","JUMBFNL","Jumbo Finance","XT","1.0000","1","ES","E","BSE","25.5000","2.5500","","","80000"
"526614","EXPOEAPL","Expo Engineering and Projects","X","1.0000","1","ES","E","BSE","76.7200","51.1600","","","80000"
"512604","HARIAEXPO","Haria Exports","X","1.0000","1","ES","E","BSE","7.3000","5.9800","","","80000"
"7919","BYKE","The Byke Hospitality","EQ","1.0000","1","ES","E","NSE","32.5000","21.6800","","","1709533"
"13496","PFOCUS","Prime Focus","EQ","5.0000","1","ES","E","NSE","362.2500","296.4500","","","303412"
"17029","PATANJALI","Patanjali foods","EQ","5.0000","1","ES","E","NSE","505.7000","413.8000","","","216532"
"511208","IVC","Il&Fs Investment Managers","B","1.0000","1","ES","E","BSE","7.4500","4.9700","","","10268870"
"4745","BANKINDIA","Bank Of India","EQ","1.0000","1","ES","E","NSE","150.6800","123.3000","","","728426"
"532522","PETRONET","Petronet LNG","A","5.0000","1","ES","E","BSE","273.1500","223.5500","","","402000"
"532144","WELCORP","Welspun Corp","A","5.0000","1","ES","E","BSE","976.2000","650.8000","","","122926"
"3827","ZUARIIND","Zuari Industries","EQ","1.0000","1","ES","E","NSE","255.9600","170.6400","","","468815"
"8341","CALSOFT","California Software Co Lt","EQ","1.0000","1","ES","E","NSE","14.7100","9.8100","","","505447"
"505854","TRF","TRF","B","5.0000","1","ES","E","BSE","261.0500","174.0500","","","359844"
"530579","UYFINCORP","U. Y. Fincorp","B","1.0000","1","ES","E","BSE","13.9400","9.3000","","","6220793"
"532015","GRAVITY","Gravity","XT","1.0000","1","ES","E","BSE","12.7600","11.5600","","","80000"
"1181","GODFRYPHLP","Godfrey Phillips","EQ","10.0000","1","ES","E","NSE","2060.8000","1686.2000","","","53345"
"506642","SADHNANIQ","Sadhana Nitrochem","B","1.0000","1","ES","E","BSE","1.4400","1.3200","","","72990902"
"526315","DIVSHKT","Divyashakti Granites","X","1.0000","1","ES","E","BSE","53.8600","35.9200","","","80000"
"533206","SJVN","SJVN","A","1.0000","1","ES","E","BSE","76.0400","50.7000","","","1575847"
"11842","CYBERMEDIA","Cyber Media (India) Ltd.","EQ","1.0000","1","ES","E","NSE","12.5400","10.2600","","","674295"
"524598","AKSHARCHEM","Aksharchem","B","5.0000","1","ES","E","BSE","173.8500","115.9500","","","262682"
"500086","EXIDEIND","Exide Industries","A","5.0000","1","ES","E","BSE","316.8000","259.2000","","","346799"
"500292","HEIDELBERG","Heidelberg Cement","B","5.0000","1","ES","E","BSE","164.5000","109.7000","","","726974"
"501848","GLOBOFFS","Global Offshore Services","X","1.0000","1","ES","E","BSE","40.4100","26.9500","","","80000"
"500408","TATAELXSI","Tata Elxsi","A","5.0000","1","ES","E","BSE","4374.9500","3579.5500","","","25105"
"505523","MAHACORP","Maharashtra Corp.","X","1.0000","1","ES","E","BSE","0.3200","0.2200","","","80000"
"10415","MUTHOOTCAP","Muthoot Capital Services","EQ","1.0000","1","ES","E","NSE","214.7400","143.1600","","","537834"
"9039","UFO","Ufo Moviez India","EQ","1.0000","1","ES","E","NSE","66.0600","44.0400","","","1269242"
"539230","CHEMIESYNT","Chemiesynth (Vapi) Limite","X","1.0000","1","ES","E","BSE","50.4000","45.6000","","","80000"
"592","GRAPHITE","Graphite India","EQ","5.0000","1","ES","E","NSE","740.0000","493.4000","","","161966"
"13260","KEC","Kec International","EQ","5.0000","1","ES","E","NSE","613.5500","409.0500","","","195390"
"500440","HINDALCO","Hindalco Industries","A","5.0000","1","ES","E","BSE","973.0000","796.1000","","","112361"
"542931","VARDHANCFL","Vardhan Capital & Finance","XT","1.0000","1","ES","E","BSE","21.9900","2.2000","","","80000"
"13812","FEL","Future Enterprises Ltd","BZ","1.0000","1","ES","E","NSE","0.3800","0.3600","","","14876224"
"532637","MANGALAM","Mangalam Drugs & Organics","T","1.0000","1","ES","E","BSE","29.1200","26.3600","","","517583"
"9641","KHANDSE","Khandwala Securities","EQ","1.0000","1","ES","E","NSE","15.0000","10.0000","","","498799"
"3772","WILLAMAGOR","Williamson Magor","EQ","1.0000","1","ES","E","NSE","26.1000","17.4000","","","358272"
"4422","INDIANCARD","Indian Card Clothing Co.","EQ","1.0000","1","ES","E","NSE","187.9200","125.2800","","","194274"
"15342","SHALPAINTS","Shalimar Paints","EQ","1.0000","1","ES","E","NSE","43.2900","28.8700","","","2737355"
"526981","SHBAJRG","Shri Bajrang Alliance Lim","X","5.0000","1","ES","E","BSE","159.0000","106.0000","","","80000"
"523722","SVAMSOF","Svam Software Ltd.","XT","1.0000","1","ES","E","BSE","7.9000","7.1600","","","80000"
"534639","VINAYAKPOL","Vinayak Polycon Internati","X","1.0000","1","ES","E","BSE","20.9000","18.9200","","","80000"
"17","GATECHDVR","GACM Technologies ( DVR )","EQ","1.0000","1","ES","E","NSE","0.4500","0.3100","","","6202074"
"524031","PATIDAR","Patidar Buildcon","X","1.0000","1","ES","E","BSE","8.9100","8.0700","","","80000"
"539661","ACEMEN","Ace Men Engg Works Limited","X","1.0000","1","ES","E","BSE","95.8600","86.7400","","","80000"
"513460","MAHALXSE","Mahalaxmi Seamless","Z","1.0000","1","ES","E","BSE","8.1400","7.3800","","","80000"
"5378","ASAHIINDIA","Asahi India Glass","EQ","5.0000","1","ES","E","NSE","941.2500","627.5500","","","127463"
"540210","HEADSUP","The Mandhana Retail Ventu","B","1.0000","1","ES","E","BSE","6.9200","4.6200","","","722101"
"508869","APOLLOHOSP","Apollo Hospitals","A","5.0000","1","ES","E","BSE","8171.2000","6685.6000","","","13371"
"542812","FLUOROCHEM","Gujarat Fluorochemicals","A","5.0000","1","ES","E","BSE","3636.6000","2424.4000","","","32954"
"524404","MARKSANS","Marksans Pharma","A","5.0000","1","ES","E","BSE","188.5500","125.7500","","","637323"
"18889","KSL","Kalyani Steels","EQ","5.0000","1","ES","E","NSE","693.3000","462.2000","","","173084"
"535602","SHARDAMOTR","Sharda Motor Industries","B","5.0000","1","ES","E","BSE","847.9500","565.3500","","","141222"
"14562","ZENITHSTL","Zenith Steel Pip Ind Ltd","EQ","1.0000","1","ES","E","NSE","4.8800","4.4200","","","4652570"
"517168","SUBROS","Subros","B","5.0000","1","ES","E","BSE","761.6000","507.8000","","","157413"
"532555","NTPC","NTPC","A","5.0000","1","ES","E","BSE","408.0000","333.9000","","","261809"
"532372","VIRINCHI","Virinchi","B","1.0000","1","ES","E","BSE","15.4200","12.6200","","","3514634"
"503772","MODWOOL","Modella Woollens","X","1.0000","1","ES","E","BSE","65.8200","59.5600","","","80000"
"517174","HONAUT","Honeywell Automation","A","5.0000","1","ES","E","BSE","31615.9500","21077.3500","","","3793"
"532807","CINELINE","Cineline India","B","1.0000","1","ES","E","BSE","91.2700","60.8500","","","1120512"
"530255","KAYPOWR","Kay Power And Paper","X","1.0000","1","ES","E","BSE","9.3200","6.2200","","","80000"
"540544","PSPPROJECT","PSP Projects","B","5.0000","1","ES","E","BSE","696.0500","464.0500","","","173749"
"21704","DCAL","Dishman Carbogen Amcis","EQ","1.0000","1","ES","E","NSE","155.9600","103.9800","","","769334"
"533252","WELINV","Welspun Investments","B","5.0000","1","ES","E","BSE","1480.7000","987.2000","","","79364"
"1859","KESORAMIND","Kesoram Industries","EQ","1.0000","1","ES","E","NSE","8.8700","7.2700","","","10158701"
"532702","GSPL","Gujarat State Petronet Ltd","A","5.0000","1","ES","E","BSE","275.5000","183.7000","","","435006"
"760","CGPOWER","CG Power & Ind.","EQ","5.0000","1","ES","E","NSE","720.5500","589.5500","","","151192"
"519475","CHORDIA","Chordia Food Products","X","1.0000","1","ES","E","BSE","68.5100","61.9900","","","80000"
"532859","HGS","Hinduja Global Solutions","B","5.0000","1","ES","E","BSE","413.9000","276.0000","","","290100"
"3149","BORORENEW","Borosil Renewables","EQ","5.0000","1","ES","E","NSE","452.4000","301.6000","","","265237"
"31413","MTEDUCARE","Mt Educare Ltd","BE","1.0000","1","ES","E","NSE","1.2800","1.1600","","","2361857"
"512565","NEELKANTH","R.T.Exports","X","1.0000","1","ES","E","BSE","31.4700","28.4900","","","80000"
"530577","LADDERUP","Ladderup Finance","X","1.0000","1","ES","E","BSE","54.4800","36.3200","","","80000"
"24225","RELAXO","Relaxo Footwears","EQ","1.0000","1","ES","E","NSE","285.4800","190.3200","","","420208"
"538598","VISHAL","Vishal Fabrics","B","1.0000","1","ES","E","BSE","18.1300","12.0900","","","80000"
"4992","SHARDACROP","Sharda Cropchem","EQ","5.0000","1","ES","E","NSE","1044.1000","696.1000","","","114850"
"500870","CASTROLIND","Castrol India","A","5.0000","1","ES","E","BSE","208.1000","138.8000","","","575669"
"530797","SHGANEL","Shree Ganesh Elastoplast","X","1.0000","1","ES","E","BSE","15.9800","14.4600","","","80000"
"350","BANARISUG","Bannari Amman Sugars","EQ","10.0000","1","ES","E","NSE","4313.6000","2875.8000","","","27813"
"542649","RVNL","Rail Vikas Nigam","A","5.0000","1","ES","E","BSE","274.6000","224.7000","","","400323"
"3475","THERMAX","Thermax","EQ","10.0000","1","ES","E","NSE","3912.8000","2608.6000","","","30623"
"533151","DBCORP","D B Corp","B","5.0000","1","ES","E","BSE","223.8500","149.2500","","","537589"
"524558","NEULANDLAB","Neuland Laboratories","A","5.0000","1","ES","E","BSE","14415.1500","9610.1500","","","8313"
"519612","LAKESHORE","Lake Shore Realty","X","1.0000","1","ES","E","BSE","75.5200","68.3400","","","80000"
"538273","RESPONSINF","Response Informatics","X","1.0000","1","ES","E","BSE","24.7300","20.2500","","","80000"
"524129","VINYLINDIA","Vinyl Chemicals","B","5.0000","1","ES","E","BSE","196.3500","130.9500","","","599623"
"505355","NESCO","Nesco","B","5.0000","1","ES","E","BSE","1218.9500","812.6500","","","98573"
"523836","GUJRAFFIA","Gujarat Raffia Industries","B","1.0000","1","ES","E","BSE","39.1700","35.4500","","","176727"
"530733","ENCODE","Nova Publications India L","X","1.0000","1","ES","E","BSE","11.7100","10.6100","","","80000"
"509650","ZHINDHSG","Hindustan Housing","XT","1.0000","1","ES","E","BSE","40.6700","36.8100","","","80000"
"539834","BALGOPAL","Balgopal Commercial Limited","X","5.0000","1","ES","E","BSE","175.2500","143.4500","","","80000"
"9104","SOMATEX","Soma Textilei Ndustries L","BE","1.0000","1","ES","E","NSE","95.1500","86.0900","","","1080179"
"11522","NIITLTD","NIIT","EQ","1.0000","1","ES","E","NSE","60.4500","40.3100","","","1984792"
"500288","MOREPENLAB","Morepen Laboratories","A","1.0000","1","ES","E","BSE","40.5600","27.0400","","","2968813"
"524414","NORRIS","Norris Medicines","X","1.0000","1","ES","E","BSE","14.6800","12.0200","","","80000"
"11654","LALPATHLAB","Dr. Lal Path Labs","EQ","10.0000","1","ES","E","NSE","1574.5000","1049.7000","","","76069"
"11165","COFFEEDAY","Coffee Day Enterprise Ltd","EQ","1.0000","1","ES","E","NSE","25.3400","16.9000","","","4734784"
"539593","SHIVA","Shivansh Finserv","X","1.0000","1","ES","E","BSE","8.7300","7.1500","","","80000"
"500290","MRF","MRF","A","5.0000","1","ES","E","BSE","154101.4500","102734.3500","","","776"
"538562","SKIPPER","Skipper","A","5.0000","1","ES","E","BSE","399.6000","266.4000","","","299082"
"500317","OSWALAGRO","Oswal Agro Mills","B","1.0000","1","ES","E","BSE","40.8100","27.2100","","","2950614"
"526550","CCHHL","Country Club Hospitality","B","1.0000","1","ES","E","BSE","12.6600","8.4400","","","5345296"
"2535","PGHH","P&G Hygiene & Health Care","EQ","50.0000","1","ES","E","NSE","11187.5000","7458.5000","","","10712"
"2229","MODIRUBBER","Modi Rubber Ltd","EQ","1.0000","1","ES","E","NSE","116.9500","95.6900","","","818825"
"524748","LINKPH","Link Pharma Chem","X","1.0000","1","ES","E","BSE","27.1900","18.1300","","","80000"
"532407","MOSCHIP","Moschip Technologies Limi","A","5.0000","1","ES","E","BSE","178.2500","118.8500","","","674369"
"2972","ORIENTELEC","Orient Electric","EQ","1.0000","1","ES","E","NSE","187.5600","125.0400","","","639670"
"542857","GREENPANEL","Greenpanel Industries Lim","B","5.0000","1","ES","E","BSE","205.1000","136.8000","","","583583"
"508969","SULABEN","Sulabh Engineers & Services","X","1.0000","1","ES","E","BSE","2.6400","1.7600","","","80000"
"526173","ANDREWYU","Andrew Yule & Company","B","1.0000","1","ES","E","BSE","18.7800","12.5200","","","80000"
"500206","MARGOFIN","Margo Finance","X","1.0000","1","ES","E","BSE","71.9600","47.9800","","","80000"
"501298","INDPRUD","Industrial & Prudential Inv.","B","5.0000","1","ES","E","BSE","6562.1000","4374.8000","","","80000"
"523054","ZBINTXPP","Binayak Tex Processors Lt","XT","5.0000","1","ES","E","BSE","2398.2000","2169.8000","","","80000"
"501700","INDIANVSH","Indianivesh","X","1.0000","1","ES","E","BSE","7.4400","6.7400","","","80000"
"500136","ESTER","Ester Ind.","B","1.0000","1","ES","E","BSE","84.8400","56.5600","","","1414999"
"13501","ALLCARGO","Allcargo Logistics","EQ","1.0000","1","ES","E","NSE","8.6100","5.7500","","","13926344"
"540902","AMBER","Amber Enterprises","A","5.0000","1","ES","E","BSE","7206.2500","5896.0500","","","15237"
"526335","SHREYASI","Shreyas Intermediates","X","1.0000","1","ES","E","BSE","6.5100","5.8900","","","80000"
"530723","ASITCFIN","Asit C.Mehta Financial Se","X","1.0000","1","ES","E","BSE","118.8600","79.2400","","","80000"
"4843","SNOWMAN","Snowman Logistics","EQ","1.0000","1","ES","E","NSE","36.8400","24.5600","","","3257213"
"500407","SWARAJENG","Swaraj Engines","B","5.0000","1","ES","E","BSE","3966.7000","2644.5000","","","30216"
"519383","ANIKINDS","Anik Industries","B","1.0000","1","ES","E","BSE","39.5000","26.3400","","","907538"
"516096","SANPA","Sangal Papers","X","5.0000","1","ES","E","BSE","168.0000","152.0000","","","80000"
"532286","JINDALSTEL","Jindal Steel","A","5.0000","1","ES","E","BSE","1223.8500","1001.3500","","","89767"
"532456","COMPINFO","Compuage Infocom","Z","1.0000","1","ES","E","BSE","0.9800","0.9000","","","2804615"
"532174","ICICIBANK","ICICI Bank","A","5.0000","1","ES","E","BSE","1325.7000","1084.7000","","","78747"
"512277","AUTOINT","Autoriders International","XT","5.0000","1","ES","E","BSE","460.0000","416.2000","","","80000"
"13414","RSYSTEMS","R Sys International","EQ","1.0000","1","ES","E","NSE","280.5000","187.0000","","","427720"
"524075","ALBERTDAVD","Albert David","B","5.0000","1","ES","E","BSE","704.4000","469.6000","","","170341"
"7537","LCCINFOTEC","LCC Infotech Ltd","BE","1.0000","1","ES","E","NSE","5.1300","4.6500","","","4139602"
"20159","ARIHANTSUP","Arihant Superstructures","EQ","1.0000","1","ES","E","NSE","231.2400","154.1600","","","518913"
"539115","ALANSCOTT","Alan Scott Enterprises","X","5.0000","1","ES","E","BSE","243.7500","220.5500","","","80000"
"25634","ESSARSHPNG","Essar Shipping","EQ","1.0000","1","ES","E","NSE","26.0200","17.3600","","","4610392"
"530461","SABOOSOD","Saboo Sodium Chloro","X","1.0000","1","ES","E","BSE","12.9700","8.6500","","","80000"
"507498","PICCASUG","Piccadily Sugar & Allied","X","1.0000","1","ES","E","BSE","37.3400","24.9000","","","80000"
"537820","VIJIFIN","Viji Finance","T","1.0000","1","ES","E","BSE","2.9500","2.6700","","","4659749"
"531323","JAYIND","Jayatma Industries Limited","X","1.0000","1","ES","E","BSE","15.2900","13.8500","","","80000"
"507815","GILLETTE","Gillette India","A","5.0000","1","ES","E","BSE","8699.6000","5799.8000","","","13783"
"6543","GRPLTD","GRP","EQ","10.0000","1","ES","E","NSE","2249.6000","1499.8000","","","53338"
"532845","TGBHOTELS","Tgb Banquets And Hotels L","B","1.0000","1","ES","E","BSE","9.1200","6.0800","","","957665"
"501477","MULLER","Muller & Phipps","X","5.0000","1","ES","E","BSE","199.9000","180.9000","","","80000"
"6713","MOLDTKPAC","Mold-Tek Packaging","EQ","5.0000","1","ES","E","NSE","567.6500","378.4500","","","211375"
"539404","SATIN","Satin Creditcare Network","B","5.0000","1","ES","E","BSE","168.3500","112.2500","","","714857"
"531552","RAGHUTOB","Raghunath Tobacco","X","1.0000","1","ES","E","BSE","16.4100","10.9500","","","80000"
"540153","ENDURANCE","Endurance Technologies","A","5.0000","1","ES","E","BSE","2656.6500","1771.1500","","","45152"
"500103","BHEL","BHEL","A","5.0000","1","ES","E","BSE","270.1000","221.0000","","","403919"
"532904","SUPREMEINF","Supreme Infrastructure In","Z","1.0000","1","ES","E","BSE","61.1300","55.3100","","","1719091"
"14445","NAHARPOLY","Nahar Poly Films","EQ","1.0000","1","ES","E","NSE","243.9900","162.6700","","","491808"
"532160","GUJSTATFIN","Gujarat State Financial Corp.","B","1.0000","1","ES","E","BSE","11.1600","7.4400","","","80000"
"3509","TNPETRO","Tamilnadu Petroproducts L","EQ","1.0000","1","ES","E","NSE","95.9700","63.9900","","","1250243"
"4771","TCIFINANCE","TCI Finance","EQ","1.0000","1","ES","E","NSE","13.7800","11.2800","","","420930"
"2708","PRAKASH","Prakash Industries","EQ","1.0000","1","ES","E","NSE","133.4100","88.9500","","","899348"
"513729","AROGRANITE","ARO Granite Industries","B","1.0000","1","ES","E","BSE","22.8000","15.2000","","","500309"
"509162","INDAG","Indag Rubber","X","1.0000","1","ES","E","BSE","103.4700","68.9900","","","80000"
"522001","CRANEX","Cranex","X","1.0000","1","ES","E","BSE","75.1400","50.1000","","","80000"
"10618","SADBHIN","Sadbhav Infrastructure","EQ","1.0000","1","ES","E","NSE","2.2500","2.0500","","","11517764"
"531952","RIBATEX","Riba Textiles","X","1.0000","1","ES","E","BSE","60.2100","40.1500","","","80000"
"524218","RESONANCE","Resonance Specialties","X","1.0000","1","ES","E","BSE","93.5100","62.3500","","","80000"
"14319","TFL","Transwarranty Finance","EQ","1.0000","1","ES","E","NSE","13.3500","8.9100","","","1802299"
"11782","EVEREADY","Eveready Inds. Ind. Ltd.","EQ","5.0000","1","ES","E","NSE","315.1500","210.1500","","","380663"
"508905","NEXOME","Nexome Capital Markets","X","1.0000","1","ES","E","BSE","98.1600","65.4400","","","80000"
"506197","BLISSGVS","Bliss Gvs Pharma","B","5.0000","1","ES","E","BSE","258.6500","172.4500","","","463778"
"504959","STOVACQ","Stovec Ind.","X","5.0000","1","ES","E","BSE","1701.3500","1134.2500","","","80000"
"519604","SURFI","Suryo Foods & Industries","X","1.0000","1","ES","E","BSE","16.0600","14.5400","","","80000"
"530215","KINGSINFR","Kings Infra Ventures Limited","X","5.0000","1","ES","E","BSE","136.0500","90.7500","","","80000"
"509930","SUPREMEIND","Supreme Industries","A","5.0000","1","ES","E","BSE","4135.3000","3383.5000","","","26675"
"532400","BSOFT","Birlasoft","A","5.0000","1","ES","E","BSE","399.0000","266.0000","","","300469"
"11265","TVSELECT","TVS Electronics","EQ","5.0000","1","ES","E","NSE","432.0500","288.0500","","","277721"
"532951","GSS","GSS Infotech","B","1.0000","1","ES","E","BSE","10.5300","7.0300","","","855328"
"524208","AARTIIND","Aarti Industries","A","5.0000","1","ES","E","BSE","478.6000","319.1000","","","250552"
"20778","JAMNAAUTO","Jamna Auto Industries","EQ","1.0000","1","ES","E","NSE","134.3000","89.5400","","","893354"
"532478","UBL","United Breweries","A","5.0000","1","ES","E","BSE","1850.5500","1233.7500","","","64779"
"539437","IDFCFIRSTB","IDFC First Bank","A","1.0000","1","ES","E","BSE","64.7000","52.9400","","","1694438"
"532350","PADMALAYAT","Padmalaya Telefilms","Z","1.0000","1","ES","E","BSE","4.1300","3.7500","","","80000"
"539946","BAZELINTER","Bazel International Limited","X","1.0000","1","ES","E","BSE","17.9900","16.2900","","","80000"
"532425","GENUSPRIME","Genus Prime Infra","XT","1.0000","1","ES","E","BSE","22.2100","20.1100","","","80000"
"17270","ASPINWALL","Aspinwall & Co","EQ","1.0000","1","ES","E","NSE","250.9000","167.2800","","","255658"
"523660","WATERBASE","Waterbase","XT","1.0000","1","ES","E","BSE","40.3700","36.5300","","","80000"
"535719","AMPVOLTS","Quest Softech","X","1.0000","1","ES","E","BSE","25.7000","23.2600","","","80000"
"532771","JHS","Jhs Svendgaard Laboratori","B","1.0000","1","ES","E","BSE","7.6300","5.0900","","","2799249"
"540673","SIS","SIS Limited","B","5.0000","1","ES","E","BSE","336.2000","224.2000","","","356712"
"513699","SOLIDSTON","Solid Stone Company","X","1.0000","1","ES","E","BSE","28.6600","19.1200","","","80000"
"530655","GOODLUCK","Goodluck India","B","5.0000","1","ES","E","BSE","1181.6000","787.8000","","","101377"
"532466","OFSS","Oracle Financial Services","A","5.0000","1","ES","E","BSE","7398.8500","6053.6500","","","14794"
"532548","CENTURYPLY","Century Plyboards","A","5.0000","1","ES","E","BSE","841.8500","561.2500","","","142412"
"507474","KFBL","Kothari Fermentation & Biochem","X","1.0000","1","ES","E","BSE","40.8100","27.2100","","","80000"
"17685","GPTINFRA","Gpt Infraprojects","EQ","1.0000","1","ES","E","NSE","116.1200","77.4200","","","1033283"
"512553","ZENITHEXPO","Zenith Exports","B","5.0000","1","ES","E","BSE","198.4500","179.5500","","","176457"
"522027","EMAINDIA","Ema India","X","5.0000","1","ES","E","BSE","437.9500","420.8500","","","80000"
"531338","MILESTONE","Milestone Global","X","1.0000","1","ES","E","BSE","19.7900","17.9100","","","80000"
"21154","ERIS","Eris Lifesciences","EQ","10.0000","1","ES","E","NSE","1556.6000","1037.8000","","","77029"
"523144","MEDICAPQ","Medi-Caps","X","1.0000","1","ES","E","BSE","27.8400","18.5600","","","80000"
"500672","NOVARTIND","Novartis","B","5.0000","1","ES","E","BSE","1164.9500","776.6500","","","80000"
"532967","KIRIINDUS","Kiri Industries","A","5.0000","1","ES","E","BSE","404.1500","269.4500","","","295551"
"523610","ITI","ITI","A","5.0000","1","ES","E","BSE","286.8000","191.2000","","","417985"
"10599","GUJGASLTD","Gujarat Gas","EQ","5.0000","1","ES","E","NSE","368.7000","245.8000","","","324920"
"532839","DISHTV","Dish TV","B","1.0000","1","ES","E","BSE","2.2200","1.4800","","","54346513"
"14403","RAJTV","Raj Television Network","EQ","1.0000","1","ES","E","NSE","39.0000","26.0000","","","1697566"
"874","ASTRON","Astron Paper Bord Mil","EQ","1.0000","1","ES","E","NSE","3.5400","3.2200","","","1520549"
"19877","RADIOCITY","Music Broadcast","EQ","1.0000","1","ES","E","NSE","5.5900","3.7300","","","11303919"
"502958","LAKSHMIMIL","Lakshmi Mills Company","X","5.0000","1","ES","E","BSE","8508.0000","5672.0000","","","80000"
"11634","SALSTEEL","S.A.L. Steel","EQ","1.0000","1","ES","E","NSE","40.4800","33.1200","","","2717346"
"2397","SANDHAR","Sandhar Technologies","EQ","5.0000","1","ES","E","NSE","524.4000","349.6000","","","228784"
"27107","SPECIALITY","Speciality Rest","EQ","1.0000","1","ES","E","NSE","100.8000","67.2000","","","1190456"
"1814","KPIL","Kalpataru projects international","EQ","10.0000","1","ES","E","NSE","1269.1000","846.1000","","","94437"
"522064","HONDAPOWER","Honda India Power Products","B","5.0000","1","ES","E","BSE","2229.1000","1486.1000","","","54133"
"5610","ASTRAZEN","Astrazeneca Pharma","EQ","50.0000","1","ES","E","NSE","9318.5000","6212.5000","","","12874"
"532134","BANKBARODA","Bank Of Baroda","A","5.0000","1","ES","E","BSE","272.1500","222.7500","","","403366"
"540699","DIXON","Dixon Technologies","A","5.0000","1","ES","E","BSE","10636.4500","8702.5500","","","10336"
"11195","INDIGO","Interglobe Aviation","EQ","10.0000","1","ES","E","NSE","4337.8000","3549.2000","","","25129"
"538652","HCLTD","Hind Commerce","X","1.0000","1","ES","E","BSE","4.0000","3.6200","","","80000"
"505744","FMGOETZE","Federal-Mogul Goetze","B","5.0000","1","ES","E","BSE","466.5500","311.0500","","","257910"
"25724","RUPA","Rupa & Company","EQ","1.0000","1","ES","E","NSE","132.8100","88.5500","","","903478"
"533227","AHLEAST","Asian Hotels (East)","B","5.0000","1","ES","E","BSE","173.9000","116.0000","","","565438"
"531758","GKCONS","G.K.Consultants","X","1.0000","1","ES","E","BSE","12.5700","8.3900","","","80000"
"511431","VAKRANGEE","Vakrangee","B","1.0000","1","ES","E","BSE","5.6100","3.7500","","","21367041"
"1348","HEROMOTOCO","Hero Motocorp","EQ","50.0000","1","ES","E","NSE","5569.0000","4557.0000","","","19608"
"524200","VINATIORGA","Vinati Organics","A","5.0000","1","ES","E","BSE","1584.8000","1056.6000","","","75468"
"3906","CAPLIPOINT","Caplin Point Laboratories","EQ","10.0000","1","ES","E","NSE","1805.7000","1203.9000","","","66434"
"533270","BEDMUTHA","Bedmutha Industries","T","5.0000","1","ES","E","BSE","118.6500","107.3500","","","1008052"
"507962","FYNX","FYNX Capital","X","1.0000","1","ES","E","BSE","4.7700","4.3300","","","80000"
"521248","KITEX","Kitex Garments","A","5.0000","1","ES","E","BSE","170.5500","113.7500","","","702838"
"531642","MARICO","Marico","A","5.0000","1","ES","E","BSE","809.8500","662.6500","","","135007"
"532941","CORDSCABLE","Cords Cable Industries","B","5.0000","1","ES","E","BSE","155.2000","103.5000","","","422738"
"542484","ARVINDFASN","Arvind Fashions","A","5.0000","1","ES","E","BSE","483.3000","322.2000","","","247750"
"526823","RAJINFRA","Rajeswari Infrastructure","Z","1.0000","1","ES","E","BSE","5.6400","5.1200","","","80000"
"522294","TIGLOB","T & I Global","X","5.0000","1","ES","E","BSE","176.9000","118.0000","","","80000"
"521234","SRINACHA","Sri Nachammai Cotton Mill","X","1.0000","1","ES","E","BSE","35.6700","29.1900","","","80000"
"538476","CTL","Capital Trade Links","X","1.0000","1","ES","E","BSE","17.6200","11.7600","","","80000"
"539201","SATIA","Satia Industries","B","1.0000","1","ES","E","BSE","61.3500","40.9100","","","1954599"
"526481","PHOENXINTL","Phoenix International","X","1.0000","1","ES","E","BSE","33.3000","22.2000","","","80000"
"530185","SURATRAML","Surat Trade and Mercantile","X","1.0000","1","ES","E","BSE","3.8600","2.5800","","","80000"
"539290","OSWALGREEN","Oswal greentech limited","B","1.0000","1","ES","E","BSE","24.0000","16.0000","","","5007264"
"3237","JTEKTINDIA","Jtekt India","EQ","1.0000","1","ES","E","NSE","141.0600","94.0400","","","850498"
"2049","CHENNPETRO","Chennai Petroleum","EQ","5.0000","1","ES","E","NSE","1160.8000","773.9000","","","103344"
"220","IEX","Indian Energy Exchange","EQ","1.0000","1","ES","E","NSE","126.2200","103.2800","","","871183"
"532651","SPLIL","SPL Industries","B","1.0000","1","ES","E","BSE","25.6600","17.1200","","","948300"
"533758","APLAPOLLO","Apl Apollo Tubes","A","5.0000","1","ES","E","BSE","2131.0500","1743.6500","","","51362"
"540359","PARMAX","Parmax Pharma","X","1.0000","1","ES","E","BSE","34.1200","22.7600","","","80000"
"512068","DECNGOLD","Deccan Gold Mines","B","1.0000","1","ES","E","BSE","100.9200","67.2800","","","80000"
"11082","LIBAS","Libas Consu Products Ltd","EQ","1.0000","1","ES","E","NSE","12.5000","8.3400","","","861467"
"500495","ESCORTS","Escorts Kubota","A","5.0000","1","ES","E","BSE","3286.3500","2190.9500","","","36472"
"14418","ASTRAL","Astral Poly Tech","EQ","10.0000","1","ES","E","NSE","1758.9000","1439.1000","","","62326"
"509715","JAYSREETEA","Jay Shree Tea & Ind.","B","1.0000","1","ES","E","BSE","86.6700","57.7900","","","944293"
"1164","NEWGEN","Newgen Software Tech","EQ","5.0000","1","ES","E","NSE","482.7500","321.8500","","","248486"
"20242","OBEROIRLTY","Oberoi Realty","EQ","10.0000","1","ES","E","NSE","1560.9000","1277.1000","","","70175"
"542904","UJJIVANSFB","Ujjivan Small Finance Bank","A","1.0000","1","ES","E","BSE","60.6300","40.4300","","","1979625"
"1327","HCL-INSYS","HCL Infosystems","EQ","1.0000","1","ES","E","NSE","11.3000","7.5400","","","10615703"
"511012","YAMNINV","Yamini Investments Co.","XT","1.0000","1","ES","E","BSE","0.6500","0.5900","","","80000"
"3607","UNIVCABLES","Universal Cables","EQ","5.0000","1","ES","E","NSE","779.5000","519.7000","","","153935"
"14178","IZMO","Izmo Limited","BE","5.0000","1","ES","E","NSE","646.6500","585.1500","","","162358"
"532918","RATHIBAR","Rathi Bars","X","1.0000","1","ES","E","BSE","24.2000","16.1400","","","80000"
"500360","RAPICUT","Rapicut Carbides","X","5.0000","1","ES","E","BSE","153.3500","138.7500","","","80000"
"14992","CCCL","Cons. Const. Consort Ltd","EQ","1.0000","1","ES","E","NSE","14.1300","11.5700","","","7781656"
"521210","CITYMAN","Cityman","X","1.0000","1","ES","E","BSE","14.1600","12.8200","","","80000"
"14547","NDLVENTURE","NXTDigital","EQ","1.0000","1","ES","E","NSE","140.4000","93.6000","","","854686"
"17794","SOMICONVEY","Somi Conveyor Beltings Lt","EQ","1.0000","1","ES","E","NSE","106.5100","71.0100","","","385194"
"522005","AUSTENG","Austin Engineering Co.Ltd","X","1.0000","1","ES","E","BSE","115.3200","76.8800","","","80000"
"500049","BEL","Bharat Electronics","A","5.0000","1","ES","E","BSE","440.6500","360.5500","","","248532"
"512463","LLOYDSENT","Shree Global Tradefin","A","1.0000","1","ES","E","BSE","49.6600","33.1200","","","2416231"
"14977","POWERGRID","Power Grid","EQ","5.0000","1","ES","E","NSE","325.7000","266.5000","","","334821"
"505594","MULTIIN","Multiplus Holdings","XT","1.0000","1","ES","E","BSE","34.4400","31.1600","","","80000"
"531281","MARBLE","PG Industry","X","1.0000","1","ES","E","BSE","116.3400","77.5600","","","80000"
"515147","HALDYNGL","Haldyn Glass","X","1.0000","1","ES","E","BSE","86.3400","57.5600","","","80000"
"539091","CCDL","Consecutive Commodities","X","1.0000","1","ES","E","BSE","0.8100","0.5500","","","80000"
"530951","RAMINFO","Raminfo","X","1.0000","1","ES","E","BSE","60.7500","40.5100","","","80000"
"3834","BHARATRAS","Bharat Rasayan","EQ","10.0000","1","ES","E","NSE","1452.1000","968.1000","","","82623"
"531199","GLANCE","Glance Finance","X","5.0000","1","ES","E","BSE","228.0000","152.0000","","","80000"
"532366","PNBGILTS","PNB Gilts","B","1.0000","1","ES","E","BSE","71.1300","47.4300","","","1690295"
"20534","GRAVITA","Gravita India","EQ","10.0000","1","ES","E","NSE","1581.7000","1054.5000","","","75801"
"422","BHARATFORG","Bharat Forge","EQ","10.0000","1","ES","E","NSE","1842.0000","1507.2000","","","59282"
"539228","GGPL","Gala Global Products Limitd","Z","1.0000","1","ES","E","BSE","1.4400","1.3200","","","80000"
"524669","HESTERBIO","Hester Biosciences","B","5.0000","1","ES","E","BSE","1515.1500","1010.1500","","","79420"
"512634","SAVERA","Savera Industries","X","5.0000","1","ES","E","BSE","197.8000","131.9000","","","80000"
"500267","MAJESAUT","Majestic Auto","X","5.0000","1","ES","E","BSE","334.6500","223.1500","","","80000"
"539762","MEAPL","Modern engineering and projects","X","1.0000","1","ES","E","BSE","39.1300","26.0900","","","80000"
"3126","SHREYANIND","Shreyans Industries","EQ","1.0000","1","ES","E","NSE","149.5500","99.7100","","","452077"
"530601","JAGSONSER","Jagsonpal Services","X","1.0000","1","ES","E","BSE","62.0400","50.7600","","","80000"
"542655","VIKASLIFE","Vikas Lifecare","B","1.0000","1","ES","E","BSE","1.2700","0.8500","","","60745761"
"17742","BAFNAPH","Bafna Pharmaceuticals Ltd","EQ","1.0000","1","ES","E","NSE","114.8000","103.8800","","","773562"
"20825","HUDCO","HUDCO","EQ","1.0000","1","ES","E","NSE","175.5300","143.6300","","","626594"
"524394","VIMTALABS","Vimta Labs","B","5.0000","1","ES","E","BSE","456.9500","304.6500","","","262655"
"500850","INDHOTEL","Indian Hotels","A","5.0000","1","ES","E","BSE","627.8000","513.7000","","","175082"
"1594","INFY","Infosys","EQ","10.0000","1","ES","E","NSE","1375.6000","1125.6000","","","77052"
"419","BEPL","Bhansali Polymers","EQ","1.0000","1","ES","E","NSE","98.6200","65.7600","","","1216669"
"9819","HAVELLS","Havells India","EQ","10.0000","1","ES","E","NSE","1309.6000","1071.6000","","","83425"
"530799","ANNAINFRA","Anna Infrastructures","X","1.0000","1","ES","E","BSE","32.3700","29.2900","","","80000"
"538563","SMTEL","Adarsh Mercantile","XT","5.0000","1","ES","E","BSE","429.6000","388.7000","","","80000"
"500650","EXCELINDUS","Excel Industries","B","5.0000","1","ES","E","BSE","966.0000","644.0000","","","123997"
"505212","JAINEX","Jainex Aamcol","X","1.0000","1","ES","E","BSE","106.7000","87.3000","","","80000"
"520056","TVSHLTD","TVS Holdings","A","5.0000","1","ES","E","BSE","16760.7500","11173.8500","","","7162"
"531525","ACESOFT","Ace Software Exports","X","5.0000","1","ES","E","BSE","194.8500","129.9500","","","80000"
"500257","LUPIN","Lupin","A","5.0000","1","ES","E","BSE","2543.9500","2081.4500","","","42962"
"500483","TATACOMM","Tata Communications","A","5.0000","1","ES","E","BSE","1617.4000","1078.3000","","","74099"
"590086","ORISSAMINE","Orissa Minerals Developme","B","5.0000","1","ES","E","BSE","3741.0500","2494.0500","","","31991"
"10557","NAVKARCORP","Navkar Corporation","EQ","1.0000","1","ES","E","NSE","89.5500","59.7100","","","1339921"
"539819","MUDRA","Mudra Financial Services","X","1.0000","1","ES","E","BSE","4.5100","4.0900","","","80000"
"522073","HITECHGEAR","The Hi-Tech Gears","T","5.0000","1","ES","E","BSE","567.0000","513.0000","","","182378"
"16863","LPDC","Landmark Pr.Dev.Co.Ltd","EQ","1.0000","1","ES","E","NSE","6.6300","4.4300","","","4386481"
"511147","WSFX","Wall Street Finance","X","1.0000","1","ES","E","BSE","71.3700","47.5900","","","80000"
"531287","NATPLASTI","National Plastic Technologies","X","5.0000","1","ES","E","BSE","249.0000","166.0000","","","80000"
"530129","NILE","Nile","X","5.0000","1","ES","E","BSE","1685.8000","1123.9000","","","80000"
"14501","BALAMINES","Balaji Amines","EQ","5.0000","1","ES","E","NSE","1172.6000","781.8000","","","102322"
"500260","RAMCOCEM","The Ramco Cements","A","5.0000","1","ES","E","BSE","1114.1000","742.8000","","","108458"
"590065","IMPAL","India Motor Parts & Acces","B","5.0000","1","ES","E","BSE","1141.3500","760.9500","","","105119"
"506390","SUDARCOLOR","Sudarshan Colorants India","B","5.0000","1","ES","E","BSE","327.5000","218.4000","","","367300"
"500645","DEEPAKFERT","Deepak Fertilizers & Petr","A","5.0000","1","ES","E","BSE","1091.2500","727.5500","","","109953"
"532156","VAIBHAVGBL","Vaibhav Global","B","5.0000","1","ES","E","BSE","210.4000","140.3000","","","570201"
"1204","PRAXIS","Praxis Home Retail","EQ","1.0000","1","ES","E","NSE","5.5300","5.0100","","","6076059"
"513430","MAITRI","Maitri Enterprises Limite","X","1.0000","1","ES","E","BSE","29.0800","26.3200","","","80000"
"532524","PTC","Ptc India","A","5.0000","1","ES","E","BSE","189.1500","126.1500","","","634641"
"2085","MAHSCOOTER","Maharashtra Scooters","EQ","100.0000","1","ES","E","NSE","13330.0000","8888.0000","","","8994"
"474","3MINDIA","3M India","EQ","500.0000","1","ES","E","NSE","36140.0000","24100.0000","","","3311"
"505250","GGDPROP","G.G.Dandekar Machine Work","X","1.0000","1","ES","E","BSE","57.6100","38.4100","","","80000"
"524156","TCMLMTD","TCM","X","1.0000","1","ES","E","BSE","43.1400","35.3000","","","80000"
"521014","EUROTEXIND","Eurotex Industries","B","1.0000","1","ES","E","BSE","14.9600","13.5400","","","286120"
"10321","PKTEA","THE P K Tea Prod Co Ltd","EQ","5.0000","1","ES","E","NSE","857.0500","775.4500","","","101235"
"530997","UNIQUEO","Unique Organics","X","1.0000","1","ES","E","BSE","78.9100","52.6100","","","80000"
"532051","SWELECTES","Swelect Energy Systems","B","5.0000","1","ES","E","BSE","600.0000","400.0000","","","200353"
"537259","SUYOG","Suyog Telematics","B","5.0000","1","ES","E","BSE","737.4500","491.6500","","","162762"
"505840","JAIPAN","Jaipan Ind.","XT","1.0000","1","ES","E","BSE","26.1200","23.6400","","","80000"
"539012","MEGRISOFT","Megri Soft","X","1.0000","1","ES","E","BSE","74.0700","49.3900","","","80000"
"500215","SUNDROP","Sundrop Brands","B","5.0000","1","ES","E","BSE","670.6000","447.1000","","","178268"
"9158","BALAJITELE","Balaji Telefilms","EQ","1.0000","1","ES","E","NSE","85.3300","56.8900","","","1406195"
"517393","REGANTO","Reganto Enterprises","Z","1.0000","1","ES","E","BSE","6.4800","5.8800","","","80000"
"24184","PIIND","Pi Industries","EQ","10.0000","1","ES","E","NSE","2990.6000","2447.0000","","","36715"
"11999","FCSSOFT","FCS Software Solutions","EQ","1.0000","1","ES","E","NSE","1.4000","0.9400","","","55902386"
"531278","ELIXIR","Elixir Capital","X","1.0000","1","ES","E","BSE","95.2200","63.4800","","","80000"
"500143","PHCAP","PH Capital","XT","5.0000","1","ES","E","BSE","635.4000","574.9000","","","80000"
"524774","NGLFINE","NGL Fine-Chem","B","5.0000","1","ES","E","BSE","2485.3500","1656.9500","","","48608"
"539409","NEERAJ","Neeraj Paper Marketing","X","1.0000","1","ES","E","BSE","16.5300","14.9700","","","80000"
"530883","SUCROSA","Super Crop Safe","X","1.0000","1","ES","E","BSE","8.7000","5.8000","","","80000"
"535566","KIFS","Kifs Financial Services L","X","5.0000","1","ES","E","BSE","118.3000","96.8000","","","80000"
"500875","ITC","ITC","A","5.0000","1","ES","E","BSE","316.4500","258.9500","","","338289"
"521064","TRIDENT","Trident","A","1.0000","1","ES","E","BSE","27.0400","18.0400","","","4438577"
"500108","MTNL","Mahanagar Telephone Nigam","B","1.0000","1","ES","E","BSE","25.7600","17.1800","","","4657589"
"526723","NTCIND","NTC Industries","X","5.0000","1","ES","E","BSE","176.2000","117.5000","","","80000"
"517449","MAGNAELQ","Magna Electro Castings Lt","X","5.0000","1","ES","E","BSE","1071.6000","714.4000","","","80000"
"530845","SUNSHIEL","Sunshield Chemicals","X","5.0000","1","ES","E","BSE","874.9000","583.3000","","","80000"
"533023","ZFCVINDIA","Wabco India","A","5.0000","1","ES","E","BSE","16697.8500","11131.9500","","","7245"
"20776","BHAGYANGR","Bhagyanagar India","EQ","1.0000","1","ES","E","NSE","151.4800","123.9400","","","726158"
"27008","HEXATRADEX","Hexa Tradex Limited","EQ","1.0000","1","ES","E","NSE","170.7700","139.7300","","","644098"
"520151","TRANSWORLD","Transworld shipping lines","B","5.0000","1","ES","E","BSE","139.0000","92.7000","","","718011"
"8975","PARASPETRO","Paras Petrofils Ltd.","BE","1.0000","1","ES","E","NSE","2.5600","2.4600","","","10929026"
"9539","SAKAR","Sakar Healthcare","EQ","5.0000","1","ES","E","NSE","598.1000","398.8000","","","200605"
"541988","AAVAS","Aavas Financiers","A","5.0000","1","ES","E","BSE","1294.6500","863.1500","","","92733"
"512573","AVANTIFEED","Avanti Feeds","A","5.0000","1","ES","E","BSE","1288.4000","1054.2000","","","85017"
"540724","DIAMONDYD","Prataap Snacks","B","5.0000","1","ES","E","BSE","1211.7500","807.8500","","","98793"
"532940","JKIL","J.Kumar Infraprojects","A","5.0000","1","ES","E","BSE","511.4000","341.0000","","","233806"
"1247","GSFC","Gujarat State Fertilizers","EQ","1.0000","1","ES","E","NSE","167.0600","111.3800","","","718056"
"3099","SHREDIGCEM","Shree Digvijay Cement","EQ","1.0000","1","ES","E","NSE","68.3200","45.5600","","","1756095"
"357","NAM-INDIA","Nippon Life Asset Management","EQ","5.0000","1","ES","E","NSE","881.8000","721.5000","","","124284"
"517397","PANELEC","Pan Electronics India","X","1.0000","1","ES","E","BSE","43.0200","38.9400","","","80000"
"20134","RAMKY","Ramky Infrastructure","EQ","5.0000","1","ES","E","NSE","510.1000","340.1000","","","235203"
"532785","RUCHIRA","Ruchira Papers","B","1.0000","1","ES","E","BSE","115.2000","76.8000","","","975931"
"6066","ATGL","Adani Gas","EQ","5.0000","1","ES","E","NSE","611.9000","408.0000","","","195766"
"531994","AUTOPINS","Auto Pins","X","5.0000","1","ES","E","BSE","174.0000","157.5000","","","80000"
"24403","ASHIANA","Ashiana Housing","EQ","5.0000","1","ES","E","NSE","335.6000","223.8000","","","357466"
"17520","RTNPOWER","Rattanindia Power","EQ","1.0000","1","ES","E","NSE","9.0700","6.0500","","","13226570"
"4911","MADRASFERT","Madras Fertilisers Ltd","EQ","1.0000","1","ES","E","NSE","63.6700","42.4500","","","1884563"
"14218","CTE","Cambridge Technology","EQ","1.0000","1","ES","E","NSE","24.1200","19.7400","","","641934"
"13522","NECCLTD","North East Carrying Corp.","EQ","1.0000","1","ES","E","NSE","12.9200","8.6200","","","3269999"
"532460","PONNIERODE","Ponni Sugars (Erode)","B","5.0000","1","ES","E","BSE","329.1500","219.4500","","","281168"
"14972","KSCL","Kaveri Seed Company","EQ","5.0000","1","ES","E","NSE","940.5500","627.0500","","","127568"
"11919","MSPL","MSP Steel & Power Ltd.","EQ","1.0000","1","ES","E","NSE","29.0900","23.8100","","","3780533"
"1412","AGI","AGI Greenpac","EQ","5.0000","1","ES","E","NSE","562.2500","374.8500","","","213371"
"504392","KRISHNA","Krishna Ventures","XT","1.0000","1","ES","E","BSE","18.6900","16.9100","","","80000"
"509635","HINDCOMPOS","Hindustan Composites","B","5.0000","1","ES","E","BSE","417.6500","278.4500","","","286976"
"540254","MTPL","Marg Techno Projects Limited","X","1.0000","1","ES","E","BSE","21.5100","17.6100","","","80000"
"31107","DBSTOCKBRO","DB (International) Stock","EQ","1.0000","1","ES","E","NSE","29.9500","19.9700","","","1144499"
"508664","BESTEAST","Best Eastern Hotels","X","1.0000","1","ES","E","BSE","11.3400","7.5600","","","80000"
"534623","JUPITERIN","Jupiter Infomedia","XT","1.0000","1","ES","E","BSE","53.4900","48.4100","","","80000"
"532610","DWARKESH","Dwarikesh Sugar Industries","B","1.0000","1","ES","E","BSE","55.0500","36.7100","","","2177662"
"13285","M&MFIN","Mahindra & Mahindra Fin. Serv.","EQ","5.0000","1","ES","E","NSE","343.3000","228.9000","","","348882"
"531592","GENPHARMA","Generic Pharmasec","X","1.0000","1","ES","E","BSE","0.9300","0.6300","","","80000"
"13436","LOKESHMACH","Lokesh Machines","EQ","1.0000","1","ES","E","NSE","241.8000","161.2000","","","496259"
"507515","CJGEL","C.J.Gelatine Products","X","1.0000","1","ES","E","BSE","18.1500","16.4300","","","80000"
"504879","ORIENTCER","Orient Abrasives","B","1.0000","1","ES","E","BSE","41.3500","27.5700","","","2901848"
"540679","HALEOSLABS","Haleos Labs","B","5.0000","1","ES","E","BSE","1259.3500","1139.4500","","","83745"
"506248","AMNPLST","Amines & Plasticizers","B","5.0000","1","ES","E","BSE","163.2000","108.8000","","","776167"
"539681","DAL","Dynamic Archistructures L","X","1.0000","1","ES","E","BSE","52.3700","47.3900","","","80000"
"24190","SYMPHONY","Symphony","EQ","5.0000","1","ES","E","NSE","825.9500","550.6500","","","145240"
"500469","FEDERALBNK","Federal Bank","A","5.0000","1","ES","E","BSE","285.2500","233.4500","","","384542"
"531147","ALICON","Alicon Castalloy","B","5.0000","1","ES","E","BSE","706.9000","471.3000","","","170556"
"524080","HARLETH","Haryana Leather Chemicals","X","1.0000","1","ES","E","BSE","60.5700","40.3900","","","80000"
"531364","EKANSH","Paramone Concepts","X","5.0000","1","ES","E","BSE","191.0000","127.4000","","","80000"
"739","COROMANDEL","Coromandel International","EQ","10.0000","1","ES","E","NSE","2291.7000","1527.9000","","","52217"
"512175","VAMA","Vama Industries","X","1.0000","1","ES","E","BSE","3.3800","2.7800","","","80000"
"539669","RGF","Rgf Capital Markets Limited","XT","1.0000","1","ES","E","BSE","1.2000","1.1600","","","80000"
"31181","MCX","Multi Commodity Exchange","EQ","10.0000","1","ES","E","NSE","2628.3000","2150.5000","","","41818"
"517380","IGARASHI","Igarashi Motors India","B","5.0000","1","ES","E","BSE","327.6500","218.4500","","","365677"
"524594","AEONXDIGI","Ashok Alco-Chem","X","1.0000","1","ES","E","BSE","119.5200","79.6800","","","80000"
"2496","ORIENTPPR","Orient Paper And Inds","EQ","1.0000","1","ES","E","NSE","16.7700","11.1900","","","6938476"
"521018","MARALOVER","Maral Overseas","B","1.0000","1","ES","E","BSE","41.5300","27.6900","","","1357311"
"538715","DHABRIYA","Dhabriya Polywood","X","5.0000","1","ES","E","BSE","343.1000","228.8000","","","80000"
"17661","UNIVPHOTO","Universus Imagings Ltd","BE","5.0000","1","ES","E","NSE","419.4000","403.0000","","","243189"
"515037","MURUDCERA","Murudeshwar Ceramics","B","1.0000","1","ES","E","BSE","30.1200","20.0800","","","1979830"
"526115","KARANWO","Karan Woo-Sin","X","1.0000","1","ES","E","BSE","12.8500","10.5300","","","80000"
"533156","VASCONEQ","Vascon Engineers","B","1.0000","1","ES","E","BSE","32.5200","21.6800","","","3695489"
"16959","ALKALI","Alkali Metals","EQ","1.0000","1","ES","E","NSE","57.1300","38.0900","","","332967"
"531080","SHRIKRISH","Shri Krishna Devcon","X","1.0000","1","ES","E","BSE","39.6000","32.4000","","","80000"
"532370","RAMCOSYS","Ramco Systems","B","5.0000","1","ES","E","BSE","413.5500","275.7500","","","290627"
"506605","POLYCHEM","Polychem","X","5.0000","1","ES","E","BSE","2352.0000","1568.0000","","","80000"
"538943","SONAL","Sonal Mercantile","X","1.0000","1","ES","E","BSE","117.6000","78.4000","","","80000"
"4751","INDRAMEDCO","Indraprastha Medical Corp","EQ","5.0000","1","ES","E","NSE","446.8000","297.9000","","","268510"
"503681","ELCIDIN","ELCID Investments","B","5.0000","1","ES","E","BSE","105514.5000","70343.0000","","","80000"
"535730","KHOOBSURAT","Khoobsurat","X","1.0000","1","ES","E","BSE","0.5800","0.4000","","","80000"
"16927","JOCIL","Jocil","EQ","1.0000","1","ES","E","NSE","112.4400","74.9600","","","290413"
"13275","INDOTECH","Indo Tech Transformers","EQ","10.0000","1","ES","E","NSE","1325.8000","884.0000","","","90503"
"524412","AAREYDRUGS","Aarey Drugs & Pharma","B","1.0000","1","ES","E","BSE","53.4200","48.3400","","","927185"
"512117","TWIROST","Twin Roses Trades & Agenc","XT","1.0000","1","ES","E","BSE","3.8500","3.4900","","","80000"
"526853","BI","Bilcare","X","1.0000","1","ES","E","BSE","63.3100","42.2100","","","80000"
"530779","DYNAMICP","Dynamic Portfolio Managem","X","1.0000","1","ES","E","BSE","24.2400","21.9400","","","80000"
"540174","SOUTHERNIN","Southern Infoconsultants","X","1.0000","1","ES","E","BSE","22.1600","18.1400","","","80000"
"505255","GMMPFAUDLR","GMM Pfaudler","A","5.0000","1","ES","E","BSE","952.3500","634.9500","","","126060"
"27037","TBZ","Trib Bhimji Zaveri","EQ","1.0000","1","ES","E","NSE","133.8100","89.2100","","","896726"
"513456","KANSHST","Kanishk Steel Industries","X","1.0000","1","ES","E","BSE","51.7900","34.5300","","","80000"
"526473","ELEFLOR","Elegant Floriculture & Ag","X","1.0000","1","ES","E","BSE","4.9800","3.3200","","","80000"
"531253","INDGELA","India Gelatine & Chemical","X","5.0000","1","ES","E","BSE","356.6000","237.8000","","","80000"
"503624","ZSVARAJT","Svaraj Trading & Agencies","XT","1.0000","1","ES","E","BSE","9.1800","8.3200","","","80000"
"509887","SINNAR","Sinnar Bidi Udyog","XT","5.0000","1","ES","E","BSE","958.4000","867.2000","","","80000"
"511543","GSBFIN","GSB Finance","X","1.0000","1","ES","E","BSE","36.3000","29.7000","","","80000"
"2307","MUNJALSHOW","Munjal Showa","EQ","1.0000","1","ES","E","NSE","132.5500","88.3700","","","905286"
"503671","UNIJOLL","Unijolly Investments Co.","XT","1.0000","1","ES","E","BSE","4.7700","4.3300","","","80000"
"514010","RUDRAECO","Himachal Fibres","X","1.0000","1","ES","E","BSE","17.6000","11.7400","","","80000"
"532497","RADICO","Radico Khaitan","A","5.0000","1","ES","E","BSE","3155.5500","2103.7500","","","38027"
"511509","VIVOBIOT","Vivo Bio Tech","X","1.0000","1","ES","E","BSE","25.2600","16.8400","","","80000"
"512511","VARUNME","Varun Mercantile","XT","1.0000","1","ES","E","BSE","1.1300","1.0300","","","80000"
"531190","EFORU","Tavernier Resources Limited","X","1.0000","1","ES","E","BSE","92.4000","83.6000","","","80000"
"530909","ERPSOFT","ERP Soft Systems","X","1.0000","1","ES","E","BSE","47.2700","42.7700","","","80000"
"526622","MFLINDIA","Mfl India","X","1.0000","1","ES","E","BSE","0.4300","0.2900","","","80000"
"522195","FRONTSP","Frontier Springs","B","5.0000","1","ES","E","BSE","1472.5500","981.7500","","","80000"
"31475","ORBTEXP","Orbit Exports","EQ","1.0000","1","ES","E","NSE","162.4200","108.2800","","","738812"
"500313","OILCOUNTUB","Oil Country Tubular","B","1.0000","1","ES","E","BSE","44.1700","29.4500","","","1700057"
"531003","SWRNASE","Swarna Securities","X","1.0000","1","ES","E","BSE","93.4500","84.5500","","","80000"
"539046","MANAKCOAT","Manaksia Coated Metals","B","1.0000","1","ES","E","BSE","116.0400","77.3600","","","1033892"
"3405","TATACHEM","Tata Chemicals","EQ","5.0000","1","ES","E","NSE","699.9000","466.6000","","","171450"
"530239","SUVEN","Suven Life Sciences","B","5.0000","1","ES","E","BSE","159.4000","106.3000","","","759178"
"538863","AMARNATH","Sri Amarnath Finance","X","1.0000","1","ES","E","BSE","8.1500","7.3900","","","80000"
"522292","CANDOUR","Chandni Textiles Engineer","X","5.0000","1","ES","E","BSE","154.8500","126.7500","","","80000"
"542460","ANUP","The Anup Engineering","A","5.0000","1","ES","E","BSE","1921.3000","1280.9000","","","62337"
"11394","ZOTA","Zota Health Care","EQ","10.0000","1","ES","E","NSE","1277.7000","851.9000","","","93905"
"500083","CENTEXT","Century Extrusions","B","1.0000","1","ES","E","BSE","20.1700","13.4500","","","2615999"
"500390","RELINFRA","Reliance Infrastructure","T","1.0000","1","ES","E","BSE","70.6400","63.9200","","","1493138"
"2268","MOTOGENFIN","Motor & General Finance","EQ","1.0000","1","ES","E","NSE","21.9100","14.6100","","","1266379"
"14732","DLF","DLF","EQ","5.0000","1","ES","E","NSE","554.5000","453.7000","","","198025"
"511391","INTRGLB","Inter Globe Finance","X","1.0000","1","ES","E","BSE","50.4000","45.6000","","","80000"
"500878","CEATLTD","CEAT","A","5.0000","1","ES","E","BSE","3890.8000","2593.9000","","","30822"
"538521","YAANENT","Crown Tours","X","1.0000","1","ES","E","BSE","93.8900","84.9500","","","80000"
"500068","DISAQ","Disa","B","5.0000","1","ES","E","BSE","13235.3000","8823.6000","","","80000"
"531213","MANAPPURAM","Manappuram Finance","A","5.0000","1","ES","E","BSE","276.1000","225.9000","","","397824"
"14618","CHEMBOND","Chembond Chemicals","EQ","1.0000","1","ES","E","NSE","128.0600","85.3800","","","439759"
"512618","RLF","RLF","X","1.0000","1","ES","E","BSE","11.1100","7.4100","","","80000"
"14329","SMSPHARMA","SMS Pharmaceuticals","EQ","5.0000","1","ES","E","NSE","449.8000","299.9000","","","266720"
"500570","TMPV","Tata Motors Passenger Vehicles","A","5.0000","1","ES","E","BSE","325.8500","266.6500","","","335118"
"501151","KARTKIN","Kartik Investments Trust","XT","5.0000","1","ES","E","BSE","2486.4000","2249.6000","","","80000"
"539406","SWAGTAM","Swagatam Trading & Services","X","1.0000","1","ES","E","BSE","62.7200","56.7600","","","80000"
"19111","NBIFIN","N.B.I. Ind. Fin. Co.","EQ","10.0000","1","ES","E","NSE","1900.2000","1266.8000","","","63151"
"511110","VBDESAI","V.B.Desai Financial Services","X","1.0000","1","ES","E","BSE","15.7000","10.4800","","","80000"
"513369","KVFORGE","Krishanveer Forge","X","5.0000","1","ES","E","BSE","134.1500","89.4500","","","80000"
"24292","VSTTILLERS","Vst Tillers Tractors","EQ","10.0000","1","ES","E","NSE","5764.8000","3843.2000","","","20813"
"524500","KILITCH","Kilitch Drugs","B","5.0000","1","ES","E","BSE","153.0500","102.0500","","","803521"
"533152","MBLINFRA","Mbl Infrastructures","B","1.0000","1","ES","E","BSE","23.0400","15.3600","","","4987706"
"513375","CARBORUNIV","Carborundum Universal","A","5.0000","1","ES","E","BSE","931.6500","621.1500","","","128754"
"19585","BSE","BSE","EQ","10.0000","1","ES","E","NSE","2951.8000","2415.2000","","","37117"
"530953","SUNILAGR","Sunil Agro Foods","X","1.0000","1","ES","E","BSE","79.5700","72.0100","","","80000"
"14848","ALPA","Alpa Laboratories","EQ","1.0000","1","ES","E","NSE","55.7500","37.1700","","","688027"
"526901","SONALAD","Sonal Adhesives","X","1.0000","1","ES","E","BSE","37.7100","25.1500","","","80000"
"532946","BANG","Bang Overseas","B","1.0000","1","ES","E","BSE","32.8000","21.8800","","","443411"
"4598","HERITGFOOD","Heritage Foods","EQ","5.0000","1","ES","E","NSE","352.7000","235.2000","","","340190"
"534532","LYPSAGEMS","Lypsa Gems & Jewellery","B","1.0000","1","ES","E","BSE","5.0600","3.3800","","","964126"
"522113","TIMKEN","Timken India","A","5.0000","1","ES","E","BSE","3883.0500","2588.7500","","","30990"
"538268","WONDERLA","Wonderla Holidays","B","5.0000","1","ES","E","BSE","580.2500","386.8500","","","205806"
"500429","UNIENTER","Uniphos Enterprises","B","1.0000","1","ES","E","BSE","110.5800","73.7200","","","1096598"
"514238","MKVENTURES","Ikab Securities & Investm","X","5.0000","1","ES","E","BSE","897.7000","598.5000","","","80000"
"517271","HBLENGINE","HBL Power Systems","A","5.0000","1","ES","E","BSE","737.7000","491.8000","","","162436"
"532624","JINDALPHOT","Jindal Photo","B","5.0000","1","ES","E","BSE","1176.7500","784.5500","","","101854"
"535205","MYSTICELE","Mystic Electronics Limite","X","1.0000","1","ES","E","BSE","3.6100","2.4100","","","80000"
"526861","RISHILASE","Rishi Laser","X","1.0000","1","ES","E","BSE","119.2800","79.5200","","","80000"
"538965","CONCORD","Concord Drugs","X","1.0000","1","ES","E","BSE","73.7400","66.7200","","","80000"
"530231","SUBSM","Subhash Silk Mills","X","1.0000","1","ES","E","BSE","40.8600","36.9800","","","80000"
"532922","EDELWEISS","Edelweiss Financial Services","A","1.0000","1","ES","E","BSE","119.7000","79.8000","","","1003267"
"6227","DTIL","Dhunseri Tea & Industries","EQ","1.0000","1","ES","E","NSE","131.4000","87.6000","","","343592"
"504908","DUNCANENG","Duncan Engineering","X","5.0000","1","ES","E","BSE","441.6000","294.4000","","","80000"
"523844","CONSTRONIC","Constronics Infra","X","1.0000","1","ES","E","BSE","58.8200","39.2200","","","80000"
"507960","GUJHOTE","Gujarat Hotels","X","5.0000","1","ES","E","BSE","202.6000","135.1000","","","80000"
"521163","ZODIACLOTH","Zodiac Clothing","B","1.0000","1","ES","E","BSE","71.1400","47.4400","","","897880"
"511501","BHARAT","Bharat Bhushan Share & Co.","X","1.0000","1","ES","E","BSE","23.6100","15.7500","","","80000"
"13295","VISASTEEL","Visa Steel","EQ","1.0000","1","ES","E","NSE","29.7800","26.9600","","","3524819"
"500014","UTIQUE","Utique Enterprises","X","1.0000","1","ES","E","BSE","3.9100","2.6100","","","80000"
"517494","ACCEL","Accel","X","1.0000","1","ES","E","BSE","10.9900","7.3300","","","80000"
"500239","KGDENIM","KG Denim","X","1.0000","1","ES","E","BSE","15.2600","10.1800","","","80000"
"503811","SIYSIL","Siyaram Silk Mills","B","5.0000","1","ES","E","BSE","522.9000","348.6000","","","229436"
"7672","IMAGICAA","Imagicaaworld entertainment","EQ","1.0000","1","ES","E","NSE","44.9500","29.9700","","","2669168"
"532890","TAKE","Take Solutions","T","1.0000","1","ES","E","BSE","40.4200","38.8400","","","2523901"
"539658","TEAMLEASE","Teamlease Services","B","5.0000","1","ES","E","BSE","1353.1500","902.1500","","","88606"
"17531","MAHASTEEL","Mahamaya Steel Industries","BE","5.0000","1","ES","E","NSE","997.2000","902.3000","","","105278"
"532847","HILTON","Hilton Metal Forging","B","1.0000","1","ES","E","BSE","27.4700","22.4900","","","1682956"
"506655","SUDARSCHEM","Sudarshan Chemical Ind.","A","5.0000","1","ES","E","BSE","896.7500","597.8500","","","133718"
"531553","DRL","Disha Resources","XT","1.0000","1","ES","E","BSE","20.4500","18.5100","","","80000"
"14134","PITTIENG","Pitti Engineering","EQ","5.0000","1","ES","E","NSE","825.9500","550.6500","","","145267"
"10637","OLECTRA","Olectra Greentech","EQ","5.0000","1","ES","E","NSE","1159.5000","773.0000","","","103421"
"532939","RPOWER","Reliance Power","A","1.0000","1","ES","E","BSE","24.4300","16.2900","","","4909160"
"13162","CELEBRITY","Celebrity Fashions","EQ","1.0000","1","ES","E","NSE","6.9700","4.6500","","","1951484"
"526263","MOLDTECH","Mold-Tek Technologies","B","5.0000","1","ES","E","BSE","123.6000","82.4000","","","941927"
"532630","GOKEX","Gokaldas Exports","A","5.0000","1","ES","E","BSE","638.9500","522.8500","","","172350"
"1919","KOPRAN","Kopran","EQ","1.0000","1","ES","E","NSE","129.6400","86.4400","","","925576"
"530179","RSCINT","RSC International","X","1.0000","1","ES","E","BSE","25.3600","22.9600","","","80000"
"540515","KANUNGO","Kanungo Financiers Limite","X","1.0000","1","ES","E","BSE","10.9300","9.8900","","","80000"
"11975","RML","Rane (Madras)","EQ","5.0000","1","ES","E","NSE","744.0000","496.0000","","","161262"
"541347","PARVATI","Parvati Sweetners And Pow","XT","1.0000","1","ES","E","BSE","7.6400","6.9200","","","80000"
"513097","SBCL","Shivalik Bimetal Controls","B","5.0000","1","ES","E","BSE","466.6000","311.1000","","","257778"
"1270","AMBUJACEM","Ambuja Cements","EQ","5.0000","1","ES","E","NSE","441.3500","361.1500","","","247182"
"3799","WSTCSTPAPR","West Coast Paper Mills","EQ","5.0000","1","ES","E","NSE","488.0000","325.4000","","","245834"
"504067","ZENSARTECH","Zensar Technologies","A","5.0000","1","ES","E","BSE","617.5000","411.7000","","","194280"
"17752","SHILPAMED","Shilpa Medicare","EQ","5.0000","1","ES","E","NSE","418.6500","279.1500","","","286527"
"500356","RAMANEWS","Shree Rama Newsprint","B","1.0000","1","ES","E","BSE","34.9600","23.3200","","","3361289"
"523120","THRIVE","Thrive Future Habitats","X","1.0000","1","ES","E","BSE","105.0000","95.0000","","","80000"
"531083","NIHARINF","Nihar Info Global","XT","1.0000","1","ES","E","BSE","6.8300","6.1900","","","80000"
"540134","IISL","Ishaan Infrastructure","X","1.0000","1","ES","E","BSE","10.5000","8.6000","","","80000"
"3892","HATSUN","Hatsun Agro Product","EQ","5.0000","1","ES","E","NSE","1108.0000","738.7000","","","108255"
"522134","ARTSON","Artson Limited","X","5.0000","1","ES","E","BSE","150.4000","136.1000","","","80000"
"508954","FINKURVE","Finkurve Financial Services","B","1.0000","1","ES","E","BSE","61.3200","40.8800","","","1958045"
"526519","ALPINEHOU","Alpine Housing Developmen","X","1.0000","1","ES","E","BSE","90.5200","60.3600","","","80000"
"532764","GEECEE","Geecee Ventures","B","5.0000","1","ES","E","BSE","263.2500","175.5500","","","451965"
"542684","PPL","Prakash Pipes","B","5.0000","1","ES","E","BSE","196.9000","131.3000","","","609176"
"15248","KAVDEFENCE","Kavveri Tel. Ltd.","BE","1.0000","1","ES","E","NSE","54.3700","49.2100","","","1124038"
"517569","KEI","KEI Industries","A","5.0000","1","ES","E","BSE","4433.4500","3627.4500","","","24760"
"538565","VISTARAMAR","Vistar Amar","XT","5.0000","1","ES","E","BSE","164.9000","149.2000","","","80000"
"512271","TASHIND","Tashi India","XT","5.0000","1","ES","E","BSE","122.3000","110.7000","","","80000"
"21392","MAGADSUGAR","Magadh Sugar & Energy","EQ","5.0000","1","ES","E","NSE","579.1500","386.1500","","","207189"
"500128","ELECTCAST","Electrosteel Castings","A","1.0000","1","ES","E","BSE","88.3400","58.9000","","","1357533"
"532927","ECLERX","Eclerx Services","A","5.0000","1","ES","E","BSE","1665.4000","1110.3000","","","72042"
"532775","GTLINFRA","GTL Infrastructure","B","1.0000","1","ES","E","BSE","1.1600","0.7800","","","103087732"
"526638","TEXELIN","Texel Industries","X","1.0000","1","ES","E","BSE","79.6600","53.1200","","","80000"
"2562","HUHTAMAKI","Huhtamaki PPL","EQ","1.0000","1","ES","E","NSE","179.8800","119.9200","","","667085"
"11297","SIL","Standard Industries Ltd.","EQ","1.0000","1","ES","E","NSE","14.1600","9.4400","","","2103556"
"530407","EPIC","Epic Energy","X","1.0000","1","ES","E","BSE","40.7800","27.2000","","","80000"
"533160","DBREALTY","Valor Estate","A","1.0000","1","ES","E","BSE","100.6200","67.0800","","","1190582"
"637","CHAMBLFERT","Chambal Fertilizers","EQ","5.0000","1","ES","E","NSE","512.0000","341.4000","","","233980"
"7229","HCLTECH","HCL Technologies","EQ","10.0000","1","ES","E","NSE","1475.7000","1207.5000","","","73268"
"522029","WINDMACHIN","Windsor Machines","B","5.0000","1","ES","E","BSE","244.4000","163.0000","","","486454"
"523842","SUPTANERY","Super Tannery","X","1.0000","1","ES","E","BSE","6.2000","4.1400","","","80000"
"526849","BANARBEADS","Banaras Beads","B","5.0000","1","ES","E","BSE","122.0000","81.4000","","","217004"
"18908","PNBHOUSING","PNB Housing Finance","EQ","5.0000","1","ES","E","NSE","830.5500","679.5500","","","132338"
"14630","SANCO","Sanco Industries Limited","BZ","1.0000","1","ES","E","NSE","2.2900","2.0900","","","427781"
"539527","CREATIVE","Creative Castings","X","5.0000","1","ES","E","BSE","630.4000","420.3000","","","80000"
"507948","KEYCORP","Key Corp.","X","1.0000","1","ES","E","BSE","62.1100","56.2100","","","80000"
"517258","PRECISIO","Precision Electronics","X","5.0000","1","ES","E","BSE","120.6500","109.2500","","","80000"
"507864","PIONRINV","Pioneer Investcorp","X","1.0000","1","ES","E","BSE","87.6600","79.3200","","","80000"
"539013","GITARENEW","Gita Renewable Energy Limted","XT","1.0000","1","ES","E","BSE","77.6600","70.2800","","","80000"
"212","ASHOKLEY","Ashok Leyland","EQ","1.0000","1","ES","E","NSE","169.5400","138.7200","","","646124"
"524731","JENBURPH","Jenburkt Pharmaceuticals","X","5.0000","1","ES","E","BSE","1146.5000","764.4000","","","80000"
"25786","KANANIIND","Kanani Industries","EQ","1.0000","1","ES","E","NSE","1.2700","0.8500","","","6470283"
"5475","GRSE","Garden Reach Shipbuilders","EQ","10.0000","1","ES","E","NSE","2367.3000","1578.3000","","","50631"
"531146","MEDICAMEQ","Medicamen Biotech","B","5.0000","1","ES","E","BSE","269.5500","179.7500","","","443504"
"12686","MBAPL","Madhya Bharat Agro P. Ltd","EQ","5.0000","1","ES","E","NSE","552.5000","368.4000","","","217139"
"500265","MAHSEAMLES","Maharashtra Seamless","A","5.0000","1","ES","E","BSE","672.0000","448.0000","","","178487"
"14952","INDOWIND","Indowind Energy","EQ","1.0000","1","ES","E","NSE","8.4700","5.6500","","","5264770"
"937","ELGIEQUIP","Elgi Equipments","EQ","5.0000","1","ES","E","NSE","560.5500","373.7500","","","213913"
"500245","KIRLFER","Kirloskar Ferrous Ind.","B","5.0000","1","ES","E","BSE","418.6000","279.1000","","","80000"
"542651","KPITTECH","Kpit Technologies","A","5.0000","1","ES","E","BSE","698.4000","571.5000","","","157358"
"524396","BIOFILCHEM","Biofil Chemicals & Pharma","B","1.0000","1","ES","E","BSE","28.4600","23.3000","","","532153"
"3045","SBIN","State Bank Of India","EQ","5.0000","1","ES","E","NSE","1077.3000","881.5000","","","101536"
"16921","20MICRONS","20 Microns","EQ","1.0000","1","ES","E","NSE","159.7600","106.5200","","","751073"
"14957","MAGNUM","Magnum Ventures Ltd.","EQ","1.0000","1","ES","E","NSE","20.0500","13.3700","","","2237050"
"8954","TTML","Tata Teleservice Maharashtra","EQ","1.0000","1","ES","E","NSE","37.6300","25.0900","","","3188487"
"542867","CSBBANK","CSB Bank","A","5.0000","1","ES","E","BSE","407.7500","271.8500","","","293538"
"500450","MPILCORPL","MPIL Corp.","X","5.0000","1","ES","E","BSE","401.8000","363.6000","","","80000"
"540025","ADVENZYMES","Advanced Enzyme Technolog","B","5.0000","1","ES","E","BSE","306.4500","204.3500","","","391631"
"144","GODREJAGRO","Godrej Agrovet","EQ","5.0000","1","ES","E","NSE","641.6000","427.8000","","","186943"
"505526","DOLATALGO","Dolat Investments","B","1.0000","1","ES","E","BSE","79.1700","52.7900","","","1516063"
"10406","STEELCITY","Steel City Securities","EQ","1.0000","1","ES","E","NSE","86.4000","57.6000","","","494002"
"13587","ACE","Action Const Equip","EQ","5.0000","1","ES","E","NSE","898.7000","599.2000","","","133492"
"511593","LIBORDFIN","Libord Finance","X","1.0000","1","ES","E","BSE","17.8800","16.1800","","","80000"
"532543","GULFPETRO","GP Petroleums","B","1.0000","1","ES","E","BSE","28.8900","19.2700","","","1667189"
"531209","NUCLEUS","Nucleus Software Exports","B","5.0000","1","ES","E","BSE","869.2500","579.5500","","","138365"
"17704","QUESS","Quess Corp","EQ","1.0000","1","ES","E","NSE","203.6600","135.7800","","","589111"
"524230","RCF","Rashtriya Chemicals & Fert.","A","5.0000","1","ES","E","BSE","128.1000","85.4000","","","937318"
"512257","SVARTCORP","Swasti Vinayaka Art And H","X","1.0000","1","ES","E","BSE","3.8500","2.5700","","","80000"
"13147","PVRINOX","PVR INOX LIMITED","EQ","5.0000","1","ES","E","NSE","1102.3000","734.9000","","","108805"
"532817","ORIENTALTL","Oriental Trimex","B","1.0000","1","ES","E","BSE","5.4000","3.6000","","","2403687"
"532378","UNIVARTS","Universal Arts","X","1.0000","1","ES","E","BSE","5.7600","3.8400","","","80000"
"3078","SHANTIGEAR","Shanthi Gears","EQ","5.0000","1","ES","E","NSE","517.5500","345.0500","","","231835"
"532660","VIVIMEDLAB","Vivimed Labs","B","1.0000","1","ES","E","BSE","5.5200","5.0000","","","2711285"
"511539","SUPRATRE","Supra Trends","X","1.0000","1","ES","E","BSE","14.8300","13.4300","","","80000"
"524675","KABSON","Kabsons Industries","X","1.0000","1","ES","E","BSE","16.0800","10.7200","","","80000"
"533316","STEL","Stel Holdings","B","5.0000","1","ES","E","BSE","511.1000","340.8000","","","236727"
"540703","PROCLB","Provestment Services Limi","XT","1.0000","1","ES","E","BSE","31.6600","28.6600","","","80000"
"511714","NIMBSPROJ","Nimbus Projects","X","5.0000","1","ES","E","BSE","184.2500","166.7500","","","80000"
"538992","SAPL","Sar  Auto Products Limited","X","5.0000","1","ES","E","BSE","2079.0000","1881.0000","","","80000"
"7866","GVPIL","Ge Power India Limited","BE","5.0000","1","ES","E","NSE","403.3500","364.9500","","","260304"
"532102","SBECSUG","Sbec Sugar","X","1.0000","1","ES","E","BSE","35.1000","23.4000","","","80000"
"4410","JAGSNPHARM","Jagsonpal Pharmaceuticals","EQ","1.0000","1","ES","E","NSE","220.8300","147.2300","","","543351"
"500460","MUKANDLTD","Mukand","B","5.0000","1","ES","E","BSE","143.0000","95.4000","","","835617"
"500277","MIDINDIA","Mid India Ind.","X","1.0000","1","ES","E","BSE","5.7800","4.7400","","","80000"
"502137","DECCANCE","Deccan Cements","B","5.0000","1","ES","E","BSE","653.1500","435.4500","","","183344"
"532284","TCFCFINQ","Tcfc Finance","X","1.0000","1","ES","E","BSE","27.6400","18.4400","","","80000"
"526133","SUPERTEX","Supertex Industries","X","1.0000","1","ES","E","BSE","6.3400","4.2400","","","80000"
"541729","HDFCAMC","HDFC AMC","A","5.0000","1","ES","E","BSE","2438.4000","1995.1000","","","44982"
"502820","DCM","DCM","B","1.0000","1","ES","E","BSE","67.0400","44.7000","","","610762"
"2963","SAIL","Steel Authority Of India","EQ","1.0000","1","ES","E","NSE","166.5600","136.2800","","","656753"
"530343","GENUSPOWER","Genus Power Infrastructur","A","5.0000","1","ES","E","BSE","258.4500","172.3500","","","465148"
"703","DICIND","DIC","EQ","5.0000","1","ES","E","NSE","560.7000","373.8000","","","214017"
"533193","KECL","Kirloskar Electric Co","B","1.0000","1","ES","E","BSE","98.3800","65.6000","","","1222018"
"519285","TARAI","Tarai Foods","Z","1.0000","1","ES","E","BSE","6.5800","5.9600","","","80000"
"3563","ADANIGREEN","Adani Green Energy","EQ","5.0000","1","ES","E","NSE","887.5500","726.2500","","","123538"
"530063","YASHRAJC","Yashraj Containeurs","XT","1.0000","1","ES","E","BSE","4.7700","4.3300","","","80000"
"11927","NECLIFE","Nectar Lifesciences","EQ","1.0000","1","ES","E","NSE","9.7600","8.8400","","","6352333"
"502587","NATHIND","Nath Ind.","X","1.0000","1","ES","E","BSE","51.0000","34.0000","","","80000"
"514240","KUSHIND","Kush Industries","X","1.0000","1","ES","E","BSE","6.7500","4.5100","","","80000"
"500339","RAIN","Rain Industries","A","5.0000","1","ES","E","BSE","128.1000","85.4000","","","938740"
"532851","INSECTICID","Insecticides","B","5.0000","1","ES","E","BSE","637.7000","425.2000","","","189223"
"500404","SUNFLAG","Sunflag Iron & Steel Co.","B","5.0000","1","ES","E","BSE","232.7000","155.2000","","","515067"
"24948","LTF","L&T Finance Limited","EQ","1.0000","1","ES","E","NSE","264.2200","216.1800","","","415728"
"530","BPL","BPL Ltd","EQ","1.0000","1","ES","E","NSE","45.8000","30.5400","","","1601507"
"28913","ROSSELLIND","Rossell India","EQ","1.0000","1","ES","E","NSE","51.1000","34.0800","","","2041404"
"530119","NATRAJPR","Natraj Proteins","X","1.0000","1","ES","E","BSE","41.7700","27.8500","","","80000"
"532210","CUB","City Union Bank","A","5.0000","1","ES","E","BSE","287.8500","191.9500","","","416849"
"1497","SHIVAMILLS","Shiva Mills","EQ","1.0000","1","ES","E","NSE","55.6200","37.0800","","","282587"
"530439","SIDDHA","Siddha Ventures Ltd.","X","1.0000","1","ES","E","BSE","5.0800","3.4000","","","80000"
"536773","JPOLYINVST","Jindal Poly Inv. & Fin.","B","5.0000","1","ES","E","BSE","1237.1000","824.8000","","","97140"
"533229","BAJAJCON","Bajaj Consumer Care","B","5.0000","1","ES","E","BSE","416.4000","277.6000","","","287360"
"14296","VIYASH","Sequent Scientific","EQ","1.0000","1","ES","E","NSE","219.3800","146.2600","","","546937"
"519091","TASTYBITE","Tasty Bite Eatables","B","5.0000","1","ES","E","BSE","7826.8000","5217.9000","","","15308"
"540115","LTTS","L&T Technology Services","A","5.0000","1","ES","E","BSE","3744.0000","2496.0000","","","32011"
"5194","ANTGRAPHIC","Antarctica Ltd","EQ","1.0000","1","ES","E","NSE","0.8100","0.5500","","","5068813"
"14014","LUMAXTECH","Lumax Auto Technologies","EQ","10.0000","1","ES","E","NSE","1826.6000","1217.8000","","","65635"
"20086","CPCAP","CP Capital","EQ","1.0000","1","ES","E","NSE","90.4800","60.3200","","","594909"
"517372","GUJINTRX","Gujarat Intrux","X","5.0000","1","ES","E","BSE","498.3000","332.2000","","","80000"
"15219","PATINTLOG","Patel Int. Log.","EQ","1.0000","1","ES","E","NSE","9.9100","6.6100","","","2275453"
"516003","DUROPLY","Duroply Industries Limite","X","5.0000","1","ES","E","BSE","154.5000","103.0000","","","80000"
"539083","INOXWIND","Inox Wind","A","1.0000","1","ES","E","BSE","82.9600","67.8800","","","1323830"
"513472","SIMPLEXCAS","Simplex Castings","X","5.0000","1","ES","E","BSE","600.4500","400.3500","","","80000"
"18827","TARAPUR","Tarapur Transformers Ltd","EQ","1.0000","1","ES","E","NSE","25.3300","22.9300","","","637650"
"500520","M&M","Mahindra & Mahindra","A","5.0000","1","ES","E","BSE","3251.7500","2660.5500","","","33575"
"532779","TORNTPOWER","Torrent Power","A","5.0000","1","ES","E","BSE","1436.8500","1175.6500","","","76089"
"8825","PRIVISCL","Privi Speciality Chem","EQ","10.0000","1","ES","E","NSE","3477.3000","2318.3000","","","34492"
"3426","TATAPOWER","Tata Power","EQ","5.0000","1","ES","E","NSE","416.6000","340.9000","","","262017"
"531505","INDERGR","Indergiri Finance","XT","1.0000","1","ES","E","BSE","27.1300","24.5500","","","80000"
"516108","STHINPA","South India Paper Mills L","X","1.0000","1","ES","E","BSE","103.2600","68.8400","","","80000"
"532067","3BBLACKBIO","3B BlackBio Dx","B","5.0000","1","ES","E","BSE","1351.2000","900.8000","","","80000"
"513693","KAJARIR","KIC Metaliks","X","1.0000","1","ES","E","BSE","25.0800","16.7200","","","80000"
"540266","GLCL","Globe Commercials","X","1.0000","1","ES","E","BSE","13.9800","11.4400","","","80000"
"2142","MFSL","Max Financial Services","EQ","10.0000","1","ES","E","NSE","1639.7000","1341.7000","","","66952"
"3963","GOCLCORP","GOCL Corp","EQ","5.0000","1","ES","E","NSE","303.4500","202.3500","","","395390"
"526725","SANDESH","Sandesh","B","5.0000","1","ES","E","BSE","979.3500","652.9500","","","121678"
"506401","DEEPAKNTR","Deepak Nitrite","A","5.0000","1","ES","E","BSE","1544.9000","1030.0000","","","77607"
"532825","JAGJANANI","Jagjanani Textiles","X","1.0000","1","ES","E","BSE","4.5600","3.0400","","","80000"
"11223","UCOBANK","UCO Bank","EQ","1.0000","1","ES","E","NSE","26.9400","17.9600","","","4451543"
"2181","BOSCHLTD","Bosch","EQ","500.0000","1","ES","E","NSE","31615.0000","25875.0000","","","3450"
"532638","SHOPERSTOP","Shoppers Stop","B","5.0000","1","ES","E","BSE","347.5500","231.7500","","","345988"
"511122","1STCUS","First Custodian Fund","X","1.0000","1","ES","E","BSE","90.0000","60.0000","","","80000"
"14592","FORTIS","Fortis Healthcare","EQ","5.0000","1","ES","E","NSE","874.5000","715.5000","","","125323"
"526887","INDOCRED","Indo Credit Capital","XT","1.0000","1","ES","E","BSE","7.6800","6.9600","","","80000"
"538961","GENUSPAPER","Genus Paper & Boards Limi","B","1.0000","1","ES","E","BSE","10.8400","7.2400","","","8408018"
"513","BOMDYEING","Bombay Dyeing","EQ","1.0000","1","ES","E","NSE","111.2500","74.1700","","","1078525"
"500420","TORNTPHARM","Torrent Pharmaceuticals","A","5.0000","1","ES","E","BSE","4642.7000","3798.6000","","","23691"
"536672","VCU","Vcu Data Management","X","1.0000","1","ES","E","BSE","6.5700","4.3900","","","80000"
"526521","SANGHIIND","Sanghi Industries","B","1.0000","1","ES","E","BSE","57.5000","38.3400","","","2081590"
"7508","ZENTEC","Zen Technologies","EQ","10.0000","1","ES","E","NSE","1534.8000","1023.2000","","","78101"
"512213","CLASELE","Classic Electricals","XT","1.0000","1","ES","E","BSE","2.8400","2.5800","","","80000"
"3387","SMLMAH","SML Isuzu","EQ","10.0000","1","ES","E","NSE","3969.7000","3591.7000","","","26439"
"504028","GEE","GEE","X","1.0000","1","ES","E","BSE","64.7800","43.2000","","","80000"
"20224","JWL","Jupiter Wagons","EQ","1.0000","1","ES","E","NSE","285.7200","190.4800","","","419677"
"524735","HIKAL","Hikal","B","5.0000","1","ES","E","BSE","176.4500","117.6500","","","679880"
"6445","TECHNOE","Techno Elec & Eng Co.","EQ","5.0000","1","ES","E","NSE","1182.1000","788.1000","","","101413"
"531472","CYBELEIND","Cybele Industries","XT","1.0000","1","ES","E","BSE","48.0600","43.5000","","","80000"
"505010","AUTOAXLES","Automotive Axles","B","5.0000","1","ES","E","BSE","1858.4000","1239.0000","","","64633"
"531585","DEVINE","Devine Impex","X","1.0000","1","ES","E","BSE","8.1400","7.3800","","","80000"
"1142","GINNIFILA","Ginni Filaments","EQ","1.0000","1","ES","E","NSE","39.9200","26.6200","","","2800757"
"21238","AUBANK","Au Small Finance Bank","EQ","5.0000","1","ES","E","NSE","926.9500","758.4500","","","118219"
"503863","SHRMFGC","Shree Manufacturing","XT","1.0000","1","ES","E","BSE","21.0800","19.0800","","","80000"
"500338","PRSMJOHNSN","Prism Johnson","B","5.0000","1","ES","E","BSE","150.1000","100.1000","","","799330"
"514442","SRIKPRIND","Sri Kpr Industries","X","1.0000","1","ES","E","BSE","22.3200","14.8800","","","80000"
"507966","RASRESOR","Ras Resorts & Apart Hotel","X","1.0000","1","ES","E","BSE","44.1400","29.4400","","","80000"
"533212","GKB","GKB Ophthalmics","X","1.0000","1","ES","E","BSE","63.0000","42.0000","","","80000"
"538896","KANCHI","Kanchi Karpooram","X","5.0000","1","ES","E","BSE","376.6500","251.1500","","","80000"
"526477","SAENTER","South Asian Enterprises L","X","1.0000","1","ES","E","BSE","35.7000","32.3000","","","80000"
"9590","POLYCAB","Polycab India","EQ","50.0000","1","ES","E","NSE","7527.5000","6159.5000","","","14603"
"542351","GLOSTERLTD","Gloster","B","5.0000","1","ES","E","BSE","619.6500","413.1500","","","190325"
"513121","ORICONENT","Oricon Enterprises","B","1.0000","1","ES","E","BSE","76.4100","50.9500","","","1562624"
"524408","UNIVSTAR","Universal Starch-Chem All","X","5.0000","1","ES","E","BSE","135.7000","90.5000","","","80000"
"11699","PATELENG","Patel Engineering","EQ","1.0000","1","ES","E","NSE","26.6400","17.7600","","","4504324"
"535657","OONE","Objectone Information Sys","XT","1.0000","1","ES","E","BSE","6.5400","5.9200","","","80000"
"11287","UPL","UPL","EQ","5.0000","1","ES","E","NSE","624.7000","511.2000","","","175587"
"538556","ARMAN","Arman Holdings","X","5.0000","1","ES","E","BSE","129.6000","86.4000","","","80000"
"1455","BIRLANU","Birlanu Limited","EQ","10.0000","1","ES","E","NSE","1441.8000","961.2000","","","83228"
"523594","KUNSTOFF","Kunststoffe Industries Lt","X","1.0000","1","ES","E","BSE","23.9600","15.9800","","","80000"
"512493","GARNETINT","Garnet International","XT","1.0000","1","ES","E","BSE","48.8200","44.1800","","","80000"
"523289","RAMAVISION","Rama Vision","X","5.0000","1","ES","E","BSE","138.7000","92.5000","","","80000"
"500343","AMJLAND","Amj Land Holdings","B","1.0000","1","ES","E","BSE","38.8400","25.9000","","","1340699"
"11226","BAGFILMS","B.A.G Films And Media Ltd","EQ","1.0000","1","ES","E","NSE","4.3500","2.9100","","","6466351"
"531500","RAJESHEXPO","Rajesh Exports","Z","1.0000","1","ES","E","BSE","84.6300","76.5700","","","1243930"
"532468","KAMAHOLD","Kama Holdings","A","5.0000","1","ES","E","BSE","2892.7500","1928.5500","","","80000"
"13598","ANTELOPUS","Antelopus Selan Energy","EQ","5.0000","1","ES","E","NSE","626.6500","512.7500","","","175530"
"8733","S&SPOWER","S&S Power Switchgears","BE","5.0000","1","ES","E","NSE","331.2000","318.3000","","","307921"
"500184","HSCL","Himadri Speciality Chemicals","A","5.0000","1","ES","E","BSE","529.6500","353.1500","","","226034"
"513502","BAROEXT","Baroda Extrusion","XT","1.0000","1","ES","E","BSE","8.1200","7.3600","","","80000"
"21113","BFINVEST","BF Investment","EQ","5.0000","1","ES","E","NSE","381.2000","254.2000","","","314750"
"4898","FDC","FDC","EQ","5.0000","1","ES","E","NSE","385.3000","256.9000","","","311292"
"531178","HEMANG","Hemang Resources","X","1.0000","1","ES","E","BSE","10.8600","7.2400","","","80000"
"817","DCW","DCW","EQ","1.0000","1","ES","E","NSE","45.0300","30.0300","","","2664364"
"532916","BVCL","Barak Valley Cements","B","1.0000","1","ES","E","BSE","39.1200","26.0800","","","724631"
"21119","KICL","Kalyani Investment Co","EQ","10.0000","1","ES","E","NSE","4830.0000","3220.0000","","","24842"
"503310","SWANCORP","Swan Corp","A","5.0000","1","ES","E","BSE","360.0000","240.0000","","","333204"
"533638","FLEXITUFF","Flexituff Ventures Intern","B","1.0000","1","ES","E","BSE","6.6700","6.0500","","","1073305"
"500575","VOLTAS","Voltas","A","5.0000","1","ES","E","BSE","1397.2500","1143.2500","","","78419"
"533286","MOIL","Moil","A","5.0000","1","ES","E","BSE","339.9000","226.6000","","","352843"
"524348","AARTIDRUGS","Aarti Drugs","B","5.0000","1","ES","E","BSE","383.2500","255.5500","","","312691"
"520008","RICOAUTO","Rico Auto Industries","B","5.0000","1","ES","E","BSE","120.4500","80.3500","","","995021"
"509048","LANCORHOL","Lancor Holdings","T","1.0000","1","ES","E","BSE","19.8300","17.9500","","","2405103"
"524226","GAEL","Gujarat Ambuja Exports","B","5.0000","1","ES","E","BSE","163.2500","108.8500","","","735707"
"18659","MARATHON","Marathon Nxtgen Realt","EQ","5.0000","1","ES","E","NSE","457.0000","304.7000","","","262535"
"512624","REGENTRP","Regent Enterprises Limite","X","1.0000","1","ES","E","BSE","6.3000","4.2000","","","80000"
"505685","TAPARIA","Taparia Tools","XT","1.0000","1","ES","E","BSE","25.1300","22.7500","","","80000"
"8124","AJANTPHARM","Ajanta Pharma","EQ","10.0000","1","ES","E","NSE","3366.1000","2244.1000","","","35606"
"18142","EMMBI","Emmbi Industries","EQ","1.0000","1","ES","E","NSE","72.7000","48.4800","","","629156"
"13515","OMKARCHEM","Omkar Spl Chem Ltd","BZ","1.0000","1","ES","E","NSE","3.8600","3.5000","","","672900"
"540755","GICRE","General Insurance Corpora","A","5.0000","1","ES","E","BSE","435.0500","290.0500","","","275440"
"514324","OMNITEX","Omnitex Industries (India","XT","5.0000","1","ES","E","BSE","736.4500","666.3500","","","80000"
"512247","ASHCAP","Ashirwad Capital","X","1.0000","1","ES","E","BSE","2.8400","1.9000","","","80000"
"501110","SUNRINV","Sunrise Industrial Trader","XT","1.0000","1","ES","E","BSE","7.5000","6.8000","","","80000"
"532756","CIEINDIA","Mahindra Cie Automotive L","A","5.0000","1","ES","E","BSE","533.7500","355.8500","","","224582"
"10243","SYNGENE","Syngene International","EQ","5.0000","1","ES","E","NSE","467.8500","311.9500","","","256269"
"505890","KENNAMET","Kennametal","B","5.0000","1","ES","E","BSE","2534.0000","1689.4000","","","80000"
"539006","PTCIL","PTC Industries","A","5.0000","1","ES","E","BSE","17990.8500","11993.9500","","","6671"
"521194","SILINV","Sil Investments","B","5.0000","1","ES","E","BSE","453.7000","302.5000","","","262088"
"13900","CREST","Crest Ventures","EQ","5.0000","1","ES","E","NSE","389.8000","259.9000","","","307826"
"9897","AIRAN","Airan","EQ","1.0000","1","ES","E","NSE","14.1100","11.5500","","","4088153"
"531433","SUNGOLD","Sungold Capital","XT","1.0000","1","ES","E","BSE","3.2200","2.9200","","","80000"
"511076","AEROENTER","SAT Ind.","B","1.0000","1","ES","E","BSE","78.1200","52.0800","","","1539878"
"523838","SIMPLEXINF","Simplex Infrastructures L","B","5.0000","1","ES","E","BSE","166.8000","111.2000","","","712728"
"1901","CUMMINSIND","Cummins India","EQ","10.0000","1","ES","E","NSE","4950.1000","4050.1000","","","22175"
"500306","JAYKAY","Jaykay Enterprises","B","5.0000","1","ES","E","BSE","143.2000","95.5000","","","845172"
"11703","ALKEM","Alkem Laboratories","EQ","50.0000","1","ES","E","NSE","5828.5000","4769.5000","","","18771"
"19211","HMVL","Hindustan Media Ventures","EQ","1.0000","1","ES","E","NSE","67.1100","44.7500","","","1787934"
"505585","ZKOVALIN","Kovalam Investment & Trading","X","1.0000","1","ES","E","BSE","14.8300","13.4300","","","80000"
"17032","THYROCARE","Thyrocare Technologies","EQ","5.0000","1","ES","E","NSE","419.4500","279.6500","","","286020"
"521200","SURYALAXMI","Suryalakshmi Cotton Mills","B","1.0000","1","ES","E","BSE","51.9000","34.6000","","","614932"
"501386","EENTER","E & E Enterprises","XT","1.0000","1","ES","E","BSE","20.1700","18.2500","","","80000"
"11220","VARDHACRLC","Vardhaman Acrylics","EQ","1.0000","1","ES","E","NSE","32.6700","21.7900","","","2627894"
"500191","HMT","HMT","Z","1.0000","1","ES","E","BSE","60.6500","54.8900","","","1749012"
"16807","LOTUSEYE","Lotus Eye Hospital","EQ","1.0000","1","ES","E","NSE","103.1300","93.3100","","","680039"
"21726","MATRIMONY","Matrimony.Com","EQ","5.0000","1","ES","E","NSE","511.2000","340.8000","","","234731"
"539522","GROVY","Grovy India","X","1.0000","1","ES","E","BSE","40.2000","26.8000","","","80000"
"531813","GANGAPA","Ganga Papers India","X","1.0000","1","ES","E","BSE","71.9700","65.1300","","","80000"
"8591","AKSHOPTFBR","Aksh Optifibre","EQ","1.0000","1","ES","E","NSE","4.7600","3.1800","","","5320223"
"532867","V2RETAIL","V2 Retail","B","5.0000","1","ES","E","BSE","226.2500","150.8500","","","528724"
"540914","SRUSTEELS","Sru Steels","X","1.0000","1","ES","E","BSE","1.4900","1.3500","","","80000"
"533122","RTNPOWER","Rattanindia Power","A","1.0000","1","ES","E","BSE","9.0800","6.0600","","","13226570"
"519230","KISAAN","Kisaan Parivar Industries","X","1.0000","1","ES","E","BSE","17.3800","11.6000","","","80000"
"5701","CUB","City Union Bank","EQ","1.0000","1","ES","E","NSE","287.8200","191.8800","","","416849"
"532162","JKPAPER","JK Paper","A","5.0000","1","ES","E","BSE","367.9000","245.3000","","","326268"
"507205","TI","Tilaknagar Ind.","A","5.0000","1","ES","E","BSE","499.3000","332.9000","","","240174"
"516092","3PLAND","3P Land Holdings","B","1.0000","1","ES","E","BSE","34.2400","22.8400","","","588599"
"14597","ALPHAGEO","Alphageo","EQ","1.0000","1","ES","E","NSE","200.6600","133.7800","","","208127"
"526604","LIPPISYS","Lippi Systems","XT","1.0000","1","ES","E","BSE","37.1500","33.6300","","","80000"
"2885","RELIANCE","Reliance Industries","EQ","10.0000","1","ES","E","NSE","1478.2000","1209.6000","","","67662"
"17641","SUNTECK","Sunteck Realty","EQ","5.0000","1","ES","E","NSE","327.8000","218.6000","","","365930"
"1168","GMBREW","G M Breweries","EQ","5.0000","1","ES","E","NSE","1178.9000","786.0000","","","101783"
"523696","FORTISMLR","Fortis Malar Hospitals Li","X","1.0000","1","ES","E","BSE","50.0200","33.3600","","","80000"
"538942","MERCANTILE","Mercantile Ventures Limit","X","1.0000","1","ES","E","BSE","21.2100","14.1500","","","80000"
"500116","IDBI","IDBI Bank","A","1.0000","1","ES","E","BSE","67.6500","55.3500","","","1623612"
"507753","TGVSL","TGV Sraac","B","1.0000","1","ES","E","BSE","95.0600","63.3800","","","80000"
"538964","MERCURYLAB","Mercury Laboratories","X","5.0000","1","ES","E","BSE","840.0000","560.0000","","","80000"
"530307","CLSEL","Chaman Lal Setia Exports","B","5.0000","1","ES","E","BSE","247.2500","164.8500","","","487161"
"14982","CENTUM","Centum Electronics","EQ","10.0000","1","ES","E","NSE","3317.0000","2211.4000","","","36174"
"25086","TREEHOUSE","Tree House Edu Ltd","BE","1.0000","1","ES","E","NSE","7.8900","7.1500","","","1383560"
"500144","FINCABLES","Finolex Cables","A","5.0000","1","ES","E","BSE","931.0000","620.7000","","","128774"
"506579","AGVENTURES","AG Ventures","X","1.0000","1","ES","E","BSE","89.5800","59.7200","","","80000"
"531928","GOLCA","Golden Carpets","X","1.0000","1","ES","E","BSE","9.6100","8.7100","","","80000"
"4774","LAKPRE","Lakshmi Pre Scre","BZ","1.0000","1","ES","E","NSE","5.3900","4.8900","","","357792"
"531548","SOMANYCERA","Somany Ceramics","B","5.0000","1","ES","E","BSE","428.7500","285.8500","","","280035"
"3252","SPIC","Spic","EQ","1.0000","1","ES","E","NSE","66.5000","44.3400","","","1804253"
"534091","MCX","Multi Commodity Exchange","A","5.0000","1","ES","E","BSE","2629.0500","2151.0500","","","41818"
"10447","UNITDSPR","United Spirits","EQ","10.0000","1","ES","E","NSE","1340.6000","1097.0000","","","81463"
"18931","SUNDARAM","Sundaram Multi Pap","EQ","1.0000","1","ES","E","NSE","1.3400","0.9000","","","15495803"
"634","IGARASHI","Igarashi Motors India","EQ","5.0000","1","ES","E","NSE","328.1000","218.8000","","","365677"
"533268","SEATV","Sea TV Network","X","1.0000","1","ES","E","BSE","4.1600","3.4200","","","80000"
"531902","GALLOPENT","Gallops Enterprise","XT","1.0000","1","ES","E","BSE","25.7000","23.2600","","","80000"
"517356","ACIIN","ACI Infocom","XT","1.0000","1","ES","E","BSE","1.3100","1.1900","","","80000"
"532673","KMSUGAR","K M Sugar Mills","B","1.0000","1","ES","E","BSE","29.9100","19.9500","","","3008405"
"506858","GUJPETR","Gujarat Petrosynthese","X","1.0000","1","ES","E","BSE","72.0000","48.0000","","","80000"
"522152","SOLIMAC","Solitaire Machine Tools L","X","1.0000","1","ES","E","BSE","92.5200","61.6800","","","80000"
"11050","SIRCA","Sirca Paint India","EQ","5.0000","1","ES","E","NSE","481.6000","321.1000","","","249150"
"526751","GRATEXI","Gratex Industries","X","1.0000","1","ES","E","BSE","18.2200","16.5000","","","80000"
"2439","NKIND","Nk Industries","EQ","1.0000","1","ES","E","NSE","73.2000","48.8000","","","196523"
"531950","VERTEX","Vertex Securities","X","1.0000","1","ES","E","BSE","2.9000","1.9400","","","80000"
"11979","HTMEDIA","HT Media","EQ","1.0000","1","ES","E","NSE","21.7600","14.5200","","","5512536"
"531946","CHADPAP","Chadha Papers","X","1.0000","1","ES","E","BSE","9.1800","8.3200","","","80000"
"532645","BEEYU","Beeyu Overseas","XT","1.0000","1","ES","E","BSE","2.4300","2.2100","","","80000"
"531157","ORGCOAT","Organic Coatings","X","1.0000","1","ES","E","BSE","21.1000","19.1000","","","80000"
"504741","INDIANHUME","Indian Hume Pipe","B","5.0000","1","ES","E","BSE","338.2500","225.5500","","","355285"
"526891","MKTCREAT","Market Creators","X","1.0000","1","ES","E","BSE","11.8500","10.7300","","","80000"
"538465","AMARSEC","Amarnath Securities","X","1.0000","1","ES","E","BSE","13.2100","8.8100","","","80000"
"4587","RAMCOIND","Ramco Industries","EQ","1.0000","1","ES","E","NSE","280.5600","187.0400","","","427694"
"534422","LOOKS","Looks Health Services","XT","1.0000","1","ES","E","BSE","6.9600","6.3000","","","80000"
"4487","ALKYLAMINE","Alkyl Amines Chem.","EQ","10.0000","1","ES","E","NSE","1477.9000","985.3000","","","81165"
"3857","VARROC","Varroc Engineering","EQ","5.0000","1","ES","E","NSE","560.8500","373.9500","","","213900"
"532717","INDOTECH","Indo Tech Transformers","B","5.0000","1","ES","E","BSE","1328.7500","885.8500","","","90503"
"532930","BGRENERGY","Bgr Energy Systems","T","5.0000","1","ES","E","BSE","257.9500","233.4500","","","407135"
"533158","THANGAMAYL","Thangamayil Jewellery","A","5.0000","1","ES","E","BSE","3761.3500","3077.5500","","","29186"
"533192","KCPSUGIND","Kcp Sugar & Industries Co","B","1.0000","1","ES","E","BSE","27.8700","18.5900","","","3707691"
"6302","APOLSINHOT","Apollo Sindoori Hotel","EQ","5.0000","1","ES","E","NSE","1143.3500","762.2500","","","85033"
"531471","DUKEOFS","Duke Offshore","XT","1.0000","1","ES","E","BSE","25.4800","23.0600","","","80000"
"15141","COLPAL","Colgate Palmolive","EQ","10.0000","1","ES","E","NSE","1967.5000","1609.9000","","","55757"
"539560","ABHIJIT","Abhijit Trading Co.","XT","1.0000","1","ES","E","BSE","15.0000","1.5000","","","80000"
"540159","PURPLE","Purple Agrotech Industries","X","1.0000","1","ES","E","BSE","4.3500","3.9500","","","80000"
"530755","CORNE","Coral Newsprints","X","1.0000","1","ES","E","BSE","9.7200","8.8000","","","80000"
"18581","KIRLOSBROS","Kirloskar Brothers","EQ","10.0000","1","ES","E","NSE","1606.9000","1071.3000","","","74644"
"531359","SRAMSET","Shriram Asset Management","X","5.0000","1","ES","E","BSE","339.4500","226.3500","","","80000"
"521240","SAMBANDAM","Sambandam Spinning Mills","X","1.0000","1","ES","E","BSE","107.9700","71.9900","","","80000"
"2454","CENTRUM","Centrum Capital","EQ","1.0000","1","ES","E","NSE","33.1000","22.0800","","","3624241"
"532395","AXISCADES","Axiscades Technologies","B","5.0000","1","ES","E","BSE","1603.6000","1450.9000","","","66029"
"540073","BLS","Bls International Service","A","5.0000","1","ES","E","BSE","282.7500","188.5500","","","424093"
"532413","CEREBRAINT","Cerebra Integrated Techno","Z","1.0000","1","ES","E","BSE","3.8900","3.5300","","","3661957"
"2598","AMJLAND","AMJ Land Holdings","EQ","1.0000","1","ES","E","NSE","37.9400","25.3000","","","1340699"
"532167","OMKARPH","Omkar Pharmachem","XT","1.0000","1","ES","E","BSE","30.9700","28.0300","","","80000"
"3918","NATCOPHARM","Natco Pharma","EQ","5.0000","1","ES","E","NSE","1169.0000","779.4000","","","102629"
"3002","WONDERLA","Wonderla Holidays","EQ","5.0000","1","ES","E","NSE","582.9500","388.6500","","","205806"
"522289","NMSGLOBAL","NMS Resources Global","XT","1.0000","1","ES","E","BSE","69.7900","63.1500","","","80000"
"538772","NIYOGIN","Niyogin Fintech","X","1.0000","1","ES","E","BSE","51.1200","34.0800","","","80000"
"1406","HINDPETRO","Hindustan Petroleum","EQ","5.0000","1","ES","E","NSE","368.9000","301.9000","","","297895"
"502873","HPCOTTON","H.P.Cotton Textile Mills","X","1.0000","1","ES","E","BSE","120.0000","80.0000","","","80000"
"11798","ALLDIGI","Allsec Technologies","EQ","5.0000","1","ES","E","NSE","843.8000","562.6000","","","142204"
"524808","PHYTO","Phyto Chem","X","1.0000","1","ES","E","BSE","25.9500","17.3100","","","80000"
"533632","ONELIFECAP","Onelife Capital Advisors","B","1.0000","1","ES","E","BSE","15.9000","14.4000","","","1221671"
"500472","SKFINDIA","SKF","A","5.0000","1","ES","E","BSE","1697.9000","1132.0000","","","70696"
"508956","HBLEAS","HB Leasing & Finance Co.","X","1.0000","1","ES","E","BSE","13.4400","8.9600","","","80000"
"537253","SUNLOC","Sunil Healthcare","X","1.0000","1","ES","E","BSE","74.3600","49.5800","","","80000"
"18049","MINDTECK","Mindteck","EQ","1.0000","1","ES","E","NSE","175.8100","117.2100","","","682542"
"533896","FERVENTSYN","Fervent Synergies","X","1.0000","1","ES","E","BSE","21.4500","14.3100","","","80000"
"13086","AIAENG","AIA Engineering","EQ","10.0000","1","ES","E","NSE","4363.9000","2909.3000","","","27436"
"540108","TIAANC","Tiaan Consumer","Z","1.0000","1","ES","E","BSE","6.9300","6.2700","","","80000"
"542206","NIVAKA","Nivaka Fashions","X","1.0000","1","ES","E","BSE","1.5600","1.4200","","","80000"
"505368","SEMAC","Semac Consultants","B","5.0000","1","ES","E","BSE","287.8000","260.4000","","","101935"
"505412","WENDT","Wendt","B","5.0000","1","ES","E","BSE","7130.8500","4753.9500","","","16877"
"531301","TUSALDAH","Tusaldah","X","5.0000","1","ES","E","BSE","111.0000","100.5000","","","80000"
"500330","RAYMOND","Raymond","A","5.0000","1","ES","E","BSE","386.3000","257.6000","","","310699"
"206","ASHIMASYN","Ashima","EQ","1.0000","1","ES","E","NSE","14.1300","9.4300","","","6267284"
"3273","SRF","SRF","EQ","10.0000","1","ES","E","NSE","2681.8000","2194.2000","","","40906"
"5748","CYIENT","Cyient","EQ","5.0000","1","ES","E","NSE","903.4000","602.3000","","","132793"
"4481","AARTIDRUGS","Aarti Drugs","EQ","5.0000","1","ES","E","NSE","383.7000","255.8000","","","312691"
"13404","SUNTV","Sun Tv Network","EQ","5.0000","1","ES","E","NSE","680.3000","453.6000","","","176155"
"538902","DTIL","Dhunseri Tea & Industries","B","5.0000","1","ES","E","BSE","131.5000","87.7000","","","343592"
"21957","INDTERRAIN","Indian Terrain Fashions","EQ","1.0000","1","ES","E","NSE","29.8400","19.9000","","","1656822"
"507690","ORIBEVER","Orient Beverages","XT","5.0000","1","ES","E","BSE","197.9000","179.1000","","","80000"
"22233","DHUNINV","Dhunseri Investments","EQ","5.0000","1","ES","E","NSE","828.3500","552.2500","","","144862"
"500307","NIRLON","Nirlon","B","5.0000","1","ES","E","BSE","601.5000","401.0000","","","80000"
"512261","BAJGLOB","Bajaj Global","XT","1.0000","1","ES","E","BSE","3.1500","2.8500","","","80000"
"539876","CROMPTON","Crompton Greaves Consumer Elec","A","5.0000","1","ES","E","BSE","245.7500","201.1500","","","446876"
"7902","LFIC","Lakshmi Fin Ind Corp","EQ","1.0000","1","ES","E","NSE","135.0000","90.0000","","","98099"
"500387","SHREECEM","Shree Cement","A","5.0000","1","ES","E","BSE","25322.1500","20718.1500","","","4329"
"531436","SAFFRON","Saffron Industries Limite","X","1.0000","1","ES","E","BSE","24.3700","22.0500","","","80000"
"532215","AXISBANK","Axis Bank","A","5.0000","1","ES","E","BSE","1278.1000","1045.8000","","","83908"
"531274","KINETRU","Kinetic Trust","XT","1.0000","1","ES","E","BSE","48.4500","43.8500","","","80000"
"539807","CCAVENUE","AvenuesAI Limited","A","1.0000","1","ES","E","BSE","16.0400","10.7000","","","7460851"
"526899","HFIL","Himalaya Food Internation","X","1.0000","1","ES","E","BSE","8.9100","5.9500","","","80000"
"517514","DHINDIA","D&H India","XT","5.0000","1","ES","E","BSE","308.5000","279.2000","","","80000"
"526827","SPICEISLIN","Spice islands industries","XT","5.0000","1","ES","E","BSE","283.0500","256.1500","","","80000"
"533150","GODREJPROP","Godrej Properties","A","5.0000","1","ES","E","BSE","1618.3500","1324.1500","","","67771"
"8652","VETO","Veto Switchgear Cable","EQ","1.0000","1","ES","E","NSE","101.2800","67.5200","","","625059"
"531346","EASTRED","Eastern Treads","X","1.0000","1","ES","E","BSE","31.0200","25.3800","","","80000"
"2794","RSWM","RSWM","EQ","1.0000","1","ES","E","NSE","144.8700","96.5900","","","828283"
"504286","DELTAMAGNT","Delta Manufacturing","B","1.0000","1","ES","E","BSE","55.2000","36.8000","","","354831"
"15119","EDELWEISS","Edelweiss Financial Services","EQ","1.0000","1","ES","E","NSE","119.6000","79.7400","","","1003267"
"539938","MIL","Medico Intercontinental L","X","1.0000","1","ES","E","BSE","26.7700","24.2300","","","80000"
"11039","DCMNVL","DCM Nouvelle","EQ","1.0000","1","ES","E","NSE","117.0700","78.0500","","","610762"
"368","BASF","BASF India","EQ","10.0000","1","ES","E","NSE","3856.0000","2570.8000","","","31079"
"532481","NOIDATOLL","Noida Toll Bridge Company","B","1.0000","1","ES","E","BSE","3.2200","2.6400","","","6088576"
"10074","EMAMIPAP","Emami Paper Mills","EQ","1.0000","1","ES","E","NSE","67.9000","45.2800","","","1767056"
"532005","SAMINDUS","Sam Industries","X","1.0000","1","ES","E","BSE","45.2600","30.1800","","","80000"
"500110","CHENNPETRO","Chennai Petroleum","A","5.0000","1","ES","E","BSE","1160.8000","773.9000","","","103344"
"507794","KHAICHEM","Khaitan Chemicals & Fert.","B","1.0000","1","ES","E","BSE","51.8600","34.5800","","","2312610"
"541005","KANCOTEA","Kanco Tea & Industries Li","X","1.0000","1","ES","E","BSE","63.9700","42.6500","","","80000"
"530549","SHILPAMED","Shilpa Medicare","A","5.0000","1","ES","E","BSE","418.3500","278.9500","","","286527"
"532397","KONNDOR","Konndor Industries","X","1.0000","1","ES","E","BSE","12.4000","11.2200","","","80000"
"532439","OLECTRA","Olectra Greentech","A","5.0000","1","ES","E","BSE","1159.6500","773.1500","","","103421"
"540775","KHADIM","Khadim India","B","1.0000","1","ES","E","BSE","94.5600","63.0400","","","600973"
"530023","THEINVEST","The Invest Trust Of India","B","1.0000","1","ES","E","BSE","110.6500","73.7700","","","1097086"
"532344","MADALA","Softsol India","X","5.0000","1","ES","E","BSE","221.7500","147.8500","","","80000"
"500674","SANOFI","Sanofi","A","5.0000","1","ES","E","BSE","3848.4000","2565.6000","","","31137"
"532323","SHIVACEM","Shiva Cement","X","1.0000","1","ES","E","BSE","15.7900","10.5300","","","80000"
"511756","ABIRAFN","Abirami Financial Services","Z","1.0000","1","ES","E","BSE","31.3700","28.3900","","","80000"
"512036","SKYBIOTECH","Skybiotech Healthcare","XT","5.0000","1","ES","E","BSE","161.5000","146.2000","","","80000"
"500380","JKLAKSHMI","JK Lakshmi Cement","A","5.0000","1","ES","E","BSE","669.8000","446.6000","","","179140"
"625","ABREL","Aditya birla real estate","EQ","10.0000","1","ES","E","NSE","1347.6000","898.4000","","","89021"
"538569","TRIVENIENT","Triveni Enterprises","X","1.0000","1","ES","E","BSE","1.2200","0.8200","","","80000"
"2664","PIDILITIND","Pidilite Industries","EQ","10.0000","1","ES","E","NSE","1413.5000","1156.5000","","","77350"
"532503","RAJPALAYAM","Rajapalayam Mills","X","5.0000","1","ES","E","BSE","852.7000","568.5000","","","80000"
"507952","SHIKHARLETR","Shikhar Leasing & Trading","XT","1.0000","1","ES","E","BSE","0.8200","0.7600","","","80000"
"516110","FAMILYCARE","Family Care Hospitals","X","1.0000","1","ES","E","BSE","2.8800","2.3600","","","80000"
"17722","DEN","Den Networks","EQ","1.0000","1","ES","E","NSE","27.5700","18.3900","","","4351327"
"11573","FORCEMOT","Force Motors","EQ","100.0000","1","ES","E","NSE","21345.0000","17465.0000","","","5148"
"532832","EMBDL","Embassy Developments Ltd","T","1.0000","1","ES","E","BSE","41.4500","37.5100","","","2533734"
"12716","TEAMLEASE","Teamlease Services","EQ","10.0000","1","ES","E","NSE","1354.2000","902.8000","","","88606"
"530477","VIKRAMTH","Vikram Thermo","X","5.0000","1","ES","E","BSE","163.3000","108.9000","","","80000"
"13116","QUICKHEAL","Quick Heal Technologies","EQ","1.0000","1","ES","E","NSE","150.6300","100.4300","","","796575"
"13310","KEI","KEI Industries","EQ","10.0000","1","ES","E","NSE","4441.8000","3634.2000","","","24760"
"17541","DAMODARIND","Damodar Industries","EQ","1.0000","1","ES","E","NSE","24.0100","16.0100","","","761909"
"513397","VALLABHSQ","Vallabh Steels","X","1.0000","1","ES","E","BSE","14.6400","13.2600","","","80000"
"531082","ALANKIT","Alankit","B","1.0000","1","ES","E","BSE","8.1800","5.4600","","","8866869"
"502168","NCLIND","NCL Industries","B","5.0000","1","ES","E","BSE","178.2500","118.8500","","","674873"
"507580","IVP","IVP","B","5.0000","1","ES","E","BSE","133.5000","89.0000","","","337668"
"17920","HDIL","HDIL","BZ","1.0000","1","ES","E","NSE","2.0200","1.8400","","","15499930"
"25486","TIJARIA","Tijaria Polypipes Ltd","BE","1.0000","1","ES","E","NSE","4.2700","3.8700","","","936089"
"503689","HEALINV","Healthy Investments","XT","1.0000","1","ES","E","BSE","3.3600","3.0400","","","80000"
"532879","SSLEL","Sir Shadi Lal Enterprises","X","5.0000","1","ES","E","BSE","290.1000","193.4000","","","80000"
"539353","SALAUTO","Sal Automotive","X","5.0000","1","ES","E","BSE","198.3500","132.2500","","","80000"
"8736","PNBGILTS","PNB Gilts","EQ","1.0000","1","ES","E","NSE","70.9900","47.3300","","","1690295"
"526612","BLUEDART","Blue Dart Express","A","5.0000","1","ES","E","BSE","5680.6500","3787.1500","","","21046"
"510245","SWASTIVI","Swasti Vinayaka Synthetic","X","1.0000","1","ES","E","BSE","3.7000","2.4800","","","80000"
"540590","RIDDHICORP","Riddhi Corporate Services","X","1.0000","1","ES","E","BSE","61.5700","41.0500","","","80000"
"531841","INDUSFINL","Indus Finance","X","1.0000","1","ES","E","BSE","48.2200","32.1600","","","80000"
"539551","NH","Narayana Hrudayalaya","A","5.0000","1","ES","E","BSE","1926.7500","1284.5500","","","62125"
"436","IFGLEXPOR","IFGL Refractories","EQ","1.0000","1","ES","E","NSE","147.6000","98.4000","","","812974"
"540192","LKPSEC","Lkp Securities","X","1.0000","1","ES","E","BSE","13.6600","9.1200","","","80000"
"506186","GSLTD","Galaxy Cloud Kitchens","X","1.0000","1","ES","E","BSE","15.1800","13.7400","","","80000"
"542864","MOUNT","Mount Housing And Infrast","XT","1.0000","1","ES","E","BSE","33.0400","29.9000","","","80000"
"531119","CEENIK","Ceenik Exports","X","5.0000","1","ES","E","BSE","303.1500","202.1500","","","80000"
"28906","MAYURUNIQ","Mayur Uniquoters","EQ","5.0000","1","ES","E","NSE","593.2000","395.5000","","","202271"
"500164","GODREJIND","Godrej Industries","A","5.0000","1","ES","E","BSE","897.7500","598.5500","","","133374"
"532966","TITAGARH","Titagarh Wagons","A","5.0000","1","ES","E","BSE","688.8500","459.2500","","","173863"
"533121","EXPLEOSOL","Expleo Solutions","B","5.0000","1","ES","E","BSE","778.2000","518.8000","","","154576"
"3291","STARPAPER","Star Paper Mills","EQ","1.0000","1","ES","E","NSE","144.5800","96.4000","","","510393"
"6051","CYBERTECH","Cybertech Systems & Softw","EQ","1.0000","1","ES","E","NSE","118.4600","78.9800","","","1012958"
"8568","HITECHGEAR","THE Hi-Tech Gears Limited","BE","5.0000","1","ES","E","NSE","575.7000","520.9000","","","182378"
"532894","INDOWIND","Indowind Energy","B","1.0000","1","ES","E","BSE","8.4800","5.6600","","","5264770"
"13035","SAFARI","Safari Industries","EQ","10.0000","1","ES","E","NSE","1717.2000","1144.8000","","","69865"
"512379","CRSL","Cressanda Railway Solutions","X","1.0000","1","ES","E","BSE","1.8900","1.7100","","","80000"
"530045","TITANSEC","Titan Securities","X","1.0000","1","ES","E","BSE","57.1200","38.0800","","","80000"
"14672","NAVINFLUOR","Navin Fluorine","EQ","50.0000","1","ES","E","NSE","7395.0000","4930.0000","","","16189"
"526525","WWALUM","Worldwide Aluminium Limit","XT","1.0000","1","ES","E","BSE","18.0600","16.3400","","","80000"
"1482","IFBAGRO","IFB Agro Industries","EQ","5.0000","1","ES","E","NSE","721.1500","652.5500","","","145583"
"532443","CERA","Cera Sanitaryware","A","5.0000","1","ES","E","BSE","5473.9000","3649.3000","","","21912"
"538707","RCCL","Rajasthan Cylinders & Con","X","1.0000","1","ES","E","BSE","34.3000","28.0800","","","80000"
"517354","HAVELLS","Havells","A","5.0000","1","ES","E","BSE","1309.9500","1071.8500","","","83425"
"24924","ELGIRUBCO","Elgi Rubber Co.","EQ","1.0000","1","ES","E","NSE","40.2100","26.8100","","","1636634"
"619","CENTENKA","Century Enka","EQ","5.0000","1","ES","E","NSE","447.0500","298.0500","","","268412"
"523550","KRYPTONQ","Krypton Industries","X","1.0000","1","ES","E","BSE","33.6800","22.4600","","","80000"
"530999","BALAMINES","Balaji Amines","B","5.0000","1","ES","E","BSE","1172.4000","781.6000","","","102322"
"3481","THOMASCOOK","Thomas Cook","EQ","1.0000","1","ES","E","NSE","107.7900","71.8700","","","1112920"
"530405","JINDCAP","Jindal Capital","X","1.0000","1","ES","E","BSE","33.7800","22.5200","","","80000"
"532256","NSIL","Nalwa Sons Investments","B","5.0000","1","ES","E","BSE","5648.8500","3765.9500","","","21135"
"507813","NOL","National Oxygen","X","1.0000","1","ES","E","BSE","68.4200","45.6200","","","80000"
"526231","STDSFAC","Standard Surfactants","X","1.0000","1","ES","E","BSE","58.1600","38.7800","","","80000"
"524038","VENLONENT","Venlon Enterprises","X","1.0000","1","ES","E","BSE","5.2500","4.7500","","","80000"
"500087","CIPLA","Cipla","A","5.0000","1","ES","E","BSE","1345.3500","1100.7500","","","81585"
"19277","EMAMIREAL","Emami Realty","EQ","1.0000","1","ES","E","NSE","65.3000","43.5400","","","1433368"
"511451","DHARFIN","Dharani Finance","X","1.0000","1","ES","E","BSE","9.2400","8.3600","","","80000"
"523708","EIMCOELECO","Eimco Elecon","B","5.0000","1","ES","E","BSE","1715.2000","1143.5000","","","69987"
"11856","SHAHALLOYS","Shah Alloys","EQ","1.0000","1","ES","E","NSE","64.7200","52.9600","","","647379"
"524488","SVCIND","SVC Industries","X","1.0000","1","ES","E","BSE","2.1700","1.4500","","","80000"
"532719","BLKASHYAP","B.L.Kashyap And Sons","B","1.0000","1","ES","E","BSE","51.3200","34.2200","","","2335783"
"517421","BUTTERFLY","Butterfly Gandhimathi App","B","5.0000","1","ES","E","BSE","707.1000","471.4000","","","169176"
"21314","DYNPRO","Dynemic Products","EQ","1.0000","1","ES","E","NSE","231.3300","154.2300","","","406408"
"500426","UTLINDS","UTI Ind.","X","1.0000","1","ES","E","BSE","1.4700","1.3300","","","80000"
"513108","GANDHITUBE","Gandhi Special Tubes","B","5.0000","1","ES","E","BSE","912.4500","608.3500","","","131885"
"532935","ARIES","Aries Agro","B","5.0000","1","ES","E","BSE","389.1500","259.4500","","","308111"
"7848","BIL","Bhartiya International","EQ","5.0000","1","ES","E","NSE","790.3500","526.9500","","","151819"
"9917","NEOGEN","Neogen Chemicals Limited","EQ","10.0000","1","ES","E","NSE","1334.4000","889.6000","","","89908"
"10791","NUCLEUS","Nucleus Software Exports","EQ","5.0000","1","ES","E","NSE","867.2000","578.2000","","","138365"
"10217","ADANIENSOL","Adani Energy Solutions","EQ","5.0000","1","ES","E","NSE","1028.3500","841.4500","","","106914"
"532457","GULPOLY","Gulshan Polyols","B","5.0000","1","ES","E","BSE","171.7000","114.5000","","","694246"
"505216","ALFREDHE","Alfred Herbert","X","5.0000","1","ES","E","BSE","2877.3000","1918.2000","","","80000"
"523151","OTCO","Otco International","X","1.0000","1","ES","E","BSE","7.8200","7.0800","","","80000"
"540212","TCIEXP","Tci Express","B","5.0000","1","ES","E","BSE","552.9000","368.6000","","","216683"
"10276","KAYA","Kaya","EQ","1.0000","1","ES","E","NSE","285.9000","190.6000","","","419724"
"500268","MANALIPETC","Manali Petrochemical","B","1.0000","1","ES","E","BSE","47.1900","31.4700","","","2539224"
"539599","KEL","Kotia Enterprises","XT","1.0000","1","ES","E","BSE","30.1500","27.2900","","","80000"
"590018","HISARMETAL","Hisar Metal Ind.","B","5.0000","1","ES","E","BSE","146.4000","97.6000","","","176579"
"2294","MTNL","Mahanagar Telephone Nigam","EQ","1.0000","1","ES","E","NSE","25.7600","17.1800","","","4657589"
"263","ATUL","Atul","EQ","50.0000","1","ES","E","NSE","7642.0000","5095.0000","","","15692"
"532636","IIFL","IIFL Finance","A","5.0000","1","ES","E","BSE","515.7000","343.8000","","","232205"
"10188","SHYAMCENT","Shyam Century Ferrous","EQ","1.0000","1","ES","E","NSE","3.8600","3.5000","","","6938056"
"517399","VXLINSTR","VXL Instruments","XT","1.0000","1","ES","E","BSE","3.4100","3.0900","","","80000"
"14203","HUBTOWN","Hubtown","EQ","1.0000","1","ES","E","NSE","206.4300","137.6300","","","581191"
"1979","LMW","Lakshmi Machine Works","EQ","100.0000","1","ES","E","NSE","14396.0000","9598.0000","","","8332"
"542216","DALBHARAT","Dalmia Bharat Ltd","A","5.0000","1","ES","E","BSE","1953.5000","1598.4000","","","56082"
"10999","MARUTI","Maruti Suzuki India","EQ","100.0000","1","ES","E","NSE","13536.0000","11076.0000","","","7860"
"519397","SHINDL","Sharat Industries","X","5.0000","1","ES","E","BSE","176.1500","117.4500","","","80000"
"13756","SHIVAMAUTO","Shivam Autotech","EQ","1.0000","1","ES","E","NSE","16.0000","10.6800","","","4299893"
"10588","SHREEPUSHK","Shre Push Chem & Fert","EQ","5.0000","1","ES","E","NSE","361.5500","241.0500","","","331881"
"532755","TECHM","Tech Mahindra","A","5.0000","1","ES","E","BSE","1525.3500","1248.0500","","","71523"
"3009","KOHINOOR","Kohinoor Foods Limited","EQ","1.0000","1","ES","E","NSE","23.7100","15.8100","","","1212239"
"526905","PADMAIND","Padmanabh Industries","XT","1.0000","1","ES","E","BSE","8.6700","7.8500","","","80000"
"512608","BHANDARI","Bhandari Hosiery Exports","B","1.0000","1","ES","E","BSE","2.5200","1.6800","","","14129322"
"507779","KANPRPLA","Kanpur Plastipack","B","5.0000","1","ES","E","BSE","188.4000","125.6000","","","633328"
"526139","TRABI","Transgene Biotek","X","1.0000","1","ES","E","BSE","2.3700","1.5900","","","80000"
"539526","SCTL","Suncare Traders","X","1.0000","1","ES","E","BSE","0.6900","0.4700","","","80000"
"514272","BHILSPIN","Bhilwara Spinners","X","5.0000","1","ES","E","BSE","129.0500","86.0500","","","80000"
"539005","JAYATMA","Jayatma Enterprises Limited","X","1.0000","1","ES","E","BSE","16.9800","15.3800","","","80000"
"500003","AEGISLOG","Aegis Logistics","A","5.0000","1","ES","E","BSE","718.3500","478.9500","","","166724"
"523301","TCPLPACK","TCPL Packaging","B","5.0000","1","ES","E","BSE","2728.0000","1818.7000","","","43871"
"539992","LLOYDSENGG","Lloyds Engineering Works","A","1.0000","1","ES","E","BSE","45.2600","30.1800","","","2649366"
"509003","TRANOCE","Transoceanic Properties","XT","1.0000","1","ES","E","BSE","0.1400","0.1300","","","80000"
"514322","KAMADGIRI","Kamadgiri Fashion","X","1.0000","1","ES","E","BSE","77.1600","51.4400","","","80000"
"531203","TRADEWELL","Tradewell Holding","X","1.0000","1","ES","E","BSE","98.0700","88.7300","","","80000"
"532759","ATLANTAA","Atlantaa Limited","B","1.0000","1","ES","E","BSE","38.1400","25.4400","","","2665049"
"523398","BOSCH-HCIL","Bosch Home Comfort India","B","5.0000","1","ES","E","BSE","1140.9500","933.5500","","","95304"
"539939","YASHCHEM","Yash Chemex","X","1.0000","1","ES","E","BSE","66.1000","44.0800","","","80000"
"4130","REGENCERAM","Regency Ceramics Ltd.","EQ","1.0000","1","ES","E","NSE","45.2700","30.1900","","","864639"
"531173","SYSCHEM","Syschem","X","1.0000","1","ES","E","BSE","49.5800","33.0600","","","80000"
"532654","MCLEODRUSS","Mcleod Russel India","B","1.0000","1","ES","E","BSE","31.9200","26.1200","","","3415702"
"533427","VMS","Vms Industries","X","1.0000","1","ES","E","BSE","21.8500","14.5700","","","80000"
"533108","BTTL","Bhilwara Technical Textil","X","1.0000","1","ES","E","BSE","37.8000","25.2000","","","80000"
"20314","NRAIL","N R Agarwal Inds","EQ","5.0000","1","ES","E","NSE","484.7000","323.2000","","","247542"
"531635","SILVOAK","Silver Oak","X","1.0000","1","ES","E","BSE","90.1800","73.8000","","","80000"
"21828","TEXRAIL","Texmaco Rail & Engineering","EQ","1.0000","1","ES","E","NSE","94.5600","63.0400","","","1269010"
"514045","BSL","BSL","B","5.0000","1","ES","E","BSE","124.1000","82.8000","","","336553"
"19531","BAJAJCON","Bajaj Consumer Care","EQ","5.0000","1","ES","E","NSE","417.4500","278.3500","","","287360"
"532722","NITCO","NITCO","B","1.0000","1","ES","E","BSE","116.4300","77.6300","","","1138019"
"29733","NIBL","NRB Indus. Bearings Ltd.","EQ","1.0000","1","ES","E","NSE","31.1100","20.7500","","","792342"
"30089","ORIENTCEM","Orient Cement","EQ","1.0000","1","ES","E","NSE","147.4600","98.3200","","","813621"
"500097","DALMIASUG","Dalmia Bharat Sugar and Industries","B","5.0000","1","ES","E","BSE","474.0500","316.0500","","","253501"
"536493","JKAGRI","JK Agri Genetics","X","5.0000","1","ES","E","BSE","348.2000","232.2000","","","80000"
"506222","STYRENIX","Ineos Styrolution","A","5.0000","1","ES","E","BSE","2148.1500","1432.1500","","","55605"
"513536","GNRL","Gujarat Natural Resources","X","1.0000","1","ES","E","BSE","93.1100","76.1900","","","80000"
"590072","SUNDRMBRAK","Sundaram Brake Linings","B","5.0000","1","ES","E","BSE","568.8000","379.2000","","","128660"
"500219","JISLJALEQS","Jain Irrigation Systems","A","1.0000","1","ES","E","BSE","33.3300","22.2300","","","3604492"
"13925","NFL","National Fertilizers","EQ","1.0000","1","ES","E","NSE","77.4200","51.6200","","","1549737"
"516062","NATPLY","National Plywood Industri","Z","1.0000","1","ES","E","BSE","4.7600","4.5800","","","80000"
"29015","ARSHIYA","Arshiya Limited","BZ","1.0000","1","ES","E","NSE","1.3300","1.2100","","","8615662"
"2031","M&M","Mahindra & Mahindra","EQ","10.0000","1","ES","E","NSE","3250.1000","2659.3000","","","33575"
"532100","INDOCITY","Indo-City Infotech","X","1.0000","1","ES","E","BSE","14.3100","9.5500","","","80000"
"524624","GAGAN","Gagan Gases","XT","1.0000","1","ES","E","BSE","25.0900","22.7100","","","80000"
"532926","JYOTHYLAB","Jyothy Labs","A","5.0000","1","ES","E","BSE","236.5000","157.7000","","","506756"
"535322","REPCOHOME","Repco Home Finance","B","5.0000","1","ES","E","BSE","419.6000","279.8000","","","286531"
"526471","WINSOMBR","Winsome Breweries","X","1.0000","1","ES","E","BSE","21.5200","14.3600","","","80000"
"15360","NAHARCAP","Nahar Cap & Fin.","EQ","1.0000","1","ES","E","NSE","233.7200","155.8200","","","513420"
"531179","ARMANFIN","Arman Financial Services","B","5.0000","1","ES","E","BSE","1611.9500","1074.6500","","","74431"
"404","BERGEPAINT","Berger Paints","EQ","5.0000","1","ES","E","NSE","492.0000","328.0000","","","243694"
"532016","ESPIRE","Wellesley Corporation","X","5.0000","1","ES","E","BSE","285.9000","234.0000","","","80000"
"505850","MANCREDIT","Mangal Credit And Fincorp","B","5.0000","1","ES","E","BSE","200.8500","133.9500","","","596322"
"511728","KZLFIN","K.Z.Leasing & Finance","XT","1.0000","1","ES","E","BSE","23.0300","20.8500","","","80000"
"9354","TAJGVK","Taj Gvk Hotels & Resorts","EQ","5.0000","1","ES","E","NSE","360.6000","240.4000","","","332756"
"12603","PRECAM","Precision Camshafts","EQ","1.0000","1","ES","E","NSE","126.1000","84.0800","","","951473"
"517288","GUJARATPOLY","Gujarat Poly Electronics","X","1.0000","1","ES","E","BSE","52.7800","35.2000","","","80000"
"531453","MOHITIND","Mohit Industries","B","1.0000","1","ES","E","BSE","22.5000","15.0000","","","462952"
"7929","ZYDUSLIFE","Zydus life","EQ","5.0000","1","ES","E","NSE","958.3000","784.1000","","","114710"
"503641","ZODIACVEN","Zodiac Ventures","X","1.0000","1","ES","E","BSE","1.2300","1.1300","","","80000"
"25136","BROOKS","Brooks Laboratories","EQ","1.0000","1","ES","E","NSE","44.5300","29.6900","","","963252"
"531944","LEXORAA","Servoteach Industries","X","1.0000","1","ES","E","BSE","19.5900","17.7300","","","80000"
"18944","KINGFA","Kingfa Sci & Tec Ind","EQ","10.0000","1","ES","E","NSE","5075.5000","3383.7000","","","23633"
"523261","VENKEYS","Venkys","B","5.0000","1","ES","E","BSE","1405.9500","937.3500","","","85411"
"500012","ANDHRAPET","Andhra Petrochemicals","X","1.0000","1","ES","E","BSE","36.4500","24.3100","","","80000"
"512048","DHANSAFAL","Luharuka Media & Infra Li","X","1.0000","1","ES","E","BSE","3.0900","2.0700","","","80000"
"511626","RRFIN","RR Financial Consultants","X","1.0000","1","ES","E","BSE","75.5100","68.3300","","","80000"
"500456","PASUPTAC","Pasupati Acrylon","B","1.0000","1","ES","E","BSE","48.9900","32.6700","","","2445545"
"532627","JPPOWER","Jaiprakash Power","A","1.0000","1","ES","E","BSE","16.8300","11.2300","","","7120743"
"504036","HIRECT","Hind Rectifiers","B","5.0000","1","ES","E","BSE","792.6000","528.4000","","","151458"
"2739","PRSMJOHNSN","Prism Johnson","EQ","1.0000","1","ES","E","NSE","150.0700","100.0500","","","799330"
"17357","GKWLIMITED","GKW","EQ","10.0000","1","ES","E","NSE","1688.8000","1126.0000","","","71049"
"532712","RCOM","Reliance Communications","T","1.0000","1","ES","E","BSE","0.7900","0.7300","","","90432930"
"532975","TELOGICA","Aishwarya Tech & Telecom","X","1.0000","1","ES","E","BSE","9.5500","7.8300","","","80000"
"532843","FORTIS","Fortis Healthcare","A","5.0000","1","ES","E","BSE","874.0500","715.1500","","","125323"
"508571","COCHMAL","Cochin Malabar Estates Ind.","X","5.0000","1","ES","E","BSE","155.9000","104.0000","","","80000"
"539662","BFLAFL","Bfl Asset Finvest","X","1.0000","1","ES","E","BSE","8.5200","5.6800","","","80000"
"511048","KUSUMEL","Kusam Electrical Ind.","XT","1.0000","1","ES","E","BSE","5.4300","4.9300","","","80000"
"539883","PILANIINVS","Pilani Investment And Ind","B","5.0000","1","ES","E","BSE","4977.9000","3318.6000","","","24059"
"524752","DECIPHER","Decipher Labs","X","1.0000","1","ES","E","BSE","6.0000","4.0000","","","80000"
"531246","PRIMAIN","Prima Industries","X","1.0000","1","ES","E","BSE","17.6400","15.9600","","","80000"
"20560","DOLLAR","Dollar Industries","EQ","1.0000","1","ES","E","NSE","267.9600","178.6400","","","447773"
"503675","WAGEND","Wagend Infra Venture","X","1.0000","1","ES","E","BSE","1.1600","0.7800","","","80000"
"508486","HAWKINCOOK","Hawkins Cookers","B","5.0000","1","ES","E","BSE","8946.7000","5964.5000","","","80000"
"512014","SOBME","Sobhagya Merchantile","X","5.0000","1","ES","E","BSE","852.6500","771.4500","","","80000"
"539957","MGL","Mahanagar Gas","A","5.0000","1","ES","E","BSE","1112.4500","741.6500","","","107766"
"533272","JWL","Jupiter Wagons","A","5.0000","1","ES","E","BSE","285.6500","190.4500","","","419677"
"13791","PARSVNATH","Parsvnath Developer","EQ","1.0000","1","ES","E","NSE","7.1500","4.7700","","","14230424"
"14435","JKTYRE","JK Tyre & Industries","EQ","5.0000","1","ES","E","NSE","457.0500","304.7500","","","262343"
"19036","PODDARMENT","Poddar Pigments","EQ","1.0000","1","ES","E","NSE","243.4800","162.3200","","","346946"
"505192","SMLMAH","SML Isuzu","B","5.0000","1","ES","E","BSE","3982.5500","3603.3500","","","26439"
"511463","ALEXANDER","Alexander Stamps And Coin","X","1.0000","1","ES","E","BSE","10.6200","7.0800","","","80000"
"513173","STLSTRINF","Steel Strips Infrastructu","X","1.0000","1","ES","E","BSE","23.7200","15.8200","","","80000"
"542920","SUMICHEM","Sumitomo Chemical","A","5.0000","1","ES","E","BSE","437.6000","291.8000","","","274031"
"530677","SUPREME","Supreme Holdings & Hospitality","B","1.0000","1","ES","E","BSE","53.0800","35.4000","","","1263752"
"5688","ARCHIES","Archies","EQ","1.0000","1","ES","E","NSE","13.2900","8.8700","","","1104605"
"532974","BIRLAMONEY","Aditya Birla Money","B","1.0000","1","ES","E","BSE","115.9800","77.3200","","","1033779"
"540954","IWP","The Indian Wood Products","X","1.0000","1","ES","E","BSE","35.5200","23.6800","","","80000"
"508989","NAVNETEDUL","Navneet Education","B","5.0000","1","ES","E","BSE","146.5000","97.7000","","","818046"
"532090","ATVOENT","Atvo Enterprises","XT","1.0000","1","ES","E","BSE","19.9800","18.0800","","","80000"
"505285","TULIVE","Tulive Developers","XT","5.0000","1","ES","E","BSE","811.7000","779.9000","","","80000"
"523650","YASHINNO","Redex Protech","XT","1.0000","1","ES","E","BSE","51.9700","47.0300","","","80000"
"532684","EKC","Everest Kanto Cylinder","B","1.0000","1","ES","E","BSE","108.6600","72.4400","","","1100196"
"539301","ARVSMART","Arvind Smartspaces","B","5.0000","1","ES","E","BSE","601.2000","400.8000","","","199062"
"1073","FOSECOIND","Foseco India","EQ","10.0000","1","ES","E","NSE","5583.6000","3722.4000","","","21488"
"519152","VADILENT","Vadilal Enterprises","X","5.0000","1","ES","E","BSE","10769.0000","8811.0000","","","80000"
"7553","NRBBEARING","NRB Bearings","EQ","1.0000","1","ES","E","NSE","259.4400","172.9600","","","462514"
"504786","INVPRECQ","Investment & Precision Casting","X","5.0000","1","ES","E","BSE","603.4500","402.3500","","","80000"
"532054","KDDL","KDDL","B","5.0000","1","ES","E","BSE","2438.9000","1626.0000","","","49357"
"25512","FLEXITUFF","Flexituff Ventures Int L","EQ","1.0000","1","ES","E","NSE","6.4800","5.8800","","","1073305"
"514412","SARUPINDUS","Sarup Industries","X","5.0000","1","ES","E","BSE","153.5500","138.9500","","","80000"
"11212","SHK","S H Kelkar And Company","EQ","1.0000","1","ES","E","NSE","134.8000","89.8800","","","890045"
"4791","RELINFRA","Reliance Infrastructure","BE","1.0000","1","ES","E","NSE","70.3100","63.6300","","","1493138"
"16683","DIGISPICE","Digispice Technologies Lt","EQ","1.0000","1","ES","E","NSE","18.4500","12.3100","","","6501883"
"8704","DCMFINSERV","DCM Financial Services Lt","BE","1.0000","1","ES","E","NSE","5.4200","4.9200","","","614170"
"501343","MOTOGENFIN","Motor & General Finance","B","1.0000","1","ES","E","BSE","22.5600","15.0400","","","1266379"
"500117","DCW","DCW","B","1.0000","1","ES","E","BSE","45.0700","30.0500","","","2664364"
"538787","GBFL","Goenka Business & Finance","X","1.0000","1","ES","E","BSE","12.3800","8.2600","","","80000"
"25017","BODALCHEM","Bodal Chemicals","EQ","1.0000","1","ES","E","NSE","61.4400","40.9600","","","1953014"
"511243","CHOLAFIN","Cholamandalam Investment","A","5.0000","1","ES","E","BSE","1489.2000","1218.5000","","","73259"
"531390","UPSURGE","Upsurge Investment & Finance","X","1.0000","1","ES","E","BSE","68.4200","45.6200","","","80000"
"13710","FIEMIND","Fiem Industries","EQ","10.0000","1","ES","E","NSE","2293.0000","1528.8000","","","52323"
"522122","VOITHPAPR","Voith Paper Fabrics India","X","5.0000","1","ES","E","BSE","1677.7000","1118.5000","","","80000"
"532539","UNOMINDA","UNO Minda","A","5.0000","1","ES","E","BSE","1132.5000","926.6000","","","96443"
"514400","GARWSYN","Garware Synthetics","XT","1.0000","1","ES","E","BSE","16.1200","14.6000","","","80000"
"541741","FRATELLI","Tinna Trade","X","1.0000","1","ES","E","BSE","75.3200","50.2200","","","80000"
"519136","NAHARINDUS","Nahar Industrial Enterpri","B","1.0000","1","ES","E","BSE","101.2500","67.5100","","","1188196"
"505590","SVPGLOB","SVP Global Ventures","B","1.0000","1","ES","E","BSE","2.5000","2.0600","","","4136549"
"29135","INDUSTOWER","Indus Towers Ltd","EQ","5.0000","1","ES","E","NSE","459.9500","376.3500","","","237434"
"19184","SFL","Sheela Foam","EQ","5.0000","1","ES","E","NSE","558.0500","372.0500","","","215012"
"532290","BLBLIMITED","BLB","T","1.0000","1","ES","E","BSE","16.5100","14.9500","","","1728693"
"511413","CREST","Crest","B","5.0000","1","ES","E","BSE","380.6000","253.8000","","","307826"
"514360","KRRAIL","K&R Rail Engineering Limi","X","1.0000","1","ES","E","BSE","20.9100","18.9300","","","80000"
"13511","MUNJALAU","Munjal Auto Industries","EQ","1.0000","1","ES","E","NSE","81.3300","54.2300","","","1475299"
"1808","KAJARIACER","Kajaria Ceramics","EQ","5.0000","1","ES","E","NSE","1104.1000","736.1000","","","108623"
"509438","BENARAS","Benares Hotels","B","5.0000","1","ES","E","BSE","11196.5000","7464.4000","","","80000"
"531717","VIDHIING","Vidhi Specialty Food Ingr.","B","5.0000","1","ES","E","BSE","328.0500","218.7500","","","363349"
"533138","ASTEC","Astec Lifesciences Limite","B","5.0000","1","ES","E","BSE","647.2500","431.5500","","","184964"
"15234","AMBIKCO","Ambika Cotton Mill","EQ","10.0000","1","ES","E","NSE","1355.4000","903.6000","","","88531"
"24870","INVENTURE","Inventure Gro & Sec Ltd","EQ","1.0000","1","ES","E","NSE","0.9900","0.6700","","","34334999"
"532713","SAKUMA","Sakuma Exports","B","1.0000","1","ES","E","BSE","1.3400","0.9000","","","51264399"
"530141","GYANDEV","Gyan Developers & Builder","X","1.0000","1","ES","E","BSE","48.0000","32.0000","","","80000"
"531638","SURAJLTD","Suraj","B","5.0000","1","ES","E","BSE","256.8000","171.2000","","","462958"
"533982","TERASOFT","Tera Software","B","5.0000","1","ES","E","BSE","313.9500","284.0500","","","335793"
"532525","MAHABANK","Bank of Maharashtra","A","1.0000","1","ES","E","BSE","73.5800","49.0600","","","1622918"
"506105","STANROS","Stanrose Mafatlal Investments","X","1.0000","1","ES","E","BSE","75.2100","50.1500","","","80000"
"521131","SBFL","Shree Bhavya Fabrics Limi","X","1.0000","1","ES","E","BSE","29.9000","19.9400","","","80000"
"532324","CINEVISTA","Cinevista","B","1.0000","1","ES","E","BSE","16.2100","10.8100","","","1878172"
"19698","HMT","HMT","BZ","1.0000","1","ES","E","NSE","60.0200","54.3200","","","1749012"
"21713","LASA","Lasa Supergenerics Ltd","EQ","1.0000","1","ES","E","NSE","5.9500","5.3900","","","1638310"
"533217","HMVL","Hindustan Media Ventures","B","1.0000","1","ES","E","BSE","67.3300","44.8900","","","1787934"
"1838","KARURVYSYA","Karur Vysya Bank","EQ","5.0000","1","ES","E","NSE","347.2500","231.5500","","","345038"
"540704","MATRIMONY","Matrimony.Com","B","5.0000","1","ES","E","BSE","511.6500","341.1500","","","234731"
"542650","METROPOLIS","Metropolis Healthcare","A","5.0000","1","ES","E","BSE","520.5000","347.0000","","","230341"
"500180","HDFCBANK","HDFC Bank","A","5.0000","1","ES","E","BSE","804.9500","658.6500","","","123135"
"538401","METSL","Maestros Electronics","X","5.0000","1","ES","E","BSE","144.6000","96.4000","","","80000"
"500084","CESC","CESC","A","5.0000","1","ES","E","BSE","180.2000","120.2000","","","665436"
"507880","VIPIND","VIP Industries","A","5.0000","1","ES","E","BSE","362.7500","241.8500","","","330837"
"509895","HINDMILL","Hindoostan Mills","X","5.0000","1","ES","E","BSE","154.5500","126.4500","","","80000"
"536974","CPL","Captain Polyplast","X","1.0000","1","ES","E","BSE","65.1000","43.4000","","","80000"
"506076","GRINDWELL","Grindwell Norton","A","5.0000","1","ES","E","BSE","1623.6500","1082.4500","","","73850"
"531692","KHYATI","Khyati Multimedia-Entert.","X","1.0000","1","ES","E","BSE","2.4000","2.1800","","","80000"
"532509","SUPRAJIT","Suprajit Engineering","B","5.0000","1","ES","E","BSE","480.9500","320.6500","","","249925"
"532124","RELIABVEN","Reliable Ventures India","X","1.0000","1","ES","E","BSE","23.3200","15.5600","","","80000"
"532482","GRANULES","Granules India","A","5.0000","1","ES","E","BSE","745.3500","496.9500","","","161067"
"312","TIINDIA","Tube Invest Of India","EQ","10.0000","1","ES","E","NSE","2769.0000","2265.6000","","","39676"
"530555","PARACABLES","Paramount Communications","B","1.0000","1","ES","E","BSE","34.2700","22.8500","","","3501366"
"532804","TIIL","Technocraft Industries","B","5.0000","1","ES","E","BSE","2623.8000","1749.2000","","","45685"
"533239","PRAKASHSTL","Prakash Steelage","B","1.0000","1","ES","E","BSE","4.1400","3.7600","","","5722512"
"1964","TRENT","Trent","EQ","10.0000","1","ES","E","NSE","3625.3000","2966.3000","","","30216"
"526043","POLYCHMP","Polymechplast Machines","X","1.0000","1","ES","E","BSE","55.3200","36.8800","","","80000"
"532341","IZMO","Izmo","T","5.0000","1","ES","E","BSE","647.4500","585.8500","","","162358"
"1597","INGERRAND","Ingersoll-Rand India","EQ","10.0000","1","ES","E","NSE","4186.5000","2791.1000","","","28632"
"500422","TRANSCHEM","Transchem","XT","5.0000","1","ES","E","BSE","170.7500","154.5500","","","80000"
"500151","GOLDENTOBC","Golden Tobacco","Z","1.0000","1","ES","E","BSE","22.7600","20.6000","","","575807"
"531381","ARIHANT","Arihant Foundations","B","5.0000","1","ES","E","BSE","1164.0000","776.0000","","","80000"
"531398","SOURCENTRL","Source Natural Foods","X","5.0000","1","ES","E","BSE","130.2000","86.8000","","","80000"
"526500","STRGRENWO","Sterling Green Woods","X","1.0000","1","ES","E","BSE","17.0700","15.4500","","","80000"
"532477","UNIONBANK","Union Bank Of India","A","5.0000","1","ES","E","BSE","180.5500","147.7500","","","603054"
"535648","JUSTDIAL","Just Dial","A","5.0000","1","ES","E","BSE","586.4000","391.0000","","","203766"
"541269","CHEMFAB","Chemfab Alkalis","B","5.0000","1","ES","E","BSE","353.4500","235.6500","","","341404"
"590066","KCP","K.C.P.Ltd.","B","5.0000","1","ES","E","BSE","150.8000","100.6000","","","796088"
"532754","GMRAIRPORT","GMR airports","A","1.0000","1","ES","E","BSE","93.1700","76.2300","","","1172046"
"540650","MAGADSUGAR","Magadh Sugar & Energy","B","5.0000","1","ES","E","BSE","579.4000","386.3000","","","207189"
"532387","PNC","Pritish Nandy Communicati","B","1.0000","1","ES","E","BSE","19.8600","13.2400","","","473070"
"512103","NIDHGRN","Nidhi Granites","X","5.0000","1","ES","E","BSE","244.5500","200.1500","","","80000"
"531911","GALAGEX","Galaxy Agrico Exports","X","1.0000","1","ES","E","BSE","45.0600","40.7800","","","80000"
"513377","MMTC","MMTC","A","1.0000","1","ES","E","BSE","62.6000","41.7400","","","1918499"
"532070","SUMUKA","Sumuka Agro Industries","X","5.0000","1","ES","E","BSE","207.6000","138.4000","","","80000"
"500165","KANSAINER","Kansai Nerolac Paints","A","5.0000","1","ES","E","BSE","200.4500","133.6500","","","597499"
"533110","SPSL","Shree Precoated Steels Lt","X","1.0000","1","ES","E","BSE","11.1700","10.1100","","","80000"
"532827","PAGEIND","Page Industries","A","5.0000","1","ES","E","BSE","35052.3000","28679.2000","","","3145"
"21808","SBILIFE","SBI Life Insurance","EQ","10.0000","1","ES","E","NSE","1955.0000","1599.6000","","","56168"
"4184","SANGAMIND","Sangam","EQ","5.0000","1","ES","E","NSE","497.6000","331.8000","","","241133"
"531137","GEMSI","Gemstone Investments","X","1.0000","1","ES","E","BSE","1.4500","0.9700","","","80000"
"506530","KEMP","Kemp & Co.","X","5.0000","1","ES","E","BSE","959.6000","868.3000","","","80000"
"13101","VIMTALABS","Vimta Labs","EQ","5.0000","1","ES","E","NSE","456.8000","304.6000","","","262655"
"514378","YARNSYN","Yarn Syndicate","X","1.0000","1","ES","E","BSE","16.2000","10.8000","","","80000"
"526546","CHOKSILA","Choksi Laboratories","X","5.0000","1","ES","E","BSE","124.3000","82.9000","","","80000"
"13693","INFOMEDIA","Infomedia Press Ltd","EQ","1.0000","1","ES","E","NSE","5.2600","4.3200","","","1641349"
"532172","ADROITINFO","Adroit Infotech","B","1.0000","1","ES","E","BSE","9.8600","6.5800","","","1771594"
"14068","SAGCEM","Sagar Cements","EQ","1.0000","1","ES","E","NSE","183.7900","122.5300","","","652884"
"15179","ECLERX","Eclerx Services","EQ","10.0000","1","ES","E","NSE","1664.6000","1109.8000","","","72042"
"531931","SAICAPI","Sai Capital","X","5.0000","1","ES","E","BSE","174.6000","116.4000","","","80000"
"512064","VISVEN","Vishvprabha Ventures Limi","X","1.0000","1","ES","E","BSE","42.1000","38.1000","","","80000"
"541627","GUJWIND","Gujarat Winding System","X","1.0000","1","ES","E","BSE","8.4000","5.6000","","","80000"
"500199","IGPL","I G Petrochemicals","B","5.0000","1","ES","E","BSE","401.2500","267.5500","","","301789"
"8998","UMIYA-MRO","Mro-Tek Realty Limited","EQ","1.0000","1","ES","E","NSE","86.6700","57.7900","","","610986"
"501622","AMALGAM","Amalgamated Electricity","X","1.0000","1","ES","E","BSE","45.2300","40.9300","","","80000"
"526143","MPL","Mpl Plastics","X","1.0000","1","ES","E","BSE","6.5600","4.3800","","","80000"
"538838","ICL","Indo Cotspin","X","1.0000","1","ES","E","BSE","28.8000","23.5800","","","80000"
"532262","TCIIND","TCI Industries","X","5.0000","1","ES","E","BSE","1408.0500","1273.9500","","","80000"
"540173","PNBHOUSING","PNB Housing Finance","A","5.0000","1","ES","E","BSE","832.4000","681.1000","","","132338"
"521016","ICIL","Indo Count Industries","A","5.0000","1","ES","E","BSE","274.7500","224.8500","","","400663"
"523100","COSMOFE","Cosmo Ferrites","X","1.0000","1","ES","E","BSE","110.8800","73.9200","","","80000"
"537839","PHOENIXTN","Phoenix Township","X","1.0000","1","ES","E","BSE","86.4600","57.6400","","","80000"
"506184","KANANIIND","Kanani Ind.","B","1.0000","1","ES","E","BSE","1.2800","0.8600","","","6470283"
"1232","GRASIM","Grasim Industries","EQ","10.0000","1","ES","E","NSE","2813.4000","2302.0000","","","38789"
"13671","MADHUCON","Madhucon Projects","EQ","1.0000","1","ES","E","NSE","3.9200","3.5600","","","2413094"
"531334","VIKALPS","Vikalp Securities","X","1.0000","1","ES","E","BSE","31.5700","28.5700","","","80000"
"540062","GOLDENCREST","Golden Crest Education &","XT","5.0000","1","ES","E","BSE","344.4000","311.6000","","","80000"
"19299","ITDC","ITDC","EQ","5.0000","1","ES","E","NSE","444.6000","296.4000","","","269830"
"772","DABUR","Dabur India","EQ","5.0000","1","ES","E","NSE","451.4500","369.4500","","","242995"
"530267","ARIGATO","Saboo Brothers","X","1.0000","1","ES","E","BSE","57.5900","52.1100","","","80000"
"500660","GLAXO","GlaxoSmithKline Pharma","A","5.0000","1","ES","E","BSE","2740.0500","1826.7500","","","43706"
"19695","JITFINFRA","Jitf Infralogistics","BE","5.0000","1","ES","E","NSE","290.6500","263.0500","","","361188"
"14361","APOLLOPIPE","Apollo Pipes","EQ","5.0000","1","ES","E","NSE","497.5500","331.7500","","","241163"
"539984","HIIL","Hindusthan Urban Infrastr","X","5.0000","1","ES","E","BSE","552.0500","368.0500","","","80000"
"539785","PDMJEPAPER","Pudumjee Paper Products L","B","1.0000","1","ES","E","BSE","78.2700","52.1900","","","1533727"
"500133","ESABINDIA","ESAB","A","5.0000","1","ES","E","BSE","5946.1000","3964.1000","","","20164"
"517015","VINDHYATEL","Vindhya Telelinks","B","5.0000","1","ES","E","BSE","1171.3500","780.9500","","","102557"
"532333","HBPOR","HB Portfolio","X","1.0000","1","ES","E","BSE","61.5900","41.0700","","","80000"
"539495","RAJKOTINV","Rajkot Investment Trust L","XT","1.0000","1","ES","E","BSE","44.5500","40.3100","","","80000"
"11364","VAIBHAVGBL","Vaibhav Global","EQ","1.0000","1","ES","E","NSE","210.4300","140.2900","","","570201"
"538833","KAIZENAGRO","Anubhav Infrastructure Li","X","1.0000","1","ES","E","BSE","9.3100","6.2100","","","80000"
"13463","PIONEEREMB","Pioneer Embroideries","EQ","1.0000","1","ES","E","NSE","23.9000","15.9400","","","1007395"
"543766","ASHIKA","Ashika Credit Capital Ltd.","B","5.0000","1","ES","E","BSE","376.2000","250.8000","","","80000"
"11723","JSWSTEEL","JSW Steel","EQ","10.0000","1","ES","E","NSE","1234.7000","1010.3000","","","88036"
"531304","NUTECGLOB","Nutech Global","X","1.0000","1","ES","E","BSE","25.0900","22.7100","","","80000"
"3357","SUPERSPIN","Super Spinning Mills","EQ","1.0000","1","ES","E","NSE","4.6400","3.1000","","","1798499"
"531223","ANJANI","Anjani Synthetics","X","1.0000","1","ES","E","BSE","25.3300","16.8900","","","80000"
"533022","20MICRONS","20 Microns","B","5.0000","1","ES","E","BSE","160.5500","107.0500","","","751073"
"530897","NGIND","N.G.Industries","X","5.0000","1","ES","E","BSE","153.1000","102.1000","","","80000"
"11427","NDTV","NDTV","EQ","1.0000","1","ES","E","NSE","71.1300","47.4300","","","1686842"
"513544","MSCTC","Mardia Samyoung Capillary","X","1.0000","1","ES","E","BSE","101.3800","97.4200","","","80000"
"523007","ANSALBU","Ansal Buildwell","X","1.0000","1","ES","E","BSE","97.9800","65.3200","","","80000"
"530789","CEEJAY","Ceejay Finance","X","5.0000","1","ES","E","BSE","189.0000","171.0000","","","80000"
"500112","SBIN","State Bank Of India","A","5.0000","1","ES","E","BSE","1077.7500","881.8500","","","101536"
"531923","DHAMPURE","Dhampure Speciality Sugar","X","5.0000","1","ES","E","BSE","112.0500","101.4500","","","80000"
"523207","KOKUYOCMLN","Kokuyo Camlin","B","1.0000","1","ES","E","BSE","85.7200","57.1600","","","1402648"
"540467","PARMSILK","Parmeshwari Silk Mills Li","X","5.0000","1","ES","E","BSE","109.7500","99.3500","","","80000"
"16908","TOUCHWOOD","Touchwood Entertain","EQ","1.0000","1","ES","E","NSE","75.6600","50.4400","","","362356"
"531310","AVAILFC","Available Finance","X","5.0000","1","ES","E","BSE","149.9000","100.0000","","","80000"
"530167","MONGIPA","Moongipa Capital Finance","X","1.0000","1","ES","E","BSE","15.6900","10.4700","","","80000"
"522251","CENLUB","Cenlub Industries","X","5.0000","1","ES","E","BSE","176.7000","117.8000","","","80000"
"531762","UNJHAFOR","Unjha Formulations","X","1.0000","1","ES","E","BSE","24.3400","16.2400","","","80000"
"531739","GENNEX","Gennex Laboratories","X","1.0000","1","ES","E","BSE","8.5500","5.7100","","","80000"
"507836","MCCHRLS-B","Mac Charles","X","5.0000","1","ES","E","BSE","717.7000","478.5000","","","80000"
"539150","PNCINFRA","PNC Infratech","A","5.0000","1","ES","E","BSE","192.0500","128.0500","","","622620"
"13182","ROHLTD","Royal Orchid Hotels","EQ","5.0000","1","ES","E","NSE","325.5500","217.0500","","","368594"
"539956","TAALTECH","TAAL Tech","X","5.0000","1","ES","E","BSE","3242.6000","2161.8000","","","80000"
"590078","MAITHANALL","Maithan Alloys","B","5.0000","1","ES","E","BSE","1001.3000","667.6000","","","120026"
"519003","MODINATUR","Modi Naturals","B","5.0000","1","ES","E","BSE","342.7500","228.5500","","","348188"
"805","DCM","DCM","EQ","1.0000","1","ES","E","NSE","66.4400","44.3000","","","610762"
"507526","ASALCBR","Associated Alco. & Breweries","B","5.0000","1","ES","E","BSE","798.8000","532.6000","","","150144"
"11677","INDOCO","Indoco Remedies","EQ","1.0000","1","ES","E","NSE","196.8000","131.2000","","","609665"
"514087","PBMPOLY","PBM Polytex","X","1.0000","1","ES","E","BSE","58.7800","39.2000","","","80000"
"14922","PURVA","Puravankara","EQ","1.0000","1","ES","E","NSE","195.6700","130.4500","","","613269"
"4594","KOTHARIPET","Kothari Petrochem","EQ","1.0000","1","ES","E","NSE","114.1400","76.1000","","","1051290"
"509917","TECHCON","Technojet Consultants","XT","1.0000","1","ES","E","BSE","104.5100","94.5700","","","80000"
"500113","SAIL","Steel Authority Of India","A","5.0000","1","ES","E","BSE","166.4500","136.2500","","","656753"
"526747","PGFOILQ","PG Foils","X","5.0000","1","ES","E","BSE","210.6000","190.6000","","","80000"
"14006","ZEEMEDIA","Zee Media Corporation","BE","1.0000","1","ES","E","NSE","6.9800","6.3200","","","15037181"
"17927","BAYERCROP","Bayer Cropscience","EQ","10.0000","1","ES","E","NSE","5574.7000","3716.5000","","","21482"
"523558","SWISSMLTRY","Swiss Military Consumer","X","1.0000","1","ES","E","BSE","15.6200","10.4200","","","80000"
"504273","MODULEX","Modulex Construction","Z","1.0000","1","ES","E","BSE","18.3600","16.6200","","","80000"
"18479","ISFT","Intrasoft Technologies","EQ","1.0000","1","ES","E","NSE","66.6600","44.4400","","","533391"
"531314","INTCAPL","Integra Capital Managemen","X","1.0000","1","ES","E","BSE","15.1400","13.7000","","","80000"
"17438","OIL","Oil India","EQ","5.0000","1","ES","E","NSE","522.9500","427.9500","","","209832"
"531658","ABATEAS","Trijal Industries","X","1.0000","1","ES","E","BSE","11.6500","10.5500","","","80000"
"538609","GAJANANSEC","Gajanan Securities Services","X","1.0000","1","ES","E","BSE","62.3100","41.5500","","","80000"
"199","MASFIN","Mas Financial Services","EQ","5.0000","1","ES","E","NSE","335.5500","223.7500","","","357463"
"517320","MAGNUS","Magnus Steel and Infra","XT","1.0000","1","ES","E","BSE","85.2300","77.1300","","","80000"
"17186","SHRIPISTON","Shriram Pist. & Ring Ltd","EQ","10.0000","1","ES","E","NSE","3619.8000","2413.2000","","","33125"
"506532","NITTAGELA","Nitta Gelatin","X","5.0000","1","ES","E","BSE","947.5000","631.7000","","","80000"
"17333","MHRIL","Mahindra Holidays","EQ","1.0000","1","ES","E","NSE","271.4400","180.9600","","","442070"
"531842","LAHOTIOV","Lahoti Overseas","X","1.0000","1","ES","E","BSE","45.6800","30.4600","","","80000"
"531288","LEADFIN","Lead Financial Services L","X","1.0000","1","ES","E","BSE","18.9000","17.1000","","","80000"
"522229","TANAA","Taneja Aerospace & Aviati","X","5.0000","1","ES","E","BSE","230.2000","153.5000","","","80000"
"2124","MASTEK","Mastek","EQ","10.0000","1","ES","E","NSE","1610.6000","1073.8000","","","74486"
"511355","INDCEMCAP","India Cements Capital","X","1.0000","1","ES","E","BSE","12.3600","8.2400","","","80000"
"523752","TIHIL","IO System","X","1.0000","1","ES","E","BSE","3.7600","3.4200","","","80000"
"511549","MORARKFI","Morarka Finance","X","1.0000","1","ES","E","BSE","55.4500","36.9700","","","80000"
"541540","SOLARA","Solara Active Pharma Scie","B","5.0000","1","ES","E","BSE","510.0500","340.0500","","","234978"
"2493","ORIENTHOT","Orient Hotels","EQ","1.0000","1","ES","E","NSE","98.4100","65.6100","","","1219296"
"501833","CHOWGULSTM","Chowgule Steamships","X","1.0000","1","ES","E","BSE","21.8100","14.5500","","","80000"
"526137","SHETR","Shetron","X","1.0000","1","ES","E","BSE","109.9200","73.2800","","","80000"
"540680","KIOCL","KIOCL","A","5.0000","1","ES","E","BSE","379.8500","253.2500","","","315422"
"506003","SUDAI","Sudal Ind.","X","1.0000","1","ES","E","BSE","49.3500","44.6500","","","80000"
"540181","SALEM","Salem Erode Investments L","X","1.0000","1","ES","E","BSE","33.4800","27.4000","","","80000"
"542123","PHOSPHATE","The Phosphate Company Lim","X","5.0000","1","ES","E","BSE","165.5000","110.4000","","","80000"
"25340","VASWANI","Vaswani Ind","EQ","1.0000","1","ES","E","NSE","60.1000","40.0800","","","1025019"
"18214","TEXMOPIPES","Texmo Pipe & Products","EQ","1.0000","1","ES","E","NSE","39.6900","26.4700","","","954676"
"511441","GUJCRED","Gujarat Credit Corp.","X","1.0000","1","ES","E","BSE","26.1200","23.6400","","","80000"
"500170","GTNINDS","GTN Ind.","X","1.0000","1","ES","E","BSE","23.7900","15.8700","","","80000"
"31238","SCHNEIDER","Schneider Electric Infra","BE","5.0000","1","ES","E","NSE","888.0500","803.5500","","","118117"
"505196","TIL","TIL","B","5.0000","1","ES","E","BSE","195.7500","130.5500","","","611340"
"520073","RACLGEAR","RACL Geartech","B","5.0000","1","ES","E","BSE","1319.2000","1079.4000","","","82952"
"4522","SIGIND","Signet Industries","EQ","1.0000","1","ES","E","NSE","52.5000","35.0000","","","962589"
"532829","LEHAR","Lehar Footwears","X","5.0000","1","ES","E","BSE","196.4000","131.0000","","","80000"
"539468","TFSL","Typhoon Financial Services","XT","1.0000","1","ES","E","BSE","52.7100","47.6900","","","80000"
"500259","LYKALABS","Lyka Labs","B","1.0000","1","ES","E","BSE","53.6800","35.8000","","","1167062"
"532674","BASML","Bannari Amman Spinning Mills","B","1.0000","1","ES","E","BSE","20.7100","13.8100","","","2613428"
"505075","SETCO","Setco Automotive","B","1.0000","1","ES","E","BSE","20.3000","18.3800","","","4374189"
"10238","CONFIPET","Confidence Petroleum India","EQ","1.0000","1","ES","E","NSE","44.9800","30.0000","","","2667231"
"500193","HLVLTD","HLV","B","1.0000","1","ES","E","BSE","6.8600","4.5800","","","17482254"
"19670","COMPINFO","Compuage Infocom Ltd","BZ","1.0000","1","ES","E","NSE","0.9500","0.8700","","","2804615"
"540376","DMART","Avenue Supermarts","A","5.0000","1","ES","E","BSE","4357.3500","3565.1500","","","24727"
"6198","FCL","Fineotex Chemical","EQ","1.0000","1","ES","E","NSE","23.0800","15.4000","","","5196883"
"21017","FMNL","Future Mkt Networks","EQ","1.0000","1","ES","E","NSE","7.5300","6.8300","","","1983071"
"10700","SURANAT&P","Surana Telecom & Power","EQ","1.0000","1","ES","E","NSE","18.8700","12.5900","","","4439350"
"511411","SHRISTI","Shristi Infra Dev Corp.","X","1.0000","1","ES","E","BSE","32.7000","21.8000","","","80000"
"5239","MAHAPEXLTD","Maha Rashtra Apex Copr. L","EQ","1.0000","1","ES","E","NSE","59.8400","39.9000","","","925416"
"541557","FINEORG","Fine Organic Industries","A","5.0000","1","ES","E","BSE","4736.9000","3158.0000","","","25263"
"14278","ORIENTBELL","Orient Bell","EQ","5.0000","1","ES","E","NSE","302.8000","201.9000","","","396270"
"305","BAJAJHLDNG","Bajaj Holdings and Investments","EQ","50.0000","1","ES","E","NSE","9620.5000","7871.5000","","","11351"
"714","SHALBY","Shalby","EQ","1.0000","1","ES","E","NSE","152.1600","101.4400","","","788579"
"532178","ENGINERSIN","Engineers India","A","5.0000","1","ES","E","BSE","219.0000","146.0000","","","548553"
"530331","PREMCO","Premco Global","X","5.0000","1","ES","E","BSE","497.5000","331.7000","","","80000"
"531126","KATIPATANG","Virtualsoft Systems","X","1.0000","1","ES","E","BSE","21.9700","19.8900","","","80000"
"533148","JSWENERGY","JSW Energy","A","5.0000","1","ES","E","BSE","519.5500","425.1500","","","210875"
"533520","IBULLSLTD","Indiabulls","B","1.0000","1","ES","E","BSE","10.9600","7.3200","","","10940866"
"6216","CAMLINFINE","Camlin Fine","EQ","1.0000","1","ES","E","NSE","116.3100","77.5500","","","1031531"
"517431","NARMP","Narmada Macplast Drip Irr","X","1.0000","1","ES","E","BSE","18.6400","12.4400","","","80000"
"7053","ACCELYA","Accelya Solutions India","EQ","10.0000","1","ES","E","NSE","1229.5000","819.7000","","","97587"
"20296","SHAH","Gyscoal Alloys","EQ","1.0000","1","ES","E","NSE","5.5500","3.7100","","","21598259"
"523021","RISHITECH","Rishi Techtex","X","1.0000","1","ES","E","BSE","38.6400","25.7600","","","80000"
"13740","SHYAMTEL","Shyam Telecom","EQ","1.0000","1","ES","E","NSE","9.8400","6.5600","","","368528"
"524580","PRIYALT","Priya","X","1.0000","1","ES","E","BSE","21.9300","19.8500","","","80000"
"526640","RAYALEMA","Royale Manor Hotels & Ind","X","1.0000","1","ES","E","BSE","27.3700","18.2500","","","80000"
"16783","GVT&D","Ge Vernova T&d India","EQ","10.0000","1","ES","E","NSE","4368.4000","2912.4000","","","27396"
"541956","IRCON","Ircon International","A","5.0000","1","ES","E","BSE","138.4000","92.3000","","","866214"
"13321","ORTEL","Ortel Communications","BZ","1.0000","1","ES","E","NSE","1.7800","1.6200","","","1078344"
"500337","PRIMESECU","Prime Securities","B","5.0000","1","ES","E","BSE","324.0000","216.0000","","","369954"
"533344","PFS","PTC India Fin Serv","B","1.0000","1","ES","E","BSE","28.7800","19.2000","","","4164565"
"532259","APARINDS","Apar Industries","A","5.0000","1","ES","E","BSE","11850.4000","7900.3000","","","10082"
"506190","ZSARVAMA","Sarvamangal Mercantile Co.","XT","1.0000","1","ES","E","BSE","55.1200","49.8800","","","80000"
"533306","SUMMITSEC","Summit Securities","B","5.0000","1","ES","E","BSE","1584.4500","1056.3500","","","75821"
"500367","RUBFILA","Rubfila International","B","1.0000","1","ES","E","BSE","72.0700","48.0500","","","1661400"
"25881","IMPEXFERRO","Impex Ferro Tech Limited","BZ","1.0000","1","ES","E","NSE","1.4200","1.3000","","","2875363"
"511131","KAMANWALA","Kamanwala Housing Const.","X","1.0000","1","ES","E","BSE","18.3400","12.2400","","","80000"
"17851","DLINKINDIA","D-Link","EQ","5.0000","1","ES","E","NSE","453.3000","302.2000","","","264724"
"503169","RUBYMILLS","Ruby Mills","B","5.0000","1","ES","E","BSE","239.7500","159.8500","","","494410"
"539302","POWERMECH","Power Mech Projects","A","5.0000","1","ES","E","BSE","2077.9500","1385.3500","","","57699"
"531556","CORALFINAC","Coral India Finance","B","1.0000","1","ES","E","BSE","31.0000","20.6800","","","1317882"
"531395","PADAMCO","Padam Cotton Yarns","X","1.0000","1","ES","E","BSE","2.1300","1.9300","","","80000"
"9874","GOLDTECH","Goldstone Technologies Lt","EQ","1.0000","1","ES","E","NSE","37.1200","24.7600","","","1708962"
"531910","MADHUVEER","Madhuveer Com 18 Network","XT","5.0000","1","ES","E","BSE","194.3000","175.8000","","","80000"
"467","HDFCLIFE","HDFC Life","EQ","5.0000","1","ES","E","NSE","649.6500","531.5500","","","168294"
"531283","CINDRELL","Cindrella Financial Services","X","1.0000","1","ES","E","BSE","9.3200","8.4400","","","80000"
"513250","JYOTISTRUC","Jyoti Structures","A","1.0000","1","ES","E","BSE","10.6900","7.1300","","","11172657"
"8412","GLFL","Gujarat Lease Financing L","BE","1.0000","1","ES","E","NSE","4.1500","3.7700","","","887012"
"530979","INDIAHOME","India Home Loan","X","1.0000","1","ES","E","BSE","31.4700","20.9900","","","80000"
"2106","MANGLMCEM","Mangalam Cement","EQ","5.0000","1","ES","E","NSE","920.0000","613.4000","","","130419"
"15355","RECLTD","REC","EQ","5.0000","1","ES","E","NSE","335.6000","274.6000","","","326519"
"533407","TRUEGREEN","Cil Nova Petrochemicals","XT","5.0000","1","ES","E","BSE","140.8000","135.3000","","","80000"
"514162","WELSPUNLIV","Welspun India","A","5.0000","1","ES","E","BSE","130.5500","87.0500","","","922704"
"531930","SARTHAKIND","Sarthak Industries","X","1.0000","1","ES","E","BSE","27.1900","18.1300","","","80000"
"538685","SHEMAROO","Shemaroo Entertainment","B","1.0000","1","ES","E","BSE","90.9600","60.6400","","","893373"
"19145","UMESLTD","Usha Martin Education","BE","1.0000","1","ES","E","NSE","6.8700","6.2300","","","863797"
"2421","NILKAMAL","Nilkamal","EQ","10.0000","1","ES","E","NSE","1280.0000","853.4000","","","93743"
"524828","BDH","Bdh Industries","X","5.0000","1","ES","E","BSE","423.2000","282.2000","","","80000"
"539016","NEIL","Neil Industries","X","1.0000","1","ES","E","BSE","7.2100","4.8100","","","80000"
"531673","ANKIN","Anka India","XT","1.0000","1","ES","E","BSE","22.0100","19.9300","","","80000"
"570004","JISLDVREQS","Jain Irrigation Systems L","B","1.0000","1","ES","E","BSE","22.9200","15.2800","","","630923"
"500101","ARVIND","Arvind","A","5.0000","1","ES","E","BSE","407.2000","271.5000","","","295141"
"4176","ZENITHEXPO","Zenith Exports","EQ","1.0000","1","ES","E","NSE","189.4800","171.4400","","","176457"
"540405","OCEANIC","Oceanic Foods","X","1.0000","1","ES","E","BSE","62.3200","41.5600","","","80000"
"522285","JAYNECOIND","Jayaswal Neco Industries","B","1.0000","1","ES","E","BSE","78.9600","64.6200","","","1397266"
"513509","KALYANIFRG","Kalyani Forge","B","5.0000","1","ES","E","BSE","660.0000","440.0000","","","118962"
"526588","PHOTOQUP","Photoquip India","X","1.0000","1","ES","E","BSE","14.5500","13.1700","","","80000"
"531533","ACCEDERE","E.Com Infotech","XT","1.0000","1","ES","E","BSE","63.3500","57.3300","","","80000"
"519457","VIRATCRA","Virat Crane Industries Lt","X","1.0000","1","ES","E","BSE","38.1000","25.4000","","","80000"
"3138","HONDAPOWER","Honda Siel Power Products","EQ","10.0000","1","ES","E","NSE","2216.6000","1477.8000","","","54133"
"508136","BNALTD","B & A","X","5.0000","1","ES","E","BSE","409.8000","273.2000","","","80000"
"532368","BCG","Brightcom Group","T","1.0000","1","ES","E","BSE","8.5600","7.7600","","","12238696"
"533289","KTIL","Kesar Terminals & Infrastructure","X","1.0000","1","ES","E","BSE","70.1000","46.7400","","","80000"
"526711","ADARSHPL","Adarsh Plant Protect","X","1.0000","1","ES","E","BSE","29.9200","27.0800","","","80000"
"531349","PANACEABIO","Panacea Biotec","B","5.0000","1","ES","E","BSE","355.3500","236.9500","","","337736"
"21383","PALASHSECU","Palash Securities","EQ","1.0000","1","ES","E","NSE","96.1900","64.1300","","","327101"
"11403","POONAWALLA","Poonawalla Fincorp","EQ","5.0000","1","ES","E","NSE","442.0500","294.7500","","","270658"
"531260","REFEXRENEW","Refex Renewables & Infra","XT","5.0000","1","ES","E","BSE","220.4000","199.5000","","","80000"
"506820","ASTRAZEN","Astrazeneca Pharma","A","5.0000","1","ES","E","BSE","9311.3000","6207.6000","","","12874"
"502355","BALKRISIND","Balkrishna Ind.","A","5.0000","1","ES","E","BSE","2499.0500","1666.0500","","","47942"
"530803","BHAGERIA","Bhageria Industries Limit","B","5.0000","1","ES","E","BSE","153.8000","102.6000","","","777957"
"512217","PRISMMEDI","Prism Medico And Pharmacy","X","1.0000","1","ES","E","BSE","26.4700","23.9500","","","80000"
"532726","GALLANTT","Gallantt Ispat","B","5.0000","1","ES","E","BSE","659.2000","439.5000","","","182167"
"511630","SAMBHAAV","Sambhaav Media","B","1.0000","1","ES","E","BSE","5.4300","4.9300","","","6249324"
"21749","CAPACITE","Capacite Infraproject","EQ","1.0000","1","ES","E","NSE","244.0500","162.7100","","","491634"
"526616","NATPLAS","National Plastic Industri","X","1.0000","1","ES","E","BSE","47.5300","31.6900","","","80000"
"2256","PENINLAND","Peninsula Land","EQ","1.0000","1","ES","E","NSE","16.7800","11.2000","","","7147747"
"5204","GMDCLTD","Gujarat Mineral Dev Corp","EQ","5.0000","1","ES","E","NSE","679.3500","452.9500","","","176489"
"30125","SAMMAANCAP","Sammaan Capital","EQ","1.0000","1","ES","E","NSE","164.4700","134.5700","","","668734"
"5622","CEMPRO","Cemindia Projects","EQ","5.0000","1","ES","E","NSE","613.1000","408.8000","","","195666"
"540716","ICICIGI","ICICI Lombard General Ins.","A","5.0000","1","ES","E","BSE","1881.4500","1539.4500","","","58308"
"512485","DHANCOT","Dhanlaxmi Cotex","X","5.0000","1","ES","E","BSE","106.8000","96.6500","","","80000"
"531723","GATECH","GACM Technologies","B","1.0000","1","ES","E","BSE","0.4900","0.3300","","","36059671"
"17130","PARAGMILK","Parag Milk Foods","EQ","1.0000","1","ES","E","NSE","215.8300","143.8900","","","555986"
"512408","UNIWSEC","Uniworth Securities","XT","1.0000","1","ES","E","BSE","10.5500","9.5500","","","80000"
"531416","NARPROP","Narendra Properties","X","1.0000","1","ES","E","BSE","39.3200","32.1800","","","80000"
"532795","SITINET","Siti Networks","Z","1.0000","1","ES","E","BSE","0.5000","0.4900","","","28516160"
"541195","MIDHANI","Mishra Dhatu Nigam","A","5.0000","1","ES","E","BSE","325.1000","216.8000","","","369621"
"2687","POLYPLEX","Polyplex Corporation","EQ","5.0000","1","ES","E","NSE","897.3500","598.2500","","","133700"
"532730","SGL","Stl Global","B","1.0000","1","ES","E","BSE","10.4100","6.9500","","","882602"
"2837","RANASUG","Rana Sugars Ltd.","EQ","1.0000","1","ES","E","NSE","14.1600","9.4400","","","5021667"
"532980","GOKUL","Gokul Refoils & Solv","B","1.0000","1","ES","E","BSE","42.0700","28.0500","","","2885110"
"539011","CHENFERRO","Chennai Ferrous Industrie","X","1.0000","1","ES","E","BSE","71.1700","47.4500","","","80000"
"512237","JAICORPLTD","Jai Corp","B","1.0000","1","ES","E","BSE","106.6200","71.0800","","","1126566"
"532001","INDCTST","Inducto Steel","X","1.0000","1","ES","E","BSE","50.7600","41.5400","","","80000"
"778","KEEPLEARN","DSJ Keep Learning Ltd","EQ","1.0000","1","ES","E","NSE","1.8400","1.2400","","","5091785"
"2481","ONWARDTEC","Onward Technologies","EQ","1.0000","1","ES","E","NSE","252.1800","168.1200","","","475846"
"500213","ITHL","International Travel House","X","5.0000","1","ES","E","BSE","319.3500","212.9500","","","80000"
"509953","TRADWIN","Trade Wings","XT","5.0000","1","ES","E","BSE","543.7000","522.4000","","","80000"
"3724","VSTIND","VST Industries","EQ","1.0000","1","ES","E","NSE","240.0800","160.0600","","","499731"
"500119","DHAMPURSUG","Dhampur Sugar Mills","B","5.0000","1","ES","E","BSE","170.2500","113.5500","","","705313"
"500188","HINDZINC","Hindustan Zinc","A","5.0000","1","ES","E","BSE","552.4000","452.0000","","","198589"
"500279","MIRCELECTR","Mirc Electronics","B","1.0000","1","ES","E","BSE","28.3900","23.2300","","","3835770"
"18391","RBLBANK","RBL Bank","EQ","5.0000","1","ES","E","NSE","318.7000","260.8000","","","344906"
"532872","SPARC","Sun Pharma Advanced Research","B","5.0000","1","ES","E","BSE","137.5000","91.7000","","","870307"
"506128","PARNAXLAB","Parnax Lab","X","5.0000","1","ES","E","BSE","154.2500","102.8500","","","80000"
"521036","SOURCEIND","Source Industries","X","1.0000","1","ES","E","BSE","7.4200","6.7200","","","80000"
"14106","AUTOIND","Autoline Industries","EQ","1.0000","1","ES","E","NSE","58.8400","39.2400","","","1483775"
"500160","GTL","GTL","B","1.0000","1","ES","E","BSE","6.1500","4.1100","","","5143604"
"534076","RHIM","Rhi Magnestia India","A","5.0000","1","ES","E","BSE","404.5500","269.7500","","","295916"
"10932","RADAAN","Radaan Mediaworks India","EQ","1.0000","1","ES","E","NSE","3.0000","2.0000","","","1771082"
"502445","CITADEL","Citadel Realty And Developers","X","1.0000","1","ES","E","BSE","38.8200","25.8800","","","80000"
"8119","RPSGVENT","RPSG Ventures","EQ","5.0000","1","ES","E","NSE","960.2000","640.2000","","","124967"
"500402","SPMLINFRA","SPML Infra","B","5.0000","1","ES","E","BSE","184.6000","123.1000","","","650421"
"15209","PPAP","PPAP Automotive","EQ","1.0000","1","ES","E","NSE","212.3200","141.5600","","","461562"
"542682","HARISH","Harish Textile Engineers","X","1.0000","1","ES","E","BSE","76.7800","51.2000","","","80000"
"3048","SCI","Shipping Corp Of India","EQ","1.0000","1","ES","E","NSE","263.6400","175.7600","","","455085"
"12022","AURIONPRO","Aurionpro Solutions","EQ","5.0000","1","ES","E","NSE","869.6000","579.8000","","","137933"
"503816","SWADPOL","Swadeshi Polytex","X","1.0000","1","ES","E","BSE","33.3600","22.2400","","","80000"
"17295","NAGAFERT","Nagarjun Fert And Che Ltd","EQ","1.0000","1","ES","E","NSE","4.1200","2.7600","","","19556725"
"1139","GICHSGFIN","GIC Housing Finance","EQ","1.0000","1","ES","E","NSE","157.5700","105.0500","","","761507"
"11496","AMBICAAGAR","Ambica Agar & Aromaindltd","EQ","1.0000","1","ES","E","NSE","24.6600","16.4400","","","561700"
"17818","LTM","LTIMindtree Ltd","EQ","10.0000","1","ES","E","NSE","4415.1000","3612.5000","","","24905"
"539799","BHARATWIRE","Bharat Wire Ropes","B","5.0000","1","ES","E","BSE","188.2500","125.5500","","","634682"
"513488","SSWRL","Shree Steel Wire Ropes","X","1.0000","1","ES","E","BSE","22.2600","14.8400","","","80000"
"523248","MACPLASQ","Machino Plastics","X","5.0000","1","ES","E","BSE","270.3500","180.2500","","","80000"
"540310","CFL","Classic Filaments","X","1.0000","1","ES","E","BSE","52.5000","47.5000","","","80000"
"522207","RASANDIK","Rasandik Engineering Indu","X","1.0000","1","ES","E","BSE","63.6000","42.4000","","","80000"
"500185","HCC","Hindustan Construction Co.","A","1.0000","1","ES","E","BSE","16.4700","10.9900","","","7282121"
"532404","7TEC","Saven Technologies","X","1.0000","1","ES","E","BSE","37.8400","25.2400","","","80000"
"531608","GORANIN","Gorani Industries","X","1.0000","1","ES","E","BSE","52.8900","35.2700","","","80000"
"17987","TRF","TRF","EQ","1.0000","1","ES","E","NSE","260.4600","173.6400","","","359844"
"507944","BAJAJST","Bajaj Steel Ind.","B","5.0000","1","ES","E","BSE","368.6000","245.8000","","","80000"
"532056","TRUSTEDGE","Adinath Exim Resources","XT","5.0000","1","ES","E","BSE","144.9000","131.1000","","","80000"
"2606","LEMONTREE","Lemon Tree Hotels","EQ","1.0000","1","ES","E","NSE","120.5000","80.3400","","","995061"
"16795","ARCHIDPLY","Archidply Ind.","EQ","1.0000","1","ES","E","NSE","76.2600","50.8400","","","649585"
"20852","ZEELEARN","Zee Learn","EQ","1.0000","1","ES","E","NSE","5.1000","3.4000","","","10694927"
"531594","INCON","Incon Engineers","X","1.0000","1","ES","E","BSE","14.3000","12.9400","","","80000"
"512062","ZSANMCOM","Sanmitra Commercial","XT","1.0000","1","ES","E","BSE","55.8000","53.6200","","","80000"
"500032","BAJAJHIND","Bajaj Hindusthan Sugar","A","1.0000","1","ES","E","BSE","19.8000","13.2000","","","6071291"
"532475","APTECHT","Aptech","B","1.0000","1","ES","E","BSE","84.2600","56.1800","","","1424259"
"30491","FELDVR","FUTURE ENTERPRISES LTD","BZ","1.0000","1","ES","E","NSE","2.6900","2.4500","","","1287552"
"531221","MAYURFL","Mayur Floorings","XT","1.0000","1","ES","E","BSE","10.2300","9.2700","","","80000"
"538835","INTELLECT","Intellect Design Arena","A","5.0000","1","ES","E","BSE","718.3500","478.9500","","","167056"
"1508","ASTERDM","Aster Dm Healthcare","EQ","5.0000","1","ES","E","NSE","804.0000","536.0000","","","149218"
"17307","AJMERA","Ajmera Realty & Infra Ind","EQ","1.0000","1","ES","E","NSE","119.9700","79.9900","","","1000115"
"13192","ENIL","Entertainment Network","EQ","1.0000","1","ES","E","NSE","119.4400","79.6400","","","1004606"
"531900","CCLINTER","Ccl International","X","1.0000","1","ES","E","BSE","28.4700","18.9900","","","80000"
"11399","SALZERELEC","Salzer Electronics","EQ","5.0000","1","ES","E","NSE","589.3000","392.9000","","","203616"
"540066","AMS","AMS Polymers","XT","1.0000","1","ES","E","BSE","50.5700","45.7700","","","80000"
"13839","DONEAR","Donear Industries","EQ","1.0000","1","ES","E","NSE","95.7800","63.8600","","","1252783"
"1937","KREBSBIO","Krebs Biochemicals & Ind","EQ","1.0000","1","ES","E","NSE","47.7000","31.8000","","","705031"
"512599","ADANIENT","Adani Enterprises","A","5.0000","1","ES","E","BSE","1935.6000","1583.7000","","","56554"
"526479","SKYIND","Sky Industries","X","1.0000","1","ES","E","BSE","78.8400","52.5600","","","80000"
"2610","PEARLPOLY","Pearl Polymers","EQ","1.0000","1","ES","E","NSE","15.6100","10.4100","","","550502"
"532782","SUTLEJTEX","Sutlej Textiles & Industr","B","1.0000","1","ES","E","BSE","28.7200","19.1600","","","4135525"
"500008","ARE&M","Amara Raja Batteries","A","5.0000","1","ES","E","BSE","807.2000","538.2000","","","148616"
"540425","SHANKARA","Shankara Building Product","T","5.0000","1","ES","E","BSE","115.5000","104.5000","","","792952"
"505978","TRITONV","Triton Valves","X","5.0000","1","ES","E","BSE","1012.5500","675.0500","","","80000"
"538212","SHARPINV","Sharp Investments","XT","1.0000","1","ES","E","BSE","0.3600","0.3400","","","80000"
"530235","KJMCFIN","KJMC Financial Services","X","1.0000","1","ES","E","BSE","50.0600","33.3800","","","80000"
"532880","OMAXE","Omaxe","B","1.0000","1","ES","E","BSE","78.4400","52.3000","","","1532523"
"523457","LINDEINDIA","Linde India","A","5.0000","1","ES","E","BSE","8170.2000","5446.8000","","","14583"
"530207","BRAWN","Brawn Biotech","X","1.0000","1","ES","E","BSE","21.8900","19.8100","","","80000"
"530401","VINYOFL","Vinyoflex","X","1.0000","1","ES","E","BSE","43.5200","29.0200","","","80000"
"9260","ARROWGREEN","Arrow Greentech Limited","EQ","5.0000","1","ES","E","NSE","550.8000","367.2000","","","217854"
"539730","FREDUN","Fredun Pharmaceuticals Li","X","5.0000","1","ES","E","BSE","2006.1500","1337.4500","","","80000"
"500126","PGHL","Procter & Gamble Health","A","5.0000","1","ES","E","BSE","5757.7500","3838.5500","","","20832"
"542760","SWSOLAR","Sterling And Wilson Solar","A","5.0000","1","ES","E","BSE","178.7000","119.2000","","","671637"
"13510","AKASH","Akash Infra-Projects Ltd","EQ","1.0000","1","ES","E","NSE","27.7400","18.5000","","","551404"
"13826","SOBHA","Sobha","EQ","10.0000","1","ES","E","NSE","1424.8000","950.0000","","","84156"
"519307","VIKASWSP","Vikas Wsp","Z","1.0000","1","ES","E","BSE","0.8600","0.7800","","","80000"
"530499","AKCAPIT","A.K.Capital Services","X","5.0000","1","ES","E","BSE","1808.5000","1205.7000","","","80000"
"524820","PANAMAPET","Panama Petrochem","B","5.0000","1","ES","E","BSE","277.9500","185.3500","","","430835"
"531344","CONCOR","Container Corp Of India","A","5.0000","1","ES","E","BSE","467.9000","382.9000","","","234578"
"530829","CILSEC","Cil Securities","X","1.0000","1","ES","E","BSE","40.8700","27.2500","","","80000"
"533033","ISGEC","Isgec Heavy Engineering","A","5.0000","1","ES","E","BSE","1035.2000","690.2000","","","115956"
"540481","CLFL","Classic Leasing & Finance","X","1.0000","1","ES","E","BSE","50.3500","45.5700","","","80000"
"526817","CHEVIOT","Cheviot","B","5.0000","1","ES","E","BSE","1090.3500","726.9500","","","110569"
"512453","SHRJAGP","Shri Jagdamba Polymers Lt","X","5.0000","1","ES","E","BSE","615.9000","410.6000","","","80000"
"2616","SEAMECLTD","Seamec","EQ","10.0000","1","ES","E","NSE","1690.5000","1127.1000","","","70961"
"532855","HARYNACAP","Haryana Capfin","X","5.0000","1","ES","E","BSE","144.0000","96.0000","","","80000"
"509243","TVSSRICHAK","TVS Srichakra","B","5.0000","1","ES","E","BSE","3855.3500","2570.2500","","","31133"
"500041","BANARISUG","Bannari Amman Sugars","B","5.0000","1","ES","E","BSE","4515.6000","3010.4000","","","27813"
"532945","SEPC","Shriram EPC","B","1.0000","1","ES","E","BSE","5.3400","4.3800","","","20575518"
"511764","AASTAFIN","Upasana Finance","X","1.0000","1","ES","E","BSE","38.6700","25.7900","","","80000"
"15332","NMDC","NMDC","EQ","1.0000","1","ES","E","NSE","83.8900","68.6500","","","1309980"
"540198","OSIAJEE","Osiajee Texfab","X","5.0000","1","ES","E","BSE","428.4000","387.6000","","","80000"
"10580","TCI","Transport Corporation Of India","EQ","5.0000","1","ES","E","NSE","1107.6000","738.4000","","","108285"
"530991","ROOPAIND","Roopa Industries","X","1.0000","1","ES","E","BSE","47.0200","31.3600","","","80000"
"531352","PEETISEC","Peeti Securities","X","1.0000","1","ES","E","BSE","18.7500","16.9700","","","80000"
"534976","VMART","Vmart Retail","A","5.0000","1","ES","E","BSE","570.4000","380.3000","","","209531"
"531541","KOBO","KOBO Biotech","Z","1.0000","1","ES","E","BSE","2.3400","2.1200","","","80000"
"512479","VIRYA","Virya Resources","XT","5.0000","1","ES","E","BSE","661.5000","598.5000","","","80000"
"12847","KRISHANA","Krishana Phoschem Limited","EQ","5.0000","1","ES","E","NSE","564.7500","376.5500","","","212439"
"532616","XCHANGING","Xchanging Solutions","B","1.0000","1","ES","E","BSE","57.2800","38.2000","","","2092384"
"538708","ETIL","Econo Trade Limit","X","1.0000","1","ES","E","BSE","7.4700","4.9900","","","80000"
"30023","ATULAUTO","Atul Auto","EQ","5.0000","1","ES","E","NSE","458.6000","305.8000","","","261639"
"540575","STARCEMENT","Star Cement","A","5.0000","1","ES","E","BSE","244.2000","162.8000","","","492027"
"540270","RAIDEEPIND","Raideep Industries Limited","XT","1.0000","1","ES","E","BSE","15.0000","1.5000","","","80000"
"517077","INDAGIV","Ind-Agiv Commerce","X","1.0000","1","ES","E","BSE","37.6100","34.0300","","","80000"
"521113","SUDTIND-B","Suditi Industries","X","1.0000","1","ES","E","BSE","94.7400","63.1600","","","80000"
"501295","IITL","Industrial Investment Trust","B","5.0000","1","ES","E","BSE","146.4500","97.6500","","","713760"
"3837","TOKYOPLAST","Tokyo Plast Intl","EQ","1.0000","1","ES","E","NSE","70.2700","46.8500","","","310695"
"533210","KRITINUT","Kriti Nutrients","B","1.0000","1","ES","E","BSE","64.9600","43.3200","","","1638385"
"532159","TRESCON","Trescon","X","1.0000","1","ES","E","BSE","8.3400","7.5600","","","80000"
"445","5PAISA","5Paisa Capital","EQ","1.0000","1","ES","E","NSE","298.9200","199.2800","","","401405"
"13875","JINDRILL","Jindal Drilling & Ind.","EQ","5.0000","1","ES","E","NSE","554.1000","369.4000","","","216546"
"4566","RUCHINFRA","Ruchi Infrastructure Ltd","EQ","1.0000","1","ES","E","NSE","4.9500","3.3100","","","7718015"
"531306","DHPIND","Dhp India","X","5.0000","1","ES","E","BSE","543.6000","362.4000","","","80000"
"526544","SGLRES","Scanpoint Geomatics","X","1.0000","1","ES","E","BSE","2.3600","1.5800","","","80000"
"511401","MCLTD","Munoth Communication","X","1.0000","1","ES","E","BSE","6.9000","6.2600","","","80000"
"521097","AMARJOTHI","Amarjothi Spinning Mills","X","5.0000","1","ES","E","BSE","136.7000","91.2000","","","80000"
"542759","SPANDANA","Spandana Sphoorty Financi","B","5.0000","1","ES","E","BSE","221.9000","148.0000","","","542988"
"7411","NILASPACES","Nila Spaces","EQ","1.0000","1","ES","E","NSE","13.8700","9.2500","","","8650200"
"7374","STAR","Strides Pharma Science","EQ","5.0000","1","ES","E","NSE","1125.3000","750.2000","","","106551"
"641","DNAMEDIA","Diligent Media Corp Ltd.","EQ","1.0000","1","ES","E","NSE","2.9500","1.9700","","","3849052"
"505232","VELJAN","Veljan Denison","X","5.0000","1","ES","E","BSE","912.0500","608.0500","","","80000"
"533271","ASHOKA","Ashoka Buildcon","A","5.0000","1","ES","E","BSE","122.5000","81.7000","","","978881"
"507785","TAINWALCHM","Tainwala Chemicals & Plastics","B","5.0000","1","ES","E","BSE","200.7500","133.8500","","","306198"
"1313","HARRMALAYA","Harrison Malayalam","EQ","1.0000","1","ES","E","NSE","206.7400","137.8400","","","580404"
"16045","PRINCEPIPE","Prince Pipes Fittings","EQ","1.0000","1","ES","E","NSE","247.2600","164.8400","","","485252"
"4394","MIRZAINT","Mirza International Limit","EQ","1.0000","1","ES","E","NSE","30.0600","20.0400","","","3991961"
"531280","PANKAJPO","Pankaj Polymers","XT","1.0000","1","ES","E","BSE","64.8700","58.7100","","","80000"
"21399","GANGESSECU","Ganges Securities","EQ","1.0000","1","ES","E","NSE","124.9800","83.3200","","","327120"
"16986","COUNCODOS","Country Condo'S","EQ","1.0000","1","ES","E","NSE","4.7500","3.1700","","","2537431"
"477","BIRLACABLE","Birla Cable","EQ","1.0000","1","ES","E","NSE","125.1600","83.4400","","","958769"
"540768","MAHLOG","Mahindra Logistics Limite","B","5.0000","1","ES","E","BSE","398.1500","265.4500","","","300445"
"541153","BANDHANBNK","Bandhan Bank","A","5.0000","1","ES","E","BSE","155.3500","127.1500","","","707216"
"14309","INDIANB","Indian Bank","EQ","5.0000","1","ES","E","NSE","930.2500","761.1500","","","117185"
"14813","ADSL","Allied Digital Services","EQ","1.0000","1","ES","E","NSE","104.6000","69.7400","","","1147180"
"3063","VEDL","Vedanta","EQ","5.0000","1","ES","E","NSE","720.2500","589.3500","","","152505"
"500355","RALLIS","Rallis India","A","5.0000","1","ES","E","BSE","261.3000","174.2000","","","458168"
"18422","ASIANHOTNR","Asian Hotels (North)","EQ","5.0000","1","ES","E","NSE","361.0500","240.7500","","","332326"
"18504","TVVISION","Tv Vision Limited","EQ","1.0000","1","ES","E","NSE","5.5700","4.5700","","","1266945"
"517447","RSSOFTWARE","R.S.Software India","B","1.0000","1","ES","E","BSE","23.0700","20.8900","","","844680"
"6733","JINDALSTEL","Jindal Steel","EQ","10.0000","1","ES","E","NSE","1224.4000","1001.8000","","","89767"
"16933","INDBANK","Indbank Merch Bank","EQ","1.0000","1","ES","E","NSE","35.0500","23.3700","","","1451167"
"501455","GREAVESCOT","Greaves Cotton","A","5.0000","1","ES","E","BSE","144.7500","96.5500","","","829110"
"523127","EIHAHOTELS","EIH Associated Hotels","B","5.0000","1","ES","E","BSE","324.0000","216.0000","","","370005"
"500710","AKZOINDIA","Akzo Nobel","A","5.0000","1","ES","E","BSE","3408.8000","2272.6000","","","35111"
"29877","VIVIDHA","Visagar Polytex","EQ","1.0000","1","ES","E","NSE","0.5100","0.3500","","","9571307"
"11452","CCL","CCL Products","EQ","10.0000","1","ES","E","NSE","1249.4000","833.0000","","","96006"
"505299","KPT","KPT Ind.","X","5.0000","1","ES","E","BSE","419.8000","279.9000","","","80000"
"511260","ICONIKSPEV","Iconik Sports and Events","X","1.0000","1","ES","E","BSE","36.8400","33.3400","","","80000"
"532515","TVTODAY","TV Today Network","B","1.0000","1","ES","E","BSE","118.8000","79.2000","","","1009533"
"508867","NEWMKTADV","New Markets Advisory","XT","1.0000","1","ES","E","BSE","17.0600","15.4400","","","80000"
"532687","REPRO","Repro India","B","5.0000","1","ES","E","BSE","374.3000","249.6000","","","321278"
"531680","MAYUR","Mayur Leather Products","XT","1.0000","1","ES","E","BSE","22.0000","19.9200","","","80000"
"530627","VIPULORG","Vipul Organics","X","5.0000","1","ES","E","BSE","191.2500","127.5500","","","80000"
"17603","MAHEPC","Mahindra Epc Irrigation","EQ","1.0000","1","ES","E","NSE","111.2500","74.1700","","","913718"
"514336","GENESIS","Genesis Ibrc India Limite","XT","1.0000","1","ES","E","BSE","103.9200","94.0400","","","80000"
"524634","ALUFLUOR","Alufluoride","X","5.0000","1","ES","E","BSE","490.8500","327.2500","","","80000"
"341","BALRAMCHIN","Balrampur Chini Mills","EQ","5.0000","1","ES","E","NSE","596.5000","397.7000","","","201142"
"15283","KNRCON","Knr Constructions","EQ","1.0000","1","ES","E","NSE","135.6400","90.4400","","","884482"
"533452","DELPHIFX","Ebixcash World  Money India","B","1.0000","1","ES","E","BSE","9.6000","6.4000","","","8020256"
"530993","SARTHAKGL","Sarthak Global","X","1.0000","1","ES","E","BSE","49.4500","44.7500","","","80000"
"11262","IGL","Indraprastha Gas","EQ","1.0000","1","ES","E","NSE","174.7400","116.5000","","","686000"
"532356","TRIVENI","Triveni Engineering & Ind","A","5.0000","1","ES","E","BSE","454.5000","303.0000","","","263553"
"8437","VIPULLTD","Vipul Limited","BE","1.0000","1","ES","E","NSE","10.7700","10.3500","","","4609374"
"531626","OROSMITHS","Orosil Smiths India","X","1.0000","1","ES","E","BSE","5.2800","3.5200","","","80000"
"1174","GNFC","Gujarat Narmada Valley F&C","EQ","5.0000","1","ES","E","NSE","439.7000","293.2000","","","272868"
"13451","RATNAMANI","Ratnamani Metals & Tubes","EQ","10.0000","1","ES","E","NSE","2642.1000","1761.5000","","","45349"
"7","AARTIIND","Aarti Industries","EQ","5.0000","1","ES","E","NSE","478.8500","319.2500","","","250552"
"523419","TNTELE","Tamilnadu Telecommunicati","B","1.0000","1","ES","E","BSE","9.3900","7.6900","","","1493454"
"18321","LGBBROSLTD","LG Balakrishnan & Bros","EQ","10.0000","1","ES","E","NSE","1967.5000","1311.7000","","","60978"
"523840","INNOVTEC","Innovative Tech Pack","X","1.0000","1","ES","E","BSE","15.8800","10.6000","","","80000"
"530965","IOC","Indian Oil Corp","A","5.0000","1","ES","E","BSE","149.0500","121.9500","","","734304"
"20203","URJA","Urja Global","EQ","1.0000","1","ES","E","NSE","9.6100","6.4100","","","12484246"
"533056","VEDAVAAG","Vedavaag Systems","X","1.0000","1","ES","E","BSE","19.0200","12.6800","","","80000"
"505509","RESPONIND","Responsive Ind.","B","5.0000","1","ES","E","BSE","152.0000","101.4000","","","787295"
"9867","NEXTMEDIA","Next Mediaworks","EQ","1.0000","1","ES","E","NSE","4.2100","2.8100","","","2187398"
"512589","SITAENT","Sita Enterprises","X","5.0000","1","ES","E","BSE","171.7500","140.5500","","","80000"
"532083","SHKALYN","Shri Kalyan Holdings","XT","1.0000","1","ES","E","BSE","3.4400","3.1200","","","80000"
"11184","IDFCFIRSTB","IDFC First Bank","EQ","1.0000","1","ES","E","NSE","64.7300","52.9700","","","1694438"
"530005","INDIACEM","India Cements","A","5.0000","1","ES","E","BSE","413.1500","275.4500","","","290683"
"531169","SKPSEC","Skp Securities","X","1.0000","1","ES","E","BSE","107.0400","71.3600","","","80000"
"531454","POLYLINK","Polylink Polymers","X","1.0000","1","ES","E","BSE","18.6400","12.4400","","","80000"
"511654","SUGALDAM","Sugal & Damani Share Brokers","X","1.0000","1","ES","E","BSE","66.6800","44.4600","","","80000"
"531574","VASINFRA","Vas Infrastructure","XT","1.0000","1","ES","E","BSE","9.8400","8.9200","","","80000"
"532933","PORWAL","Porwal Auto Components","X","1.0000","1","ES","E","BSE","60.3600","40.2400","","","80000"
"17062","PALREDTEC","Palred Technologies Limited","EQ","1.0000","1","ES","E","NSE","28.8600","26.1200","","","400004"
"531092","OMINFRAL","OM Infra","B","1.0000","1","ES","E","BSE","95.8800","63.9200","","","1241548"
"512527","SUPER","Super Sales India","X","5.0000","1","ES","E","BSE","666.4500","444.3500","","","80000"
"513005","CHROME","Chrome silicon","X","1.0000","1","ES","E","BSE","52.0800","34.7200","","","80000"
"512345","YASTF","Yash Trading & Finance Lt","XT","5.0000","1","ES","E","BSE","145.9500","132.0500","","","80000"
"13175","NITINSPIN","Nitin Spinners","EQ","5.0000","1","ES","E","NSE","412.0500","274.7500","","","291163"
"511702","YOGI","Parsharti Investment","X","5.0000","1","ES","E","BSE","195.6000","130.4000","","","80000"
"526739","SHAWGELTIN","Narmada Gelatines","X","5.0000","1","ES","E","BSE","410.5000","273.7000","","","80000"
"532440","MPSLTD","MPS","B","5.0000","1","ES","E","BSE","1783.7000","1189.2000","","","67054"
"526241","AMRAPLIN","Amrapali Industries","X","1.0000","1","ES","E","BSE","16.5000","11.0000","","","80000"
"511696","CHRTEDCA","Chartered Cap & Investments","X","5.0000","1","ES","E","BSE","268.4500","242.9500","","","80000"
"503229","SIMPLXREA","Simplex Realty","X","5.0000","1","ES","E","BSE","143.8500","130.1500","","","80000"
"506161","ISHWATR","Ishwarshakti Holdings","XT","1.0000","1","ES","E","BSE","5.2600","4.7600","","","80000"
"533202","SATCH","Nel Holdings South","X","1.0000","1","ES","E","BSE","3.7500","2.5100","","","80000"
"14398","AMDIND","AMD Industries","EQ","1.0000","1","ES","E","NSE","41.8200","27.8800","","","626752"
"15161","HITECHCORP","Hitech Corporation","EQ","1.0000","1","ES","E","NSE","137.1700","91.4500","","","561645"
"531921","AGARIND","Agarwal Industrial Corpor","B","5.0000","1","ES","E","BSE","435.7000","290.5000","","","275776"
"9381","IL&FSTRANS","Il&Fs Trans Net","BZ","1.0000","1","ES","E","NSE","1.9300","1.7500","","","10756992"
"511187","MILLENNIUM","Millennium Online Solutions","X","1.0000","1","ES","E","BSE","1.4100","1.2900","","","80000"
"4391","GULFOILLUB","Gulf Oil Lubricants India","EQ","5.0000","1","ES","E","NSE","1067.4000","711.6000","","","112385"
"14947","MOTILALOFS","Motilal Oswal Fin Serv","EQ","5.0000","1","ES","E","NSE","696.0000","569.5000","","","157687"
"20188","WABAG","VA Tech Wabag","EQ","10.0000","1","ES","E","NSE","1388.8000","926.0000","","","86349"
"3066","SESHAPAPER","Seshasayee Paper & Boards","EQ","1.0000","1","ES","E","NSE","295.8600","197.2400","","","405591"
"532928","TARIL","Transformers and Rectifie","A","5.0000","1","ES","E","BSE","305.4000","203.6000","","","392917"
"514280","SANTETX","Sanrhea Technical Textile","X","5.0000","1","ES","E","BSE","153.8000","102.6000","","","80000"
"24196","VADILALIND","Vadilal Industries","EQ","10.0000","1","ES","E","NSE","4908.0000","3272.0000","","","24445"
"28859","PROZONER","Prozone realty","EQ","1.0000","1","ES","E","NSE","49.2400","32.8400","","","2436610"
"526775","VALIANT","Valiant Communications Lt","XT","5.0000","1","ES","E","BSE","953.4000","862.6000","","","80000"
"4525","DYNAMATECH","Dynamatic Technologies","EQ","50.0000","1","ES","E","NSE","10812.0000","7208.0000","","","11097"
"20425","NACLIND","NACL Industries","EQ","1.0000","1","ES","E","NSE","131.5800","119.0600","","","797751"
"1675","ITI","ITI","EQ","1.0000","1","ES","E","NSE","286.8600","191.2400","","","417985"
"540596","ERIS","Eris Lifesciences","A","5.0000","1","ES","E","BSE","1557.8000","1038.6000","","","77029"
"10905","GENESYS","Genesys Int. Corp.","EQ","1.0000","1","ES","E","NSE","248.8800","165.9200","","","482135"
"526237","MORGAN","Morgan Ventures","X","1.0000","1","ES","E","BSE","44.2400","29.5000","","","80000"
"31415","NBCC","NBCC","EQ","1.0000","1","ES","E","NSE","85.2700","69.7700","","","1287899"
"506235","ALEMBICLTD","Alembic","B","1.0000","1","ES","E","BSE","85.0900","56.7300","","","1410245"
"531268","B2BSOFT","B2B Software Technologies","XT","1.0000","1","ES","E","BSE","47.1100","42.6300","","","80000"
"535204","MUKTA","Mukta Agriculture","X","1.0000","1","ES","E","BSE","2.5500","1.7100","","","80000"
"13342","VAKRANGEE","Vakrangee","EQ","1.0000","1","ES","E","NSE","5.6100","3.7500","","","21367041"
"533169","MANINFRA","Man Infraconstruction","A","1.0000","1","ES","E","BSE","94.4400","62.9600","","","1274778"
"532805","REDINGTON","Redington","A","5.0000","1","ES","E","BSE","239.3000","159.6000","","","499553"
"539251","BALKRISHNA","Balkrishna Paper Mills","B","1.0000","1","ES","E","BSE","16.0000","10.6800","","","1053578"
"426","BHARATGEAR","Bharat Gears","EQ","1.0000","1","ES","E","NSE","103.4600","68.9800","","","502110"
"532604","SALSTEEL","S.A.L.Steel","B","1.0000","1","ES","E","BSE","40.5700","33.2100","","","2717346"
"539198","CAPFIN","Capfin India","XT","5.0000","1","ES","E","BSE","116.5500","105.4500","","","80000"
"20698","SCHAND","S Chand And Company","EQ","1.0000","1","ES","E","NSE","157.6400","105.1000","","","761173"
"538919","SKILVEN","Skyline Ventures India","X","1.0000","1","ES","E","BSE","23.9400","21.6600","","","80000"
"2809","RAJSREESUG","Rajshree Sugar & Chemical","EQ","1.0000","1","ES","E","NSE","33.9400","22.6400","","","1083534"
"530521","VIRAT","Virat Industries","X","5.0000","1","ES","E","BSE","350.7000","317.3000","","","80000"
"4067","MARICO","Marico","EQ","5.0000","1","ES","E","NSE","809.5000","662.4000","","","135007"
"20200","BEDMUTHA","Bedmutha Indust Ltd","BE","1.0000","1","ES","E","NSE","104.1600","94.2400","","","1008052"
"11359","DHANBANK","Dhanlaxmi Bank","EQ","1.0000","1","ES","E","NSE","23.5600","15.7200","","","5091615"
"19372","SPCENET","Spacenet Enters Ind","EQ","1.0000","1","ES","E","NSE","3.1700","2.8700","","","18564958"
"500182","HEROMOTOCO","Hero Motocorp","A","5.0000","1","ES","E","BSE","5566.3500","4554.3500","","","19608"
"530643","ECORECO","Eco Recycling","B","5.0000","1","ES","E","BSE","327.2000","218.2000","","","80000"
"25878","ANKITMETAL","Ankit Met & Pow Ltd","BZ","1.0000","1","ES","E","NSE","1.3500","1.2300","","","4614313"
"531870","POPULARES","Popular Estate Management","X","1.0000","1","ES","E","BSE","13.3800","12.1200","","","80000"
"1085","GABRIEL","Gabriel India","EQ","5.0000","1","ES","E","NSE","991.6000","661.1000","","","120948"
"507685","WIPRO","Wipro","A","5.0000","1","ES","E","BSE","206.3000","168.8000","","","524406"
"21469","OPTIEMUS","Optiemus Infracom","EQ","5.0000","1","ES","E","NSE","351.3000","234.2000","","","341540"
"31138","COMPUSOFT","Compucom Software","EQ","1.0000","1","ES","E","NSE","14.6000","9.7400","","","2587393"
"532957","GOKAKTEX","Gokak Textiles","XT","1.0000","1","ES","E","BSE","62.9300","56.9500","","","80000"
"535755","ABFRL","Aditya Birla Fashion","A","1.0000","1","ES","E","BSE","64.6800","43.1200","","","1855175"
"5528","KOTHARIPRO","Kothari Products","EQ","1.0000","1","ES","E","NSE","69.9000","46.6000","","","1716678"
"538634","VRL","Vasundhara Rasayans","X","5.0000","1","ES","E","BSE","126.7500","84.5500","","","80000"
"503622","ZSVTRADI","S.V.Trading & Agencies","XT","1.0000","1","ES","E","BSE","8.0900","7.3300","","","80000"
"2319","NCC","NCC","EQ","1.0000","1","ES","E","NSE","157.1200","104.7600","","","763461"
"6961","MENONBE","Menon Bearings","EQ","1.0000","1","ES","E","NSE","123.1800","82.1200","","","974143"
"517477","ELNET","Elnet Technologies","X","5.0000","1","ES","E","BSE","358.5500","239.0500","","","80000"
"14797","SIGMAADV","Sigma Advanced Systems","BE","1.0000","1","ES","E","NSE","154.8900","140.1500","","","677817"
"5948","SOUTHBANK","South Indian Bank","EQ","1.0000","1","ES","E","NSE","41.0600","27.3800","","","2921124"
"517264","FINELINE","Fine-Line Circuits","X","1.0000","1","ES","E","BSE","81.2900","73.5500","","","80000"
"532907","IL&FSENGG","Il&Fs Engineering","Z","1.0000","1","ES","E","BSE","24.4800","22.1600","","","4287659"
"11373","BIOCON","Biocon","EQ","5.0000","1","ES","E","NSE","396.9500","324.8500","","","275554"
"517146","USHAMART","Usha Martin","A","5.0000","1","ES","E","BSE","468.8000","312.6000","","","255373"
"514428","HINDADH","Hindustan Adhesives","X","5.0000","1","ES","E","BSE","335.3000","223.6000","","","80000"
"14440","NAHARSPING","Nahar Spinning Mills","EQ","1.0000","1","ES","E","NSE","239.9800","160.0000","","","500009"
"3637","JUBLPHARMA","Jubilant Life Science","EQ","5.0000","1","ES","E","NSE","979.7000","653.2000","","","122327"
"11483","LT","LT - Larsen & Toubro","EQ","10.0000","1","ES","E","NSE","3854.5000","3153.7000","","","27512"
"518075","SURAJ","Suraj Products","Z","5.0000","1","ES","E","BSE","182.0000","164.7000","","","80000"
"511551","MONARCH","Monarch Networth Capital","B","5.0000","1","ES","E","BSE","298.8500","199.2500","","","400356"
"34","ADOR","Ador Welding","EQ","5.0000","1","ES","E","NSE","1053.6000","702.4000","","","113884"
"503100","PHOENIXLTD","The Phoenix Mills","A","5.0000","1","ES","E","BSE","1655.6500","1354.6500","","","66162"
"17507","INCREDIBLE","Adhunik Industries","EQ","1.0000","1","ES","E","NSE","34.2900","22.8700","","","1529174"
"521222","SANBLUE","Sanblue Corporation","X","1.0000","1","ES","E","BSE","32.9300","29.8100","","","80000"
"532893","VTMLTD","VTM","X","1.0000","1","ES","E","BSE","76.9300","62.9500","","","80000"
"15083","ADANIPORTS","Adani Ports","EQ","10.0000","1","ES","E","NSE","1443.8000","1181.4000","","","76030"
"507828","ANSALHSG","Ansal Housing","X","1.0000","1","ES","E","BSE","6.3800","4.2600","","","80000"
"511738","MEHSECU","Mehta Securities","X","1.0000","1","ES","E","BSE","35.7000","32.3000","","","80000"
"14843","VIPCLOTHNG","VIP Clothing","EQ","1.0000","1","ES","E","NSE","17.7400","11.8400","","","2947235"
"515085","RESTILE","Restile Ceramics","X","1.0000","1","ES","E","BSE","6.5400","5.3600","","","80000"
"531099","CHECKPOINT","Rubra Medicaments","X","1.0000","1","ES","E","BSE","49.3300","44.6500","","","80000"
"519105","AVTNPL","Avt Natural Products","B","1.0000","1","ES","E","BSE","64.5300","43.0300","","","1843550"
"11647","KOTARISUG","Kothari Sug & Chem","EQ","1.0000","1","ES","E","NSE","27.5400","18.3600","","","2710456"
"532285","GEOJITFSL","Geojit Financial Services","B","1.0000","1","ES","E","BSE","63.0000","42.0000","","","1903054"
"532388","IOB","Indian Overseas Bank","A","1.0000","1","ES","E","BSE","37.6800","25.1200","","","3177337"
"533608","RDBRL","Rdb Rasayans","X","5.0000","1","ES","E","BSE","191.6000","127.8000","","","80000"
"531651","NATGENI","National General Industries","X","1.0000","1","ES","E","BSE","48.3000","43.7000","","","80000"
"532835","ICRA","ICRA","B","5.0000","1","ES","E","BSE","6004.4000","4003.0000","","","19987"
"18652","ICICIPRULI","ICICI Prudential Life Ins.","EQ","5.0000","1","ES","E","NSE","560.5000","458.6000","","","195646"
"500410","ACC","ACC","A","5.0000","1","ES","E","BSE","1503.9500","1002.6500","","","79621"
"533098","NHPC","Nhpc","A","1.0000","1","ES","E","BSE","81.0400","66.3200","","","1356079"
"11596","LINCOLN","Lincoln Pharma","EQ","5.0000","1","ES","E","NSE","621.4000","508.5000","","","177002"
"500439","VHL","Vardhman Holdings","B","5.0000","1","ES","E","BSE","3561.1000","2374.1000","","","33589"
"538920","VINCOFE","Spaceage Products","B","5.0000","1","ES","E","BSE","158.7500","105.8500","","","755990"
"523371","MAWANASUG","Mawana Sugars","B","1.0000","1","ES","E","BSE","113.1200","75.4200","","","1057954"
"531582","BERYLSE","Beryl Securities","XT","1.0000","1","ES","E","BSE","29.1200","27.9800","","","80000"
"10993","INDORAMA","Indo Rama Synthetics","EQ","1.0000","1","ES","E","NSE","36.1000","24.0800","","","3323187"
"531109","ISHANCH","Ishan Dyes and Chemicals","B","1.0000","1","ES","E","BSE","55.6300","37.0900","","","854791"
"524804","AUROPHARMA","Aurobindo Pharma","A","5.0000","1","ES","E","BSE","1433.5000","1172.9000","","","76085"
"526367","GANESHHOU","Ganesh Housing","A","5.0000","1","ES","E","BSE","608.9000","406.0000","","","197544"
"532042","FRONTCORP","Frontline Corporation","X","1.0000","1","ES","E","BSE","26.4400","23.9400","","","80000"
"533278","COALINDIA","Coal India","A","5.0000","1","ES","E","BSE","495.2500","405.2500","","","221858"
"500488","ABBOTINDIA","Abbott India","A","5.0000","1","ES","E","BSE","31107.6500","20738.4500","","","3846"
"502448","ROLLT","Rollatainers","T","1.0000","1","ES","E","BSE","1.1500","1.0500","","","8179250"
"524576","VIVIDIND","Vivid Global Industries","X","1.0000","1","ES","E","BSE","21.4200","14.2800","","","80000"
"530025","SAMYAKINT","Samyak International","X","1.0000","1","ES","E","BSE","13.4100","8.9500","","","80000"
"511507","USHAKIRA","Ushakiran Finance","X","1.0000","1","ES","E","BSE","54.8800","49.6600","","","80000"
"531663","YUVRAAJHPL","Yuvraaj Hygiene Products","X","1.0000","1","ES","E","BSE","4.0300","3.6500","","","80000"
"526859","ISFL","ISF","X","1.0000","1","ES","E","BSE","0.9100","0.6100","","","80000"
"10285","AYMSYNTEX","Aym Syntex","EQ","1.0000","1","ES","E","NSE","217.2700","144.8500","","","552302"
"8479","TVSMOTOR","TVS Motors","EQ","10.0000","1","ES","E","NSE","3700.1000","3027.5000","","","29455"
"530621","AAIL","Akar Auto Industries Limi","X","1.0000","1","ES","E","BSE","89.8800","59.9200","","","80000"
"507878","UNITECH","Unitech","B","1.0000","1","ES","E","BSE","3.7600","2.5200","","","31644161"
"511096","TVOLCON","Tivoli Construction","XT","1.0000","1","ES","E","BSE","12.6000","11.4000","","","80000"
"509038","VOLLF","Voltaire Leasing & Finance","X","1.0000","1","ES","E","BSE","12.2500","11.7700","","","80000"
"532652","KTKBANK","Karnataka Bank","A","5.0000","1","ES","E","BSE","267.6500","178.4500","","","448145"
"18679","HPL","Hpl Electric & Power","EQ","5.0000","1","ES","E","NSE","308.5000","205.7000","","","388953"
"3761","RITES","Rites","EQ","1.0000","1","ES","E","NSE","210.7500","140.5100","","","569034"
"533104","GLOBUSSPR","Globus Spirits","B","5.0000","1","ES","E","BSE","960.3500","640.2500","","","124585"
"18252","SPAL","S. P. Apparels","EQ","5.0000","1","ES","E","NSE","835.9500","557.3500","","","143529"
"10530","SHARDAMOTR","Sharda Motor Industries","EQ","5.0000","1","ES","E","NSE","849.6000","566.4000","","","141222"
"538382","WESTLEIRES","West Leisure Resorts","X","1.0000","1","ES","E","BSE","89.6400","81.1200","","","80000"
"539594","MISHTANN","Mishtann Foods","X","1.0000","1","ES","E","BSE","3.6000","2.4000","","","80000"
"5142","CIGNITITEC","Cigniti Technologies","EQ","10.0000","1","ES","E","NSE","1312.3000","874.9000","","","91428"
"1363","HINDALCO","Hindalco Industries","EQ","5.0000","1","ES","E","NSE","972.8500","796.0500","","","112361"
"532540","TCS","Tata Consultancy Services","A","5.0000","1","ES","E","BSE","2594.9500","2123.1500","","","39798"
"531495","BLUECOAST","Blue Coast Hotels","B","1.0000","1","ES","E","BSE","21.2800","19.2600","","","562193"
"500106","IFCI","IFCI","A","1.0000","1","ES","E","BSE","57.5400","38.3600","","","2088093"
"532219","ENERGYDEV","Energy Development Company","B","1.0000","1","ES","E","BSE","13.9100","12.5900","","","1553249"
"3345","SUNDRMFAST","Sundram Fasteners","EQ","5.0000","1","ES","E","NSE","898.8500","599.2500","","","133431"
"14304","FSL","Firstsource Solutions","EQ","1.0000","1","ES","E","NSE","245.2600","163.5200","","","488590"
"19205","HEADSUP","The Mandhana Ret Vent","EQ","1.0000","1","ES","E","NSE","7.2600","4.8400","","","722101"
"3324","SUBROS","Subros","EQ","5.0000","1","ES","E","NSE","762.3000","508.2000","","","157413"
"509009","AUSOMENT","Ausom Enterprises","T","1.0000","1","ES","E","BSE","101.1500","91.5300","","","445490"
"531913","GOPAIST","Gopal Iron & Steels Co.","XT","1.0000","1","ES","E","BSE","14.3100","12.9500","","","80000"
"509563","GARWAMAR","Garware Marine Ind.","X","1.0000","1","ES","E","BSE","25.8700","21.1700","","","80000"
"540132","SIIL","Sabrimala Industries","X","1.0000","1","ES","E","BSE","14.2400","9.5000","","","80000"
"517429","ATHENAGLO","Athena Global Technologie","X","1.0000","1","ES","E","BSE","69.6000","46.4000","","","80000"
"509015","THAKRAL","Thakral Services","XT","1.0000","1","ES","E","BSE","16.2000","14.6600","","","80000"
"530533","TERAI","Terai Tea","X","1.0000","1","ES","E","BSE","109.8000","73.2000","","","80000"
"11155","CNL","Creative Newtech","EQ","5.0000","1","ES","E","NSE","633.7500","422.5500","","","189330"
"21623","APEX","Apex Frozen Foods","EQ","5.0000","1","ES","E","NSE","399.1000","326.6000","","","275593"
"532057","ABHICAP","Abhinav Capital Services","X","5.0000","1","ES","E","BSE","121.6000","99.5000","","","80000"
"4469","ELECTHERM","Electrotherm","EQ","5.0000","1","ES","E","NSE","666.4000","444.3000","","","180055"
"583","CANFINHOME","Can Fin Homes","EQ","5.0000","1","ES","E","NSE","950.4500","633.6500","","","126230"
"532924","KOLTEPATIL","Kolte-Patil Developers","B","5.0000","1","ES","E","BSE","355.4000","237.0000","","","337871"
"14067","WANBURY","Wanbury","BE","1.0000","1","ES","E","NSE","233.0400","210.8600","","","450543"
"1250","CASTROLIND","Castrol India","EQ","1.0000","1","ES","E","NSE","208.2200","138.8200","","","575669"
"742","COSMOFIRST","Cosmo First","EQ","5.0000","1","ES","E","NSE","714.5000","476.4000","","","167919"
"23650","MUTHOOTFIN","Muthoot Finance","EQ","10.0000","1","ES","E","NSE","3476.1000","2844.1000","","","31314"
"6248","PREMIER","Premier Limited","BE","1.0000","1","ES","E","NSE","2.8700","2.6100","","","993183"
"500412","TIRUMALCHM","Thirumalai Chemicals","B","5.0000","1","ES","E","BSE","198.0500","132.0500","","","604813"
"7463","MANAKSTEEL","Manaksia Steels","EQ","1.0000","1","ES","E","NSE","50.5800","41.4000","","","2142963"
"19800","WELINV","Welspun Investments","EQ","10.0000","1","ES","E","NSE","1512.0000","1008.0000","","","79364"
"530265","SAINIK","Sainik Finance & Industries","X","1.0000","1","ES","E","BSE","39.8000","26.5400","","","80000"
"540701","DCAL","Dishman Carbogen Amcis","B","5.0000","1","ES","E","BSE","156.0000","104.0000","","","769334"
"4204","MOTHERSON","Motherson","EQ","1.0000","1","ES","E","NSE","115.5800","94.5800","","","949899"
"512531","STCINDIA","State Trading Corporation","B","1.0000","1","ES","E","BSE","117.2400","78.1600","","","1022279"
"505690","BRADYM","Brady & Morris Eng.","X","5.0000","1","ES","E","BSE","848.5500","565.7500","","","80000"
"514450","MHLXMIRU","Mahalaxmi Rubtech","B","5.0000","1","ES","E","BSE","188.4000","125.6000","","","347282"
"524136","PCCOSMA","Pee Cee Cosma Sope","X","5.0000","1","ES","E","BSE","354.3000","236.2000","","","80000"
"519191","RGRL","Retro Green Revolution Li","Z","1.0000","1","ES","E","BSE","1.0300","0.9500","","","80000"
"539359","PRITIKAUTO","Pritika Auto Industries","B","1.0000","1","ES","E","BSE","12.6300","8.4300","","","5444964"
"2277","MRF","MRF","EQ","500.0000","1","ES","E","NSE","154190.0000","102800.0000","","","776"
"9428","SKIPPER","Skipper","EQ","5.0000","1","ES","E","NSE","401.2000","267.5000","","","299082"
"526931","HRYNSHP","Hariyana Ship Breakers Lt","X","1.0000","1","ES","E","BSE","102.3000","68.2000","","","80000"
"542399","CHALET","Chalet Hotels","A","5.0000","1","ES","E","BSE","838.3000","558.9000","","","142339"
"532944","ONMOBILE","Onmobile Global","B","1.0000","1","ES","E","BSE","48.4800","32.3200","","","2467293"
"11407","XPROINDIA","Xpro India","EQ","10.0000","1","ES","E","NSE","1215.0000","810.0000","","","98763"
"509079","GUFICBIO","Gufic Biosciences","B","5.0000","1","ES","E","BSE","329.4500","219.6500","","","365228"
"532271","ORCHASP","ORCHASP Limited","B","1.0000","1","ES","E","BSE","2.4600","1.6400","","","11328109"
"539545","APOORVA","Apoorva Leasing Finance","X","1.0000","1","ES","E","BSE","37.7600","34.1800","","","80000"
"539267","SAMSRITA","Samsrita Laba Limited","X","1.0000","1","ES","E","BSE","16.6500","15.0700","","","80000"
"506685","ULTRAMAR","Ultramarine & Pigments","B","5.0000","1","ES","E","BSE","439.8500","293.2500","","","80000"
"513228","PENIND","Pennar Industries","B","5.0000","1","ES","E","BSE","156.7500","104.5500","","","763795"
"521034","SOMATEX","Soma Textiles & Industries","T","1.0000","1","ES","E","BSE","95.3400","86.2600","","","1080179"
"534312","MTEDUCARE","Mt Educare","T","1.0000","1","ES","E","BSE","1.2900","1.1700","","","2361857"
"6596","SONATSOFTW","Sonata Software","EQ","1.0000","1","ES","E","NSE","251.5200","167.6800","","","477002"
"500655","GRWRHITECH","Garware Hi-Tech Films","A","5.0000","1","ES","E","BSE","3721.5500","3044.9500","","","29551"
"511525","PANINDIAC","Pan India Corp.","X","1.0000","1","ES","E","BSE","1.9400","1.3000","","","80000"
"10768","OAL","Oriental Aromatics","EQ","1.0000","1","ES","E","NSE","285.9000","190.6000","","","419693"
"13211","JAGRAN","Jagran Prakashan","EQ","1.0000","1","ES","E","NSE","73.2800","48.8600","","","1637413"
"507645","POLSON","Polson","X","5.0000","1","ES","E","BSE","10006.5000","9053.5000","","","80000"
"534615","NECCLTD","North Eastern Carrying Co","B","1.0000","1","ES","E","BSE","12.8500","8.5700","","","3269999"
"531069","VIJSOLX","Vijay Solvex","X","5.0000","1","ES","E","BSE","463.3000","379.1000","","","80000"
"5258","INDUSINDBK","Indusind Bank","EQ","5.0000","1","ES","E","NSE","827.6500","677.2500","","","132448"
"500271","MFSL","Max Financial Services","A","5.0000","1","ES","E","BSE","1641.1000","1342.8000","","","66952"
"522209","YOGISUNG","Yogi Sung-Won","X","1.0000","1","ES","E","BSE","6.9200","4.6200","","","80000"
"531859","ORIRAIL","Oriental Rail Infra","B","5.0000","1","ES","E","BSE","125.2500","83.5500","","","80000"
"530419","SUMEDHA","Sumedha Fiscal Services L","X","1.0000","1","ES","E","BSE","38.2200","25.4800","","","80000"
"500187","AGI","AGI Greenpac Limited","A","5.0000","1","ES","E","BSE","562.2500","374.8500","","","213371"
"524210","PNTKYOR","Pentokey Organy L","X","1.0000","1","ES","E","BSE","42.0000","28.0000","","","80000"
"532355","PICTUREHS","Picturehouse Media","XT","1.0000","1","ES","E","BSE","7.2900","6.6100","","","80000"
"9046","AGROPHOS","Agro Phos India","EQ","1.0000","1","ES","E","NSE","28.9600","19.3200","","","662963"
"15199","MANAKSIA","Manaksia Ltd.","EQ","1.0000","1","ES","E","NSE","51.0400","34.0400","","","2142963"
"521206","SAMTEX","Samtex Fashions","X","1.0000","1","ES","E","BSE","1.3800","0.9200","","","80000"
"530245","ARYAMAN","Aryaman Financial Service","X","5.0000","1","ES","E","BSE","720.1500","480.1500","","","80000"
"509053","BANASFN","Banas Finance","X","1.0000","1","ES","E","BSE","6.0800","4.0600","","","80000"
"523598","SCI","Shipping Corp Of India","A","5.0000","1","ES","E","BSE","263.7500","175.8500","","","455085"
"512529","VIYASH","Sequent Scientific","B","5.0000","1","ES","E","BSE","219.8000","146.6000","","","546937"
"538834","JMJFIN","Meenakshi Enterprises","X","1.0000","1","ES","E","BSE","10.7100","7.1500","","","80000"
"504093","PANAENERG","Panasonic Energy India Co.","X","5.0000","1","ES","E","BSE","302.6000","201.8000","","","80000"
"506194","ARIHANTSUP","Arihant Superstructures","B","5.0000","1","ES","E","BSE","229.6500","153.1500","","","518913"
"533704","ESSARSHPNG","Essar Shipping","B","1.0000","1","ES","E","BSE","26.0500","17.3700","","","4610392"
"530973","ALFAICA","Alfa Ica","X","1.0000","1","ES","E","BSE","84.7800","76.7200","","","80000"
"523113","FUTURSEC","Futuristic Securities","XT","1.0000","1","ES","E","BSE","40.2100","36.3900","","","80000"
"530019","JUBLPHARMA","Jubilant Pharmova","A","5.0000","1","ES","E","BSE","979.7000","653.2000","","","122327"
"16657","ANIKINDS","Anik Industries","EQ","1.0000","1","ES","E","NSE","39.4400","26.3000","","","907538"
"541633","STRAEXPO","Sophia Traexpo","XT","1.0000","1","ES","E","BSE","13.2000","11.9600","","","80000"
"517536","ONWARDTEC","Onward Technologies","B","5.0000","1","ES","E","BSE","252.0000","168.0000","","","475846"
"13786","TORNTPOWER","Torrent Power","EQ","10.0000","1","ES","E","NSE","1436.3000","1175.3000","","","76089"
"511672","SCANSTL","Scan Steels","X","1.0000","1","ES","E","BSE","34.6000","23.0800","","","80000"
"1375","HCC","Hindustan Construction Company","EQ","1.0000","1","ES","E","NSE","16.4700","10.9900","","","7282121"
"506395","COROMANDEL","Coromandel International","A","5.0000","1","ES","E","BSE","2293.7000","1529.2000","","","52217"
"511601","YASHMGM","Yash Management & Satellite","X","1.0000","1","ES","E","BSE","9.1500","6.1100","","","80000"
"538890","MKEXIM","M. K. Exim","X","1.0000","1","ES","E","BSE","48.5100","32.3500","","","80000"
"20830","MOIL","Moil","EQ","5.0000","1","ES","E","NSE","339.9000","226.6000","","","352843"
"514470","WINSOMTX","Winsome Textile Industrie","B","1.0000","1","ES","E","BSE","73.4800","49.0000","","","80000"
"532384","TYCHE","Tyche Industries","X","1.0000","1","ES","E","BSE","119.7600","79.8400","","","80000"
"513566","NOVIS","Nova Iron & Steel","X","1.0000","1","ES","E","BSE","13.5700","9.0500","","","80000"
"17770","GROBTEA","The Grob Tea Company","EQ","5.0000","1","ES","E","NSE","967.6500","645.1500","","","38008"
"539986","COMSYN","Commercial Syn Bags","B","5.0000","1","ES","E","BSE","183.6000","122.4000","","","653578"
"523475","LOTUSCHO","Lotus Chocolate","B","5.0000","1","ES","E","BSE","602.1000","492.7000","","","80000"
"1023","FEDERALBNK","Federal Bank","EQ","5.0000","1","ES","E","NSE","285.3000","233.5000","","","384542"
"1576","GILLETTE","Gillette India","EQ","50.0000","1","ES","E","NSE","8704.0000","5803.0000","","","13783"
"542333","RPSGVENT","RPSG Ventures","B","5.0000","1","ES","E","BSE","962.2000","641.5000","","","124967"
"20642","JINDWORLD","Jindal Worldwide","EQ","1.0000","1","ES","E","NSE","21.7200","14.4800","","","5524337"
"534063","FUTSOL","Futuristic Solutions","X","1.0000","1","ES","E","BSE","42.7000","34.9400","","","80000"
"532493","ASTRAMICRO","Astra Microwave Products","A","5.0000","1","ES","E","BSE","1020.0000","680.0000","","","116782"
"539384","KRISHNACAP","Krishna Capital And Securities","X","1.0000","1","ES","E","BSE","28.5600","25.8400","","","80000"
"520051","JAMNAAUTO","Jamna Auto Industries","B","5.0000","1","ES","E","BSE","134.4500","89.6500","","","893354"
"531508","EVEREADY","Eveready Industries","B","5.0000","1","ES","E","BSE","315.1500","210.1500","","","380663"
"540611","AUBANK","Au Small Finance Bank","A","5.0000","1","ES","E","BSE","927.0000","758.5000","","","118219"
"501242","TCIFINANCE","TCI Finance","B","1.0000","1","ES","E","BSE","14.1600","11.6000","","","420930"
"532953","VGUARD","V Guard Industries","A","5.0000","1","ES","E","BSE","377.4500","251.6500","","","317083"
"532150","INDRAMEDCO","Indraprastha Medical Corp","B","5.0000","1","ES","E","BSE","445.9500","297.3500","","","268510"
"532300","WOCKPHARMA","Wockhardt","A","5.0000","1","ES","E","BSE","1412.7000","941.8000","","","84983"
"508961","SHRICON","Shricon Ind.","XT","5.0000","1","ES","E","BSE","143.3000","129.7000","","","80000"
"532513","TVSELECT","TVS Electronics","B","5.0000","1","ES","E","BSE","432.6000","288.4000","","","277721"
"18564","LTTS","L&T Technology Services","EQ","10.0000","1","ES","E","NSE","3746.0000","2497.4000","","","32011"
"590025","GINNIFILA","Ginni Filaments","B","1.0000","1","ES","E","BSE","39.8400","26.5600","","","2800757"
"538734","CEINSYS","Ceinsys Tech","B","5.0000","1","ES","E","BSE","1069.9500","713.3500","","","112060"
"513498","SOUTHMG","Southern Magnesium & Chem","X","1.0000","1","ES","E","BSE","68.9100","56.3900","","","80000"
"523465","INDBNK","Ind Bank Housing","B","1.0000","1","ES","E","BSE","48.6600","32.4400","","","80000"
"6994","BSOFT","Birlasoft","EQ","5.0000","1","ES","E","NSE","399.0500","266.0500","","","300469"
"526423","KRITI","Kriti Industries","B","1.0000","1","ES","E","BSE","78.5600","52.3800","","","1542938"
"15347","GSS","GSS Infotech","EQ","1.0000","1","ES","E","NSE","10.4600","6.9800","","","855328"
"517059","SALZERELEC","Salzer Electronics","B","5.0000","1","ES","E","BSE","588.4000","392.3000","","","203616"
"533029","ALKALI","Alkali Metals","B","1.0000","1","ES","E","BSE","57.1400","38.1000","","","332967"
"537800","MANGIND","Mangalam Industrial Finan","XT","1.0000","1","ES","E","BSE","0.7700","0.7100","","","80000"
"540935","GALAXYSURF","Galaxy Surfactants","A","5.0000","1","ES","E","BSE","1817.6000","1211.8000","","","66016"
"532343","TVSMOTOR","TVS Motors","A","5.0000","1","ES","E","BSE","3702.3500","3029.2500","","","29455"
"2112","MARALOVER","Maral Overseas","EQ","1.0000","1","ES","E","NSE","42.4900","28.3300","","","1357311"
"531233","RASIELEC","Rasi Electrodes","X","1.0000","1","ES","E","BSE","12.0100","8.0100","","","80000"
"514236","TTLEL","TTL Enterprises","XT","1.0000","1","ES","E","BSE","0.1500","0.0200","","","80000"
"6125","GOODLUCK","Goodluck India","EQ","5.0000","1","ES","E","NSE","1183.4000","789.0000","","","101377"
"513418","SMFIL","Smiths & Founders","X","1.0000","1","ES","E","BSE","4.1000","3.7200","","","80000"
"519214","WILLIMFI","Williamson Financial Serv","X","1.0000","1","ES","E","BSE","5.5500","5.0300","","","80000"
"538926","NAPL","Naturite Agro Products","X","5.0000","1","ES","E","BSE","137.8000","124.7000","","","80000"
"540602","GTPL","Gtpl Hathway","B","1.0000","1","ES","E","BSE","67.2000","44.8000","","","1779277"
"532826","RAJTV","Raj Television Network","B","1.0000","1","ES","E","BSE","40.0500","26.7100","","","1697566"
"532379","FIRSTFIN","Firstobject Technologies","XT","1.0000","1","ES","E","BSE","6.8200","6.1800","","","80000"
"526433","ASMTEC","Asm Technologies","B","5.0000","1","ES","E","BSE","2552.5500","2309.4500","","","80000"
"11511","CENTEXT","Century Extrusions","EQ","1.0000","1","ES","E","NSE","19.8200","13.2200","","","2615999"
"509945","THACKER","Thacker","X","5.0000","1","ES","E","BSE","914.7000","609.8000","","","80000"
"517546","ALFATRAN","Alfa Transformers","X","1.0000","1","ES","E","BSE","40.6900","27.1300","","","80000"
"534796","CDG","CDG Petchem","XT","5.0000","1","ES","E","BSE","117.3000","112.7000","","","80000"
"16639","KIRIINDUS","Kiri Industries","EQ","5.0000","1","ES","E","NSE","405.9500","270.6500","","","295551"
"8828","GAEL","Gujarat Ambuja Exports","EQ","1.0000","1","ES","E","NSE","163.0600","108.7200","","","735707"
"516106","SHKARTP","Shree Karthik Papers","X","1.0000","1","ES","E","BSE","6.4400","4.3000","","","80000"
"14537","DISHTV","Dish TV","EQ","1.0000","1","ES","E","NSE","2.2000","1.4800","","","54346513"
"20910","A2ZINFRA","A2Z Infra Engineering Ltd","BE","1.0000","1","ES","E","NSE","16.4700","14.9100","","","5759119"
"524640","ARCHITORG","Archit Organosys","X","1.0000","1","ES","E","BSE","43.3900","28.9300","","","80000"
"9014","ANUP","The Anup Engineering","EQ","10.0000","1","ES","E","NSE","1924.4000","1283.0000","","","62337"
"533170","TAMBOLIIN","Tamboli Industries","X","5.0000","1","ES","E","BSE","158.5000","105.7000","","","80000"
"540654","GSTL","Globalspace Technologies","X","1.0000","1","ES","E","BSE","20.1300","13.4300","","","80000"
"15254","CEATLTD","CEAT","EQ","10.0000","1","ES","E","NSE","3891.0000","2594.0000","","","30822"
"538713","ATISHAY","Atishay","X","5.0000","1","ES","E","BSE","262.6000","175.1000","","","80000"
"10948","STCINDIA","The State Trading Corp.","EQ","1.0000","1","ES","E","NSE","117.3800","78.2600","","","1022279"
"541163","SANDHAR","Sandhar Technologies","B","5.0000","1","ES","E","BSE","525.6500","350.4500","","","228784"
"533552","RUPA","Rupa & Company","B","5.0000","1","ES","E","BSE","133.0500","88.7500","","","903478"
"595","CARBORUNIV","Carborundum Universal","EQ","5.0000","1","ES","E","NSE","930.8000","620.6000","","","128754"
"508807","ISTLTD","IST","B","5.0000","1","ES","E","BSE","629.6000","419.8000","","","80000"
"22415","LOVABLE","Lovable Lingerie","EQ","1.0000","1","ES","E","NSE","66.8500","44.5700","","","483959"
"531266","VSTTILLERS","Vst Tillers Tractors","B","5.0000","1","ES","E","BSE","5760.5000","3840.4000","","","20813"
"543066","SBICARD","SBI Cards","A","5.0000","1","ES","E","BSE","698.8000","571.8000","","","157013"
"520141","SIBARAUT","Sibar Auto Parts","X","1.0000","1","ES","E","BSE","8.8300","5.8900","","","80000"
"1190","FMGOETZE","Federal-Mogul Goetze","EQ","5.0000","1","ES","E","NSE","465.1500","310.1500","","","257910"
"530117","PRIVISCL","Privi Speciality Chem","A","5.0000","1","ES","E","BSE","3475.1000","2316.8000","","","34492"
"532331","AJANTPHARM","Ajanta Pharma","A","5.0000","1","ES","E","BSE","3364.2000","2242.8000","","","35606"
"533161","EMMBI","Emmbi Industries","B","1.0000","1","ES","E","BSE","72.3900","48.2700","","","629156"
"538365","INCREDIBLE","Incredible Industries","B","1.0000","1","ES","E","BSE","34.6200","23.0800","","","1529174"
"14245","TVSSRICHAK","TVS Srichakra","EQ","10.0000","1","ES","E","NSE","3853.8000","2569.2000","","","31133"
"12018","SUZLON","Suzlon","EQ","1.0000","1","ES","E","NSE","43.5100","35.6100","","","2523492"
"2283","MRPL","MRPL","EQ","1.0000","1","ES","E","NSE","215.8000","143.8800","","","555573"
"530429","ASHISHPO","Ashish Polyplast","X","1.0000","1","ES","E","BSE","34.5000","23.0000","","","80000"
"518091","APCL","Anjani Portland Cement Lt","B","5.0000","1","ES","E","BSE","121.6000","81.1000","","","960554"
"532221","SONATSOFTW","Sonata Software","A","5.0000","1","ES","E","BSE","251.1500","167.4500","","","477002"
"9356","MSTCLTD","MSTC","EQ","5.0000","1","ES","E","NSE","439.0000","292.7000","","","273292"
"524742","CAPLIPOINT","Caplin Point Laboratories","A","5.0000","1","ES","E","BSE","1806.1500","1204.1500","","","66434"
"11852","SURYALAXMI","Suryalakshmi Cotton Mills","EQ","1.0000","1","ES","E","NSE","51.7300","34.4900","","","614932"
"28899","KITEX","Kitex Garments","EQ","1.0000","1","ES","E","NSE","170.7000","113.8000","","","702838"
"11293","UNIENTER","Uniphos Enterprises","EQ","1.0000","1","ES","E","NSE","109.4200","72.9600","","","1096598"
"500186","HINDOILEXP","Hindustan Oil Exploration","B","5.0000","1","ES","E","BSE","141.9500","94.6500","","","844963"
"15303","BANG","Bang Overseas","EQ","1.0000","1","ES","E","NSE","32.7800","21.8600","","","443411"
"504080","JSLINDL","JSL Ind.","X","5.0000","1","ES","E","BSE","1084.7500","887.5500","","","80000"
"531979","HINDALUMI","Hind Aluminium Industries","XT","1.0000","1","ES","E","BSE","89.8300","81.2900","","","80000"
"14198","TIMKEN","Timken India","EQ","10.0000","1","ES","E","NSE","3870.3000","2580.3000","","","30990"
"526586","WIMPLAST","Wim Plast","X","5.0000","1","ES","E","BSE","393.9000","262.6000","","","80000"
"514332","NEOINFRA","NEO Infracon","X","1.0000","1","ES","E","BSE","48.6100","32.4100","","","80000"
"17514","SETCO","Setco Automotive","EQ","1.0000","1","ES","E","NSE","20.8800","18.9000","","","4374189"
"3980","TNPL","Tamilnadu Newsprt & Paper","EQ","1.0000","1","ES","E","NSE","147.0400","98.0400","","","815992"
"10726","INDIAMART","Indiamart","EQ","10.0000","1","ES","E","NSE","2383.4000","1589.0000","","","50292"
"534139","SCHNEIDER","Schneider Electric Infra","T","5.0000","1","ES","E","BSE","886.4000","802.0000","","","118117"
"509567","GOACARBON","Goa Carbon","B","5.0000","1","ES","E","BSE","332.2500","221.5500","","","299239"
"532830","ASTRAL","Astral Limited","A","5.0000","1","ES","E","BSE","1756.7000","1437.3000","","","62326"
"958","ESCORTS","Escorts Kubota","EQ","10.0000","1","ES","E","NSE","3288.3000","2192.3000","","","36472"
"531609","KGPETRO","Kg Petrochem","X","5.0000","1","ES","E","BSE","232.0500","209.9500","","","80000"
"4041","JAYAGROGN","Jayant Agro Organics","EQ","1.0000","1","ES","E","NSE","179.7200","119.8200","","","667679"
"534392","VSSL","Vardhman Special Steels","B","5.0000","1","ES","E","BSE","248.5500","165.7500","","","479754"
"506690","UNICHEMLAB","Unichem Laboratories","B","5.0000","1","ES","E","BSE","352.5000","235.0000","","","340763"
"531727","MENNPIS","Menon Pistons","X","1.0000","1","ES","E","BSE","56.1700","37.4500","","","80000"
"533296","FMNL","Future Market Networks","B","1.0000","1","ES","E","BSE","7.5100","6.8100","","","1983071"
"532783","LTFOODS","LT Foods","A","5.0000","1","ES","E","BSE","435.8000","290.6000","","","275024"
"15883","HINDWAREAP","Somany Hom Innovation","EQ","1.0000","1","ES","E","NSE","209.7900","139.8700","","","571973"
"534755","TRIOMERC","Trio Mercantile & Trading","X","1.0000","1","ES","E","BSE","1.1700","0.7900","","","80000"
"540900","NEWGEN","Newgen Software Technolog","A","5.0000","1","ES","E","BSE","482.5500","321.7500","","","248486"
"501430","BOMBCYC","Bombay Cycle & Motor Agency","X","5.0000","1","ES","E","BSE","1758.6000","1591.2000","","","80000"
"500159","METROGLOBL","Metroglobal","X","5.0000","1","ES","E","BSE","126.0000","84.0000","","","80000"
"540750","IEX","Indian Energy Exchange","A","5.0000","1","ES","E","BSE","126.1500","103.2500","","","871183"
"3327","SUDARSCHEM","Sudarshan Chemical Inds","EQ","5.0000","1","ES","E","NSE","897.1000","598.1000","","","133718"
"5385","AAVAS","Aavas Financiers","EQ","10.0000","1","ES","E","NSE","1293.6000","862.4000","","","92733"
"531297","ARTEFACT","Artefact Projects","X","1.0000","1","ES","E","BSE","67.6800","45.1200","","","80000"
"15228","UJJIVANSFB","Ujjivan Small Finance Bank","EQ","1.0000","1","ES","E","NSE","60.6100","40.4100","","","1979625"
"504240","DLTNCBL","Delton Cables","X","5.0000","1","ES","E","BSE","406.4000","271.0000","","","80000"
"511493","SHRYDUS","VCK Capital Market Services","X","1.0000","1","ES","E","BSE","3.1800","2.1200","","","80000"
"25780","APLAPOLLO","APL Apollo Tubes","EQ","10.0000","1","ES","E","NSE","2130.7000","1743.3000","","","51362"
"9931","VIKASLIFE","Vikas Lifecare","EQ","1.0000","1","ES","E","NSE","1.2700","0.8500","","","60745761"
"500368","PATANJALI","Patanjali foods","A","5.0000","1","ES","E","BSE","504.6000","412.9000","","","216532"
"17869","JSWENERGY","JSW Energy","EQ","5.0000","1","ES","E","NSE","518.7500","424.4500","","","210875"
"509026","VJTFEDU","VJTF Eduservices","X","1.0000","1","ES","E","BSE","108.5800","72.4000","","","80000"
"526703","ECOPLAST","Ecoplast","X","5.0000","1","ES","E","BSE","480.3500","320.2500","","","80000"
"532898","POWERGRID","Power Grid","A","5.0000","1","ES","E","BSE","325.8000","266.6000","","","334821"
"17625","MOLDTECH","Mold-Tek Technologies","EQ","1.0000","1","ES","E","NSE","123.0300","82.0300","","","941927"
"504212","UNIVCABLES","Universal Cables","B","5.0000","1","ES","E","BSE","776.7000","517.8000","","","153935"
"526596","LIBERTSHOE","Liberty Shoes","B","5.0000","1","ES","E","BSE","256.7000","171.2000","","","469230"
"533095","BENGALASM","Bengal & Assam Company Lt","B","5.0000","1","ES","E","BSE","6528.4500","4352.3500","","","80000"
"19913","DMART","Avenue Supermarts","EQ","10.0000","1","ES","E","NSE","4352.4000","3561.2000","","","24727"
"14920","TAKE","Take Solutions Ltd","BE","1.0000","1","ES","E","NSE","40.4100","38.8300","","","2523901"
"12026","RENUKA","Shree Renuka Sugars","EQ","1.0000","1","ES","E","NSE","33.0000","22.0000","","","3635460"
"1826","KAMATHOTEL","Kamat Hotels","EQ","1.0000","1","ES","E","NSE","171.6700","114.4500","","","699001"
"21131","TEJASNET","Tejas Networks","EQ","5.0000","1","ES","E","NSE","424.8500","347.6500","","","258855"
"506178","VELOX","Velox Shipping and Logistics","XT","1.0000","1","ES","E","BSE","17.8600","16.1600","","","80000"
"524582","TIRUSTA","Tirupati Starch & Chemicals","X","5.0000","1","ES","E","BSE","148.0500","98.7500","","","80000"
"532281","HCLTECH","HCL Technologies","A","5.0000","1","ES","E","BSE","1475.2500","1207.0500","","","73268"
"11864","PRIMESECU","Prime Securities","EQ","5.0000","1","ES","E","NSE","324.3500","216.2500","","","369954"
"532268","ACCELYA","Accelya Solutions India","B","5.0000","1","ES","E","BSE","1230.2000","820.2000","","","97587"
"512020","ZSARACOM","Saraswati Commercial (Ind","B","5.0000","1","ES","E","BSE","10504.3000","7002.9000","","","80000"
"532011","POOJAENT","Pooja Entertainment","X","1.0000","1","ES","E","BSE","52.7600","43.1800","","","80000"
"1515","INDIACEM","India Cements","EQ","5.0000","1","ES","E","NSE","412.5500","275.0500","","","290683"
"500052","BEPL","Bhansali Eng. Polymer","B","1.0000","1","ES","E","BSE","98.8500","65.9100","","","1216669"
"542376","SPACAPS","Spa Capital Services Limi","XT","5.0000","1","ES","E","BSE","230.8500","208.9500","","","80000"
"29008","TVSHLTD","TVS Holdings","EQ","100.0000","1","ES","E","NSE","16748.0000","11166.0000","","","7162"
"502893","UNITEDINT","United Interactive","X","1.0000","1","ES","E","BSE","78.9800","64.6200","","","80000"
"513554","MAHASTEEL","Mahamaya Steel Industries","T","5.0000","1","ES","E","BSE","997.5000","902.5000","","","105278"
"18883","SJVN","SJVN","EQ","1.0000","1","ES","E","NSE","76.0200","50.6800","","","1575847"
"4007","CORALFINAC","Coral India Finance","EQ","1.0000","1","ES","E","NSE","30.9800","20.6600","","","1317882"
"19931","ORISSAMINE","Orissa Min Dev Co","EQ","10.0000","1","ES","E","NSE","3750.6000","2500.4000","","","31991"
"3721","TATACOMM","Tata Communications","EQ","10.0000","1","ES","E","NSE","1617.4000","1078.4000","","","74099"
"3411","TATAELXSI","Tata Elxsi","EQ","10.0000","1","ES","E","NSE","4374.2000","3579.0000","","","25105"
"524440","CAMEXLTD","Camex","X","1.0000","1","ES","E","BSE","34.5800","23.0600","","","80000"
"524314","GUJTERC","Gujarat Terce Laboratorie","X","1.0000","1","ES","E","BSE","37.0800","24.7200","","","80000"
"14043","SARLAPOLY","Sarla Performance Fibers","EQ","1.0000","1","ES","E","NSE","83.6100","55.7500","","","1435082"
"500209","INFY","Infosys","A","5.0000","1","ES","E","BSE","1376.3000","1126.1000","","","77052"
"512297","SHANTAI","Shantai Industries Limite","XT","1.0000","1","ES","E","BSE","57.8500","55.5900","","","80000"
"20178","AKSHARCHEM","Aksharchem India","EQ","1.0000","1","ES","E","NSE","174.2200","116.1600","","","262682"
"11471","EXCELINDUS","Excel Industries","EQ","5.0000","1","ES","E","NSE","967.6500","645.1500","","","123997"
"500250","LGBBROSLTD","LG Balakrishnan & Bros.","B","5.0000","1","ES","E","BSE","1974.9500","1316.6500","","","60978"
"530589","PRIMAPLA","Prima Plastics","X","1.0000","1","ES","E","BSE","107.8200","71.8800","","","80000"
"538607","TOYAMSL","Toyam Industries","X","1.0000","1","ES","E","BSE","0.7000","0.5800","","","80000"
"535667","IFINSEC","India Finsec","X","5.0000","1","ES","E","BSE","210.4000","140.3000","","","80000"
"539596","DELTA","Delta Industrial Resource","X","1.0000","1","ES","E","BSE","14.8800","9.9200","","","80000"
"533012","LPDC","Landmark Property Develop","B","1.0000","1","ES","E","BSE","6.5100","4.3500","","","4386481"
"502865","FORBESCO","Forbes & Company","X","5.0000","1","ES","E","BSE","379.8000","253.2000","","","80000"
"539275","MSL","Mangalam Seeds","X","5.0000","1","ES","E","BSE","132.7000","88.5000","","","80000"
"533162","HATHWAY","Hathway Cable & Datacom L","B","1.0000","1","ES","E","BSE","10.6500","7.1100","","","11273795"
"14889","ASIANTILES","Asian Granito India","EQ","1.0000","1","ES","E","NSE","67.7600","45.1800","","","1770645"
"506808","TUTIALKA","Tuticorin Alkali Chemical","X","1.0000","1","ES","E","BSE","50.6400","33.7600","","","80000"
"509760","MODRNSH","Modern Shares & Stockbrok","X","1.0000","1","ES","E","BSE","27.7300","25.0900","","","80000"
"531892","KHANDSE","Khandwala Securities","B","1.0000","1","ES","E","BSE","15.8800","10.6000","","","498799"
"535136","NIBE","NIBE Limited","B","5.0000","1","ES","E","BSE","980.6000","653.8000","","","122361"
"540901","PRAXIS","Praxis Home Retail","B","1.0000","1","ES","E","BSE","5.8800","5.3200","","","6076059"
"11909","SWELECTES","Swelect Energy Systems","EQ","5.0000","1","ES","E","NSE","598.9000","399.3000","","","200353"
"522034","SHANTIGEAR","Shanthi Gears","B","5.0000","1","ES","E","BSE","516.7500","344.5500","","","231835"
"21740","CHOLAHLDNG","Cholamandalam Fin Hol","EQ","10.0000","1","ES","E","NSE","1638.3000","1092.3000","","","73233"
"512377","MAGANTR","Magnanimous Trade & Finan","XT","1.0000","1","ES","E","BSE","0.2500","0.2300","","","80000"
"533477","ENKEIWHEL","Enkei Wheels","X","5.0000","1","ES","E","BSE","432.7000","288.5000","","","80000"
"509051","INDINFO","Indian Infotech Software","X","1.0000","1","ES","E","BSE","0.5800","0.4000","","","80000"
"523642","PIIND","Pi Industries","A","5.0000","1","ES","E","BSE","2990.0000","2446.4000","","","36715"
"504356","ZMULTIPU","Multipurpose Trading Agency","X","1.0000","1","ES","E","BSE","8.4500","7.6500","","","80000"
"533275","SHAH","Gyscoal Alloys","B","1.0000","1","ES","E","BSE","5.5800","3.7200","","","21598259"
"532773","GLOBALVECT","Global Vectra Helicorp","B","5.0000","1","ES","E","BSE","158.8000","105.9000","","","457799"
"532053","WALLFORT","Wallfort Financial Services","X","1.0000","1","ES","E","BSE","67.8600","45.2400","","","80000"
"25684","JISLDVREQS","Jain Dvr Equity Shares","EQ","1.0000","1","ES","E","NSE","22.9800","15.3200","","","630923"
"157","APOLLOHOSP","Apollo Hospitals","EQ","50.0000","1","ES","E","NSE","8160.5000","6677.5000","","","13371"
"3506","TITAN","Titan","EQ","10.0000","1","ES","E","NSE","4346.5000","3556.3000","","","24858"
"10666","PNB","Punjab National Bank","EQ","1.0000","1","ES","E","NSE","110.6100","90.5100","","","988393"
"538597","TTIENT","TTI Enterprise","XT","1.0000","1","ES","E","BSE","8.4700","7.6700","","","80000"
"515030","ASAHIINDIA","Asahi India Glass","A","5.0000","1","ES","E","BSE","942.7000","628.5000","","","127463"
"512093","CRANESSOFT","Cranes Software Internati","Z","1.0000","1","ES","E","BSE","3.4800","3.1600","","","80000"
"530689","LYKISLTD","Lykis","X","1.0000","1","ES","E","BSE","50.7100","33.8100","","","80000"
"517437","DUTRON","Dutron Polymers","X","1.0000","1","ES","E","BSE","101.3700","91.7300","","","80000"
"504810","INFORTEC","Informed Technologies","X","1.0000","1","ES","E","BSE","117.6000","78.4000","","","80000"
"530709","GOWRALE","Gowra Leasing & Finance L","X","1.0000","1","ES","E","BSE","97.1800","64.8000","","","80000"
"335","BALKRISIND","Balkrishna Ind.","EQ","10.0000","1","ES","E","NSE","2499.6000","1666.4000","","","47942"
"530517","RELAXO","Relaxo Footwears","A","5.0000","1","ES","E","BSE","285.4500","190.3500","","","420208"
"534309","NBCC","NBCC","A","1.0000","1","ES","E","BSE","85.2600","69.7600","","","1287899"
"538952","ALFL","Abhinav Leasing & Finance Limi","X","1.0000","1","ES","E","BSE","1.6200","1.0800","","","80000"
"512296","BHAGYANGR","Bhagyanagar India","B","5.0000","1","ES","E","BSE","151.5000","124.0000","","","726158"
"523710","SAYAJIHOTL","Sayaji Hotels","X","5.0000","1","ES","E","BSE","329.7500","219.8500","","","80000"
"3348","SUNFLAG","Sunflag Iron","EQ","1.0000","1","ES","E","NSE","232.9200","155.2800","","","515067"
"500235","KSL","Kalyani Steels","B","5.0000","1","ES","E","BSE","692.7500","461.8500","","","173084"
"1660","ITC","ITC","EQ","5.0000","1","ES","E","NSE","316.4500","258.9500","","","338289"
"524687","BASANTGL","Basant Agro Tech","X","1.0000","1","ES","E","BSE","11.1400","7.4400","","","80000"
"507789","JAGSNPHARM","Jagsonpal Pharmaceuticals","B","5.0000","1","ES","E","BSE","221.2000","147.5000","","","543351"
"532661","RML","Rane (Madras)","B","5.0000","1","ES","E","BSE","745.9000","497.3000","","","161262"
"534328","HEXATRADEX","Hexa Tradex","B","5.0000","1","ES","E","BSE","175.6000","143.7000","","","644098"
"526965","GUJCRAFT","Gujarat Craft Industries","X","1.0000","1","ES","E","BSE","111.6000","74.4000","","","80000"
"3417","HONAUT","Honeywell Automation","EQ","500.0000","1","ES","E","NSE","31590.0000","21060.0000","","","3793"
"530853","HIPOLIN","Hipolin","X","1.0000","1","ES","E","BSE","49.1400","44.4600","","","80000"
"27161","CINELINE","Cineline India","EQ","1.0000","1","ES","E","NSE","90.3300","60.2300","","","1120512"
"500093","CGPOWER","CG Power & Ind.","A","5.0000","1","ES","E","BSE","721.1500","590.0500","","","151192"
"530305","PICCADIL","Piccadily Agro Industries","B","5.0000","1","ES","E","BSE","621.3000","414.2000","","","193252"
"513642","AXELPOLY","Axel Polymers","X","1.0000","1","ES","E","BSE","52.4000","34.9400","","","80000"
"539199","SGFIN","SG Finserve","B","5.0000","1","ES","E","BSE","496.9000","331.3000","","","241131"
"532663","SASKEN","Sasken Technologies","B","5.0000","1","ES","E","BSE","1328.1500","885.4500","","","90131"
"509470","BOMOXY-B1","Bombay Oxygen Investments","X","5.0000","1","ES","E","BSE","23159.5500","15439.7500","","","80000"
"3129","TRANSWORLD","Transworld shipping lines","EQ","1.0000","1","ES","E","NSE","138.0600","92.0400","","","718011"
"540026","LAHL","Ladam Affortable Housing","X","1.0000","1","ES","E","BSE","7.5100","5.0100","","","80000"
"19631","PRICOLLTD","Pricol","EQ","5.0000","1","ES","E","NSE","616.6500","411.1500","","","194522"
"531668","VISIONCO","Vision Corporation","X","1.0000","1","ES","E","BSE","3.0000","2.0000","","","80000"
"532841","SAHYADRI","Sahyadri Industries","B","5.0000","1","ES","E","BSE","244.2000","162.8000","","","357944"
"21770","ICICIGI","ICICI Lombard General Ins.","EQ","10.0000","1","ES","E","NSE","1881.6000","1539.6000","","","58308"
"20877","PSPPROJECT","PSP Projects","EQ","5.0000","1","ES","E","NSE","690.6000","460.4000","","","173749"
"4548","GUJRAFFIA","Gujarat Raffia Indust Ltd","EQ","1.0000","1","ES","E","NSE","39.7000","35.9200","","","176727"
"1127","GHCL","GHCL","EQ","5.0000","1","ES","E","NSE","507.6000","338.4000","","","236362"
"526494","PROMACT","Promact Plastics","X","1.0000","1","ES","E","BSE","11.3300","9.2700","","","80000"
"857","DHAMPURSUG","Dhampur Sugar Mills","EQ","1.0000","1","ES","E","NSE","170.1200","113.4200","","","705313"
"532801","CTE","Cambridge Technology","B","1.0000","1","ES","E","BSE","23.6200","19.3400","","","641934"
"533284","RPPINFRA","R.P.P Infra Projects","B","1.0000","1","ES","E","BSE","67.3300","44.8900","","","1621459"
"500357","RAMAPPR-B","Rama Paper Mills","Z","1.0000","1","ES","E","BSE","13.9300","12.6100","","","80000"
"500550","SIEMENS","Siemens","A","5.0000","1","ES","E","BSE","3227.0000","2640.3000","","","33831"
"20092","TASTYBITE","Tasty Bite Eatables","EQ","50.0000","1","ES","E","NSE","7838.0000","5226.0000","","","15308"
"526951","STYLAMIND","Stylam Industries","B","5.0000","1","ES","E","BSE","2592.3500","1728.2500","","","46200"
"8840","USHAMART","Usha Martin","EQ","5.0000","1","ES","E","NSE","469.7000","313.2000","","","255373"
"5143","JAICORPLTD","Jai Corp","EQ","1.0000","1","ES","E","NSE","106.5100","71.0100","","","1126566"
"532650","MSPL","MSP Steel & Power","B","1.0000","1","ES","E","BSE","29.2400","23.9400","","","3780533"
"536565","NOVELIX","Novelix Pharmaceuticals","X","1.0000","1","ES","E","BSE","61.3500","50.2100","","","80000"
"25718","POLYMED","Poly Medicure","EQ","10.0000","1","ES","E","NSE","1429.3000","952.9000","","","83925"
"25574","SHAKTIPUMP","Shakti Pumps","EQ","5.0000","1","ES","E","NSE","551.9000","368.0000","","","217303"
"519014","PRSNTIN","Prashant India","X","1.0000","1","ES","E","BSE","13.8600","12.5400","","","80000"
"507998","SIMMOND","Simmonds Marshall","X","5.0000","1","ES","E","BSE","153.4000","102.3000","","","80000"
"532523","BIOCON","Biocon","A","5.0000","1","ES","E","BSE","396.9000","324.8000","","","275554"
"7852","INOXWIND","Inox Wind","EQ","1.0000","1","ES","E","NSE","83.0300","67.9500","","","1323830"
"523537","APMIN","APM Industries","X","1.0000","1","ES","E","BSE","48.0600","32.0400","","","80000"
"18571","GNA","GNA Axles Ltd","EQ","5.0000","1","ES","E","NSE","428.0000","285.4000","","","280338"
"16669","BAJAJ-AUTO","Bajaj Auto","EQ","50.0000","1","ES","E","NSE","9659.5000","7903.5000","","","11179"
"532921","ADANIPORTS","Adani Ports","A","5.0000","1","ES","E","BSE","1444.7000","1182.1000","","","76030"
"541233","LEMONTREE","Lemon Tree Hotels","A","5.0000","1","ES","E","BSE","120.5000","80.4000","","","995061"
"512597","KEYFINSERV","Keynote Financial Service","B","5.0000","1","ES","E","BSE","269.2500","179.5500","","","182029"
"509557","GARFIBRES","Garware Technical Fibres","A","5.0000","1","ES","E","BSE","724.6500","483.1500","","","164880"
"14745","ADVANIHOTR","Advani Hotels & Resorts","EQ","1.0000","1","ES","E","NSE","56.5200","37.6800","","","2123127"
"523319","BALMLAWRIE","Balmer Lawrie &","B","5.0000","1","ES","E","BSE","178.9500","119.3500","","","670677"
"504258","LAKSELEC","Lakshmi Elec Control Systems","X","5.0000","1","ES","E","BSE","899.8000","599.9000","","","80000"
"511505","CAPTRUST","Capital Trust","T","1.0000","1","ES","E","BSE","11.6500","10.5500","","","1112434"
"513709","SHILGRAVQ","Shilp Gravures","X","5.0000","1","ES","E","BSE","158.6000","105.8000","","","80000"
"27297","RTNINDIA","Rattanindia Ent Limited","EQ","1.0000","1","ES","E","NSE","30.7900","20.5300","","","3896617"
"505533","WESTLIFE","Westlife Foodworld","A","5.0000","1","ES","E","BSE","580.3000","386.9000","","","207706"
"539697","HILIKS","Hiliks Technologies Limited","X","1.0000","1","ES","E","BSE","43.2100","35.3700","","","80000"
"513119","ONIXSOLAR","Onix solar energy","XT","5.0000","1","ES","E","BSE","760.4000","730.6000","","","80000"
"500400","TATAPOWER","Tata Power","A","5.0000","1","ES","E","BSE","416.5500","340.8500","","","262017"
"526947","LAOPALA","La Opala RG","B","5.0000","1","ES","E","BSE","196.7000","131.2000","","","609722"
"20374","COALINDIA","Coal India","EQ","5.0000","1","ES","E","NSE","495.4500","405.4500","","","221858"
"8054","KTKBANK","Karnataka Bank","EQ","1.0000","1","ES","E","NSE","267.5500","178.3700","","","448145"
"511535","NDASEC","NDA Securities","XT","1.0000","1","ES","E","BSE","37.2700","33.7300","","","80000"
"532700","ENIL","Entertainment Network","B","1.0000","1","ES","E","BSE","119.8800","79.9200","","","1004606"
"511758","MANSIFIN","Mansi Finance (Chennai)","X","1.0000","1","ES","E","BSE","70.4000","57.6000","","","80000"
"539227","LOYAL","Loyal Equipments","X","5.0000","1","ES","E","BSE","183.8000","122.6000","","","80000"
"517236","CALCOM","Calcom Vision","X","1.0000","1","ES","E","BSE","71.6900","64.8700","","","80000"
"500192","PRAGBOS","Prag Bosimi Synthetics Lt","X","1.0000","1","ES","E","BSE","1.7000","1.1400","","","80000"
"531210","COLINZ","Colinz Laboratories","XT","1.0000","1","ES","E","BSE","46.7200","42.2800","","","80000"
"532729","UTTAMSUGAR","Uttam Sugar Mills","B","5.0000","1","ES","E","BSE","297.3000","198.2000","","","400221"
"514326","PATSPINLTD","Patspin India","X","1.0000","1","ES","E","BSE","7.7600","5.1800","","","80000"
"11253","WELSPUNLIV","Welspun India","EQ","1.0000","1","ES","E","NSE","129.9800","86.6600","","","922704"
"511676","GICHSGFIN","GIC Housing Finance","B","5.0000","1","ES","E","BSE","158.1500","105.4500","","","761507"
"15214","DVL","Dhunseri Ventures","EQ","1.0000","1","ES","E","NSE","224.8600","149.9200","","","533637"
"537536","DENISCHEM","Denis Chem Lab","X","1.0000","1","ES","E","BSE","67.8400","45.2400","","","80000"
"2988","SANDESH","Sandesh","EQ","5.0000","1","ES","E","NSE","986.1500","657.4500","","","121678"
"14523","ICRA","ICRA","EQ","50.0000","1","ES","E","NSE","6003.5000","4002.5000","","","19987"
"526492","RISHIROOP","Rishiroop","X","1.0000","1","ES","E","BSE","86.7600","57.8400","","","80000"
"1672","HGINFRA","H.G.Infra Engineering","EQ","5.0000","1","ES","E","NSE","517.8000","345.2000","","","231748"
"533298","SURANASOL","Surana Solar","B","1.0000","1","ES","E","BSE","22.2600","14.8400","","","1609055"
"512519","DONEAR","Donear Industries","B","1.0000","1","ES","E","BSE","95.9800","64.0000","","","1252783"
"500825","BRITANNIA","Britannia Industries","A","5.0000","1","ES","E","BSE","5969.0000","4883.8000","","","18305"
"542652","POLYCAB","Polycab India","A","5.0000","1","ES","E","BSE","7525.1500","6156.9500","","","14603"
"530363","UGARSUGAR","Ugar Sugar Works","B","1.0000","1","ES","E","BSE","46.8800","31.2600","","","2551612"
"508933","AYMSYNTEX","AYM Syntex","B","5.0000","1","ES","E","BSE","216.0000","144.0000","","","552302"
"532929","BRIGADE","Brigade Enterprises","A","5.0000","1","ES","E","BSE","781.0000","520.7000","","","153604"
"533339","ZENTEC","Zen Technologies","A","5.0000","1","ES","E","BSE","1533.4500","1022.3500","","","78101"
"500202","INDLEASE","India Lease Development","X","1.0000","1","ES","E","BSE","7.9800","7.2200","","","80000"
"532761","HGM","Handson Global Management","B","1.0000","1","ES","E","BSE","54.5400","36.3600","","","411855"
"539742","SIMBHALS","Simbhaoli Sugars","Z","1.0000","1","ES","E","BSE","7.3700","6.6700","","","1349823"
"29050","ZUARI","Zuari Agro Chemicals","EQ","1.0000","1","ES","E","NSE","217.4000","144.9400","","","551927"
"524768","EMMESSA","Emmessar Biotech & Nutrit","X","1.0000","1","ES","E","BSE","28.2700","18.8500","","","80000"
"530317","GODAVARI","Godavari Drugs","X","1.0000","1","ES","E","BSE","103.2200","68.8200","","","80000"
"512018","TTGIL","Tomorrow Technologies Global Innovations","X","1.0000","1","ES","E","BSE","10.0800","6.7200","","","80000"
"21001","PSB","Punjab & Sind Bank","EQ","1.0000","1","ES","E","NSE","24.7900","16.5300","","","4839189"
"502589","VAPIENTER","Vapi Paper Mills","X","1.0000","1","ES","E","BSE","94.5000","85.5000","","","80000"
"512425","NIRAVCOM","Nirav Commercials","X","5.0000","1","ES","E","BSE","678.9000","614.3000","","","80000"
"530665","ZENITHHE","Zenith Health Care","X","1.0000","1","ES","E","BSE","2.9000","1.9400","","","80000"
"500246","ENVAIREL","Envair Electrodyne","X","1.0000","1","ES","E","BSE","46.2600","41.8600","","","80000"
"527001","ASHAPURMIN","Ashapura Minechem","A","5.0000","1","ES","E","BSE","552.6500","368.4500","","","217608"
"16725","RPGLIFE","RPG Life Sciences","EQ","10.0000","1","ES","E","NSE","2229.2000","1486.2000","","","53817"
"516064","ARROWGREEN","Arrow Greentech","B","5.0000","1","ES","E","BSE","550.6500","367.1500","","","217854"
"507747","TTKHLTCARE","TTK Healthcare","B","5.0000","1","ES","E","BSE","888.7500","592.5500","","","135199"
"507912","LKPFIN","LKP Finance","B","5.0000","1","ES","E","BSE","175.2000","143.4000","","","80000"
"539111","SHESHAINDS","Sheshadri Industries Limited","X","1.0000","1","ES","E","BSE","14.9600","13.5400","","","80000"
"539255","STARDELTA","Star Delta Transformers","X","5.0000","1","ES","E","BSE","490.6000","327.1000","","","80000"
"539143","PANTH","Panth Infinity","X","1.0000","1","ES","E","BSE","7.7400","5.1600","","","80000"
"533303","BFINVEST","BF Investment","B","5.0000","1","ES","E","BSE","383.5500","255.7500","","","314750"
"7413","MANAKCOAT","Man Coat Metal & Ind","EQ","1.0000","1","ES","E","NSE","116.0600","77.3800","","","1033892"
"506543","MPAGI","M.P.Agro Ind.","XT","1.0000","1","ES","E","BSE","9.9200","8.9800","","","80000"
"3718","VOLTAS","Voltas","EQ","10.0000","1","ES","E","NSE","1400.0000","1145.6000","","","78419"
"981","EPL","Essel Propack","EQ","1.0000","1","ES","E","NSE","246.3200","164.2200","","","486863"
"480","BIRLACORPN","Birla Corporation","EQ","5.0000","1","ES","E","NSE","1001.4000","667.6000","","","119820"
"539383","MAHAVEER","Mahaveer Infoway","Z","1.0000","1","ES","E","BSE","9.3900","8.5100","","","80000"
"163","APOLLOTYRE","Apollo Tyres","EQ","5.0000","1","ES","E","NSE","494.7500","329.8500","","","241973"
"539770","DARJEELING","Darjeeling Industries","XT","1.0000","1","ES","E","BSE","32.5900","29.4900","","","80000"
"27095","SWANCORP","Swan Corp","EQ","5.0000","1","ES","E","NSE","360.0000","240.0000","","","333204"
"524109","KABRAEXTRU","Kabra Extrusiontechnik","B","5.0000","1","ES","E","BSE","219.1000","146.1000","","","546415"
"530711","JAGANLAM","Jagan Lamps","X","1.0000","1","ES","E","BSE","47.1800","31.4600","","","80000"
"20110","GREENPOWER","Orient Green Power","EQ","1.0000","1","ES","E","NSE","9.6400","6.4400","","","12437560"
"500770","TATACHEM","Tata Chemicals","A","5.0000","1","ES","E","BSE","699.7500","466.5500","","","171450"
"531225","XTGLOBAL","Xtglobal Infotech","B","1.0000","1","ES","E","BSE","31.2100","20.8100","","","3824000"
"14937","CIEINDIA","Mahindra Cie Auto","EQ","5.0000","1","ES","E","NSE","534.0000","356.0000","","","224582"
"503101","MARATHON","Marathon Nextgen Realty","B","5.0000","1","ES","E","BSE","454.5500","303.0500","","","262535"
"526371","NMDC","NMDC","A","1.0000","1","ES","E","BSE","83.8900","68.6500","","","1309980"
"532216","HBSL","HB Stockholdings","B","1.0000","1","ES","E","BSE","45.6800","41.3400","","","233401"
"530871","CHEMBOND","Chembond Chemicals","B","5.0000","1","ES","E","BSE","127.7000","85.2000","","","439759"
"277","GICRE","General Ins Corp Of India","EQ","5.0000","1","ES","E","NSE","435.5000","290.4000","","","275440"
"531591","BAMPSL","Bampsl Securities","X","1.0000","1","ES","E","BSE","20.1400","18.2400","","","80000"
"526967","HEERAISP","Heera Ispat","X","1.0000","1","ES","E","BSE","5.3200","4.3600","","","80000"
"539523","ALKEM","Alkem Laboratories","A","5.0000","1","ES","E","BSE","5833.6000","4773.0000","","","18771"
"519174","ASHAI","Ashiana Agro Industries L","XT","1.0000","1","ES","E","BSE","7.3700","6.6700","","","80000"
"19061","MANAPPURAM","Manappuram Finance","EQ","5.0000","1","ES","E","NSE","276.2000","226.0000","","","397824"
"4105","SILINV","Sil Investments","EQ","5.0000","1","ES","E","NSE","457.8500","305.2500","","","262088"
"524212","WANBURY","Wanbury","T","5.0000","1","ES","E","BSE","233.6500","211.4500","","","450543"
"20621","PENIND","Pennar Industries","EQ","1.0000","1","ES","E","NSE","157.1000","104.7400","","","763795"
"507598","KLRFM","Kovilpatti Lakshmi Roller","X","1.0000","1","ES","E","BSE","107.2800","71.5200","","","80000"
"512600","ASTALLTD","Astal laboratories","X","1.0000","1","ES","E","BSE","78.4300","52.2900","","","80000"
"29284","VMART","VMART Retail","EQ","5.0000","1","ES","E","NSE","572.6000","381.8000","","","209531"
"532998","LOTUSEYE","Lotus Eye Hospital","B","5.0000","1","ES","E","BSE","106.4000","96.3000","","","680039"
"7982","GRWRHITECH","Garware Hi-Tech Films","EQ","10.0000","1","ES","E","NSE","3720.6000","3044.2000","","","29551"
"533605","SETUINFRA","Setubandhan Infra","Z","1.0000","1","ES","E","BSE","0.4000","0.3800","","","4109679"
"14757","WINSOME","Winsome Yarns Limited","BZ","1.0000","1","ES","E","NSE","1.6700","1.6100","","","2312126"
"590013","XPROINDIA","Xpro India","B","5.0000","1","ES","E","BSE","1213.2500","808.8500","","","98763"
"524336","SHHARICH","Shree Hari Chemicals Expo","X","1.0000","1","ES","E","BSE","98.1700","88.8300","","","80000"
"532320","VAARAD","Vaarad Ventures","X","1.0000","1","ES","E","BSE","8.9900","8.1500","","","80000"
"13976","TANLA","Tanla Platforms","EQ","5.0000","1","ES","E","NSE","452.9000","302.0000","","","264836"
"11033","SANGINITA","Sanginita Chemicals Ltd","BE","1.0000","1","ES","E","NSE","19.1300","18.3900","","","846980"
"539113","PML","Paul Merchants","X","5.0000","1","ES","E","BSE","492.9000","328.6000","","","80000"
"11935","SPLIL","SPL Industries","EQ","1.0000","1","ES","E","NSE","25.8000","17.2000","","","948300"
"14627","HILTON","Hilton Metal Forging","EQ","1.0000","1","ES","E","NSE","27.3200","22.3600","","","1682956"
"539176","HAWAENG","Hawa Engineers","X","1.0000","1","ES","E","BSE","77.3200","51.5600","","","80000"
"539814","LELAVOIR","Le Lavoir","X","5.0000","1","ES","E","BSE","224.8000","203.4000","","","80000"
"11915","YESBANK","Yes Bank","EQ","1.0000","1","ES","E","NSE","18.9700","15.5300","","","5773852"
"539121","PALCO","Palco Metals","X","1.0000","1","ES","E","BSE","103.2300","84.4700","","","80000"
"14702","NAGREEKEXP","Nagreeka Exports","EQ","1.0000","1","ES","E","NSE","21.8400","14.5600","","","1021850"
"25690","DSSL","Dynacons Sys & Soln","EQ","5.0000","1","ES","E","NSE","941.8000","627.9000","","","127406"
"21275","SUMMITSEC","Summit Securities","EQ","10.0000","1","ES","E","NSE","1582.5000","1055.1000","","","75821"
"531489","CGVAK","Cg-Vak Software & Exports","X","5.0000","1","ES","E","BSE","194.4500","129.6500","","","80000"
"513519","PITTIENG","Pitti Engineering","B","5.0000","1","ES","E","BSE","824.4500","549.6500","","","145267"
"540647","GANGESSECU","Ganges Securities","B","5.0000","1","ES","E","BSE","124.2000","82.8000","","","327120"
"506405","DMCC","DMCC Speciality Chemicals","B","5.0000","1","ES","E","BSE","239.1500","159.4500","","","506155"
"542231","NILASPACES","Nila Spaces","B","1.0000","1","ES","E","BSE","14.0000","9.3400","","","8650200"
"14828","WSI","W.S.Industries (I) Ltd.","EQ","1.0000","1","ES","E","NSE","76.4100","50.9500","","","1570340"
"533273","OBEROIRLTY","Oberoi Realty","A","5.0000","1","ES","E","BSE","1558.8000","1275.4000","","","70175"
"500444","WSTCSTPAPR","West Coast Paper Mills","B","5.0000","1","ES","E","BSE","486.7500","324.5500","","","245834"
"1076","ZENSARTECH","Zensar Technologies","EQ","5.0000","1","ES","E","NSE","617.4500","411.6500","","","194280"
"13565","RAMANEWS","Shree Rama Newsprint","EQ","1.0000","1","ES","E","NSE","35.7000","23.8000","","","3361289"
"500467","HARRMALAYA","Harrisons Malayalam","B","5.0000","1","ES","E","BSE","205.2000","136.8000","","","580404"
"18371","NDGL","Naga Dhunseri Group","EQ","10.0000","1","ES","E","NSE","2622.9000","1748.7000","","","32699"
"523445","RIIL","Reliance Industrial Infra Ltd","B","5.0000","1","ES","E","BSE","750.3000","500.2000","","","160150"
"531624","COUNCODOS","Country Condos","B","1.0000","1","ES","E","BSE","4.7600","3.1800","","","2537431"
"539405","DITCO","Decorous Investment And Trading","X","1.0000","1","ES","E","BSE","16.0000","14.4800","","","80000"
"3672","SOLARA","Solara Active Pharma Sci.","EQ","5.0000","1","ES","E","NSE","510.6500","340.4500","","","234978"
"504132","PERMAGN","Permanent Magnets","X","5.0000","1","ES","E","BSE","762.1000","508.1000","","","80000"
"540545","GKL","Bhakti Gems And Jewellery","XT","1.0000","1","ES","E","BSE","38.1200","34.5000","","","80000"
"540047","DBL","Dilip Buildcon","A","5.0000","1","ES","E","BSE","465.7500","310.5500","","","258124"
"590024","FACT","Fertilizers & Chemicals T","B","5.0000","1","ES","E","BSE","905.2500","603.5500","","","133296"
"531324","ROSELABS","Roselabs Finance","X","1.0000","1","ES","E","BSE","23.8200","21.5600","","","80000"
"531241","LINC","Linc Pen & Plastics","B","1.0000","1","ES","E","BSE","103.6200","69.0800","","","1155101"
"590021","BHARATRAS","Bharat Rasayan","B","5.0000","1","ES","E","BSE","1450.9000","967.3000","","","82623"
"18124","DBREALTY","D B Realty","EQ","1.0000","1","ES","E","NSE","100.7600","67.1800","","","1190582"
"538862","MYMONEY","My Money Securities","X","1.0000","1","ES","E","BSE","49.7700","40.7300","","","80000"
"11543","COFORGE","Coforge Limited","EQ","10.0000","1","ES","E","NSE","1226.1000","1003.3000","","","89658"
"1467","AKZOINDIA","Akzo Nobel India","EQ","10.0000","1","ES","E","NSE","3413.6000","2275.8000","","","35111"
"524280","KOPRAN","Kopran","B","5.0000","1","ES","E","BSE","129.4500","86.3500","","","925576"
"25876","MORARJEE","Morarjee Textiles Limited","BZ","1.0000","1","ES","E","NSE","6.1600","5.5800","","","1188067"
"24969","WINDMACHIN","Windsor Machines Limited","EQ","1.0000","1","ES","E","NSE","246.6600","164.4400","","","486454"
"530017","SIL","Standard Industries","B","1.0000","1","ES","E","BSE","14.1900","9.4700","","","2103556"
"500319","INDSUCR","Indian Sucrose","X","1.0000","1","ES","E","BSE","85.9500","57.3100","","","80000"
"526987","URJA","Urja Global","B","1.0000","1","ES","E","BSE","9.6200","6.4200","","","12484246"
"502250","LERTHAI","Lerthai Finance","XT","5.0000","1","ES","E","BSE","502.8000","455.0000","","","80000"
"507981","JINDHOT","Jindal Hotels","X","1.0000","1","ES","E","BSE","64.8200","43.2200","","","80000"
"530537","MANRAJH","Manraj Housing Finance","X","1.0000","1","ES","E","BSE","46.2100","41.8100","","","80000"
"531027","LIBORD","Libord Securities","X","1.0000","1","ES","E","BSE","16.8000","15.2000","","","80000"
"539332","NAVKARCORP","Navkar Corporation","B","1.0000","1","ES","E","BSE","89.7200","59.8200","","","1339921"
"530369","VAMSHIRU","Vamshi Rubber","X","1.0000","1","ES","E","BSE","44.4000","29.6000","","","80000"
"347","BANARBEADS","Banaras Beads","EQ","1.0000","1","ES","E","NSE","122.7100","81.8100","","","217004"
"532416","NEXTMEDIA","Next Mediaworks","B","1.0000","1","ES","E","BSE","4.4000","2.9400","","","2187398"
"524709","NACLIND","NACL Industries","B","5.0000","1","ES","E","BSE","130.6000","118.2000","","","797751"
"532304","KJMCCORP","Kjmc Corporate Advisors","X","1.0000","1","ES","E","BSE","52.9300","35.2900","","","80000"
"1663","SUNDROP","Agro Tech Foods","EQ","5.0000","1","ES","E","NSE","673.0000","448.7000","","","178268"
"11355","PTC","PTC India","EQ","1.0000","1","ES","E","NSE","189.0600","126.0400","","","634641"
"507155","JAGAJITIND","Jagatjit Ind.","X","5.0000","1","ES","E","BSE","135.9500","111.2500","","","80000"
"531017","ARISE","Arihants Securities","X","1.0000","1","ES","E","BSE","17.6800","11.8000","","","80000"
"531340","BERVINL","Bervin Investment & Leasing","X","1.0000","1","ES","E","BSE","69.8200","63.1800","","","80000"
"532329","DANLAW","Danlaw Technologies India","X","5.0000","1","ES","E","BSE","529.7000","353.2000","","","80000"
"532828","AMDIND","AMD Industries","B","1.0000","1","ES","E","BSE","42.2700","28.1900","","","626752"
"526095","RALEGRA","Ravileela Granites","X","1.0000","1","ES","E","BSE","44.9800","30.0000","","","80000"
"506166","APIS","Apis India","XT","1.0000","1","ES","E","BSE","60.4200","54.6800","","","80000"
"532521","PALREDTEC","Palred Technologies Limited","B","1.0000","1","ES","E","BSE","27.6200","25.0000","","","400004"
"532371","TTML","Tata Teleservice Maharashtra","A","1.0000","1","ES","E","BSE","37.5400","25.0400","","","3188487"
"522074","ELGIEQUIP","Elgi Equipments","A","5.0000","1","ES","E","BSE","561.0000","374.0000","","","213913"
"511742","UGROCAP","Ugro Capital","B","1.0000","1","ES","E","BSE","97.5000","65.0000","","","1229898"
"539978","QUESS","Quess Corp","A","5.0000","1","ES","E","BSE","202.6000","135.1000","","","589111"
"15174","TARIL","Trans & Recti.","EQ","5.0000","1","ES","E","NSE","305.2000","203.5000","","","392917"
"532644","JKCEMENT","JK Cement","A","5.0000","1","ES","E","BSE","6093.4000","4062.3000","","","19626"
"570002","FELDVR","Future Enterprises Ltd DVR","Z","1.0000","1","ES","E","BSE","2.8700","2.6100","","","1287552"
"21484","STEL","Stel Holdings","EQ","5.0000","1","ES","E","NSE","506.8500","337.9500","","","236727"
"17833","AHLUCONT","Ahluwalia Contracts","EQ","5.0000","1","ES","E","NSE","786.4000","524.3000","","","152530"
"11965","VIVIMEDLAB","Vivimed Labs","EQ","1.0000","1","ES","E","NSE","5.5400","5.0200","","","2711285"
"540005","LTM","LTIMindtree Ltd","A","5.0000","1","ES","E","BSE","4416.9500","3613.9500","","","24905"
"500227","JINDALPOLY","Jindal Poly Films","B","5.0000","1","ES","E","BSE","776.7500","702.8500","","","134949"
"10099","GODREJCP","Godrej Consumer Products","EQ","5.0000","1","ES","E","NSE","1083.2500","886.3500","","","101301"
"509546","GRAVISSHO","Graviss Hospitality","X","1.0000","1","ES","E","BSE","33.0100","22.0100","","","80000"
"523862","GRANDOAK","Grand OAK Canyons Distillery","B","1.0000","1","ES","E","BSE","31.5200","28.5200","","","80000"
"538894","OCTAL","Octal Credit Capital","XT","1.0000","1","ES","E","BSE","23.4600","21.2400","","","80000"
"12124","DOLATALGO","Dolat Investments","EQ","1.0000","1","ES","E","NSE","79.1500","52.7700","","","1516063"
"999","EUROTEXIND","Eurotex Industries","EQ","1.0000","1","ES","E","NSE","13.7300","12.4300","","","286120"
"500147","COCKERILL","John Cockerill India","B","5.0000","1","ES","E","BSE","4898.6000","3265.8000","","","80000"
"532642","JSWHL","JSW Holdings","A","5.0000","1","ES","E","BSE","11885.3500","10753.4500","","","8846"
"540743","GODREJAGRO","Godrej Agrovet","A","5.0000","1","ES","E","BSE","641.2000","427.5000","","","186943"
"530765","AGARWAL","Agarwal Fortune India","X","1.0000","1","ES","E","BSE","19.4200","17.5800","","","80000"
"14657","INSECTICID","Insecticides (India)","EQ","5.0000","1","ES","E","NSE","634.0500","422.7500","","","189223"
"526169","MULTIBASE","Multibase India","X","5.0000","1","ES","E","BSE","193.7000","129.2000","","","80000"
"500253","LICHSGFIN","LIC Housing Finance","A","5.0000","1","ES","E","BSE","544.7000","445.7000","","","201873"
"530961","VIKASECO","Vikas Ecotech","B","1.0000","1","ES","E","BSE","1.1800","0.8000","","","57836686"
"13421","EMKAY","Emkay Global Fin Serv","EQ","1.0000","1","ES","E","NSE","207.1400","169.4800","","","531035"
"541358","UCIL","Shree Worstex","X","1.0000","1","ES","E","BSE","102.0000","68.0000","","","80000"
"910","EICHERMOT","Eicher Motors","EQ","50.0000","1","ES","E","NSE","7244.5000","5927.5000","","","15087"
"11905","GENUSPOWER","Genus Power Infrastructures","EQ","1.0000","1","ES","E","NSE","257.8800","171.9200","","","465148"
"542367","XELPMOC","Xelpmoc Design & Tech","B","1.0000","1","ES","E","BSE","101.1000","67.4000","","","482635"
"514043","HIMATSEIDE","Himatsingka Seide","B","1.0000","1","ES","E","BSE","86.9600","57.9800","","","1376626"
"532230","BENGALT","Bengal Tea & Fabrics","X","5.0000","1","ES","E","BSE","163.2000","108.8000","","","80000"
"505537","ZEEL","Zee Entertainment","A","1.0000","1","ES","E","BSE","86.4200","57.6200","","","1386029"
"530281","QUANTDIA","Quantum Digital Vision","X","1.0000","1","ES","E","BSE","17.0500","15.4300","","","80000"
"524506","CORALAB","Coral Laboratories","X","5.0000","1","ES","E","BSE","444.6500","296.4500","","","80000"
"500690","GSFC","Gujarat State Fertilizers","A","5.0000","1","ES","E","BSE","167.0000","111.4000","","","718056"
"502180","SHREDIGCEM","Shree Digvijay Cement","B","1.0000","1","ES","E","BSE","76.7200","51.1600","","","1756095"
"526365","SWARNSAR","Swarnsarita Gems","X","1.0000","1","ES","E","BSE","35.8200","23.8800","","","80000"
"539692","IFINSER","Interactive Financial Services","X","1.0000","1","ES","E","BSE","16.2200","10.8200","","","80000"
"532869","TARMAT","Tarmat","T","1.0000","1","ES","E","BSE","52.9600","47.9200","","","819601"
"13821","RUCHIRA","Ruchira Papers","EQ","1.0000","1","ES","E","NSE","115.2000","76.8000","","","975931"
"530135","OPTIEMUS","Optiemus Infracom","B","5.0000","1","ES","E","BSE","352.0500","234.7500","","","341540"
"533519","LTF","L&T Finance Limited","A","5.0000","1","ES","E","BSE","264.2000","216.2000","","","415728"
"523782","MITSHI","Mitshi India","X","1.0000","1","ES","E","BSE","17.1000","11.4000","","","80000"
"526881","63MOONS","63 Moons Technologies","A","5.0000","1","ES","E","BSE","563.5000","375.7000","","","212606"
"30108","ABFRL","Aditya Birla Fashion","EQ","1.0000","1","ES","E","NSE","64.6600","43.1200","","","1855175"
"532798","NETWORK18","Network18 Media","A","1.0000","1","ES","E","BSE","33.0300","22.0300","","","3632952"
"531357","MERCURYEV","Mercury Metals","X","1.0000","1","ES","E","BSE","22.3600","18.3000","","","80000"
"523229","BHARATSE","Bharat Seats","B","5.0000","1","ES","E","BSE","169.4000","113.0000","","","710142"
"539542","LUXIND","Lux Industries","B","5.0000","1","ES","E","BSE","990.4000","660.3000","","","121068"
"20302","PRESTIGE","Prestige Estates Projects","EQ","10.0000","1","ES","E","NSE","1239.1000","1013.9000","","","88730"
"514223","RAMGOPOLY","Ramgopal Polytex","XT","1.0000","1","ES","E","BSE","20.0700","18.1700","","","80000"
"11872","GRANULES","Granules India","EQ","5.0000","1","ES","E","NSE","744.4500","496.3500","","","161067"
"524202","LACTOSE","Lactose","X","1.0000","1","ES","E","BSE","96.4900","64.3300","","","80000"
"31507","JPOLYINVST","Jind Pol Inv & Fin Co","EQ","10.0000","1","ES","E","NSE","1235.2000","823.6000","","","97140"
"533260","CPCAP","CP Capital","B","1.0000","1","ES","E","BSE","91.6000","61.0800","","","594909"
"530067","CSLFINANCE","CSL Finance","B","5.0000","1","ES","E","BSE","264.1500","176.1500","","","454536"
"520121","ARCEEIN","Arcee Industries","XT","1.0000","1","ES","E","BSE","18.7100","17.9900","","","80000"
"425","KHADIM","Khadim India","EQ","1.0000","1","ES","E","NSE","94.3000","62.8800","","","600973"
"532796","LUMAXTECH","Lumax Auto Technologies","A","5.0000","1","ES","E","BSE","1828.0000","1218.7000","","","65635"
"534804","CARERATING","Care Ratings","A","5.0000","1","ES","E","BSE","1727.8000","1151.9000","","","69017"
"514167","GANECOS","Ganesha Ecosphere","A","5.0000","1","ES","E","BSE","1022.7000","681.8000","","","117366"
"3748","WEIZMANIND","Weizmann","EQ","1.0000","1","ES","E","NSE","79.8000","53.2000","","","506648"
"533168","ROSSELLIND","Rossell India","B","1.0000","1","ES","E","BSE","50.4100","33.6100","","","2041404"
"6385","CCHHL","Country Club Hospitality","EQ","1.0000","1","ES","E","NSE","12.6900","8.4700","","","5345296"
"531437","PWASML","Prakash Woollen & Synthet","X","1.0000","1","ES","E","BSE","21.5200","14.3600","","","80000"
"538987","TALBROSENG","Talbros Engineering Limited","X","5.0000","1","ES","E","BSE","712.7000","475.2000","","","80000"
"532749","ALLCARGO","Allcargo Logistics","B","1.0000","1","ES","E","BSE","8.6000","5.7400","","","13926344"
"539112","SAB","Sab Industries","X","5.0000","1","ES","E","BSE","140.0000","126.7000","","","80000"
"500388","SKPMIL","Shree Krishna Paper Mills","X","1.0000","1","ES","E","BSE","94.8600","85.8400","","","80000"
"14299","PFC","Power Finance Corporation","EQ","5.0000","1","ES","E","NSE","417.4500","341.5500","","","260708"
"531049","NEELKAN","Neelkanth Rockminerals","Z","1.0000","1","ES","E","BSE","19.8200","17.9400","","","80000"
"539543","VALLEY","Valley Magnesite Company","X","1.0000","1","ES","E","BSE","13.7700","12.4700","","","80000"
"13810","GREENPANEL","Greenpanel Industries","EQ","1.0000","1","ES","E","NSE","205.6000","137.0800","","","583583"
"533106","OIL","Oil India","A","5.0000","1","ES","E","BSE","522.8500","427.8500","","","209832"
"500331","PIDILITIND","Pidilite Industries","A","5.0000","1","ES","E","BSE","1414.3000","1157.2000","","","77350"
"513269","MANINDS","Man Industries","B","5.0000","1","ES","E","BSE","381.7000","254.5000","","","314065"
"18208","ORIENTLTD","Orient Press","EQ","1.0000","1","ES","E","NSE","69.7000","46.4800","","","326999"
"530445","SUMERUIND","Sumeru Industries","X","1.0000","1","ES","E","BSE","1.6900","1.1300","","","80000"
"7457","HAVISHA","SRI Havisha Hosp & Infr L","EQ","1.0000","1","ES","E","NSE","1.3300","0.8900","","","5020620"
"17256","ALBERTDAVD","Albert David","EQ","5.0000","1","ES","E","NSE","704.4500","469.6500","","","170341"
"11058","SECURKLOUD","Securekloud Tech Limited","EQ","1.0000","1","ES","E","NSE","19.4000","15.8800","","","1092526"
"13776","GESHIP","Great Eastern Shipping Co.","EQ","10.0000","1","ES","E","NSE","1697.6000","1131.8000","","","70669"
"511333","VLSFINANCE","VLS Finance","B","5.0000","1","ES","E","BSE","251.7000","167.8000","","","481223"
"512499","SHALPRO","Shalimar Productions","X","1.0000","1","ES","E","BSE","0.5000","0.4900","","","80000"
"15068","RELIGARE","Religare Enterprises","EQ","1.0000","1","ES","E","NSE","242.5800","161.7200","","","494675"
"501425","BBTC","Bombay Burmah Trading","A","5.0000","1","ES","E","BSE","1584.9000","1056.6000","","","75632"
"509486","CAPRIHANS","Caprihans","X","1.0000","1","ES","E","BSE","64.2300","42.8300","","","80000"
"538795","SAPPL","Shree Ajit Pulp And Paper","X","5.0000","1","ES","E","BSE","322.8500","215.2500","","","80000"
"539407","GENCON","Generic Engineering Const.","B","1.0000","1","ES","E","BSE","48.9200","32.6200","","","1863449"
"11813","SHOPERSTOP","Shoppers Stop","EQ","5.0000","1","ES","E","NSE","346.8000","231.2000","","","345988"
"30835","PILITA","PIL Italica Lifestyle","EQ","1.0000","1","ES","E","NSE","7.6900","5.1300","","","7684499"
"19943","DEEPAKNTR","Deepak Nitrite","EQ","10.0000","1","ES","E","NSE","1544.1000","1029.5000","","","77607"
"500530","BOSCHLTD","Bosch","A","5.0000","1","ES","E","BSE","31606.4000","25859.8000","","","3450"
"4503","MPHASIS","Mphasis","EQ","10.0000","1","ES","E","NSE","2258.3000","1847.7000","","","48658"
"534680","SRGHFL","Srg Housing Finance","B","5.0000","1","ES","E","BSE","276.0500","184.0500","","","412283"
"13941","PRAENG","Prajay Engineers Syndicate","EQ","1.0000","1","ES","E","NSE","19.6400","16.0800","","","2286900"
"504918","SANDUMA","Sandur Manganese Iron Ores","B","5.0000","1","ES","E","BSE","206.1000","137.4000","","","581381"
"531091","UNITDCR","United Credit","X","1.0000","1","ES","E","BSE","23.3400","15.5600","","","80000"
"10310","AURUM","Majesco","EQ","1.0000","1","ES","E","NSE","185.8400","123.9000","","","645639"
"509874","SHALPAINTS","Shalimar Paints","B","1.0000","1","ES","E","BSE","43.3200","28.8800","","","2737355"
"507438","IFBAGRO","IFB Agro Industries","B","5.0000","1","ES","E","BSE","722.0000","653.3000","","","145583"
"523222","SRMENERGY","SRM Energy","XT","1.0000","1","ES","E","BSE","17.3600","15.7200","","","80000"
"3363","SUPREMEIND","Supreme Industries","EQ","10.0000","1","ES","E","NSE","4119.6000","3370.6000","","","26675"
"278","AUTOAXLES","Automotive Axles","EQ","10.0000","1","ES","E","NSE","1856.5000","1237.7000","","","64633"
"531797","SCANPRO","Scan Projects","X","5.0000","1","ES","E","BSE","120.5500","109.1000","","","80000"
"505893","HINDHARD","Hindustan Hardy","X","5.0000","1","ES","E","BSE","812.0000","541.4000","","","80000"
"539220","MISHKA","Mishka Exim","X","1.0000","1","ES","E","BSE","41.9500","37.9700","","","80000"
"2997","SANGHIIND","Sanghi Industries","EQ","1.0000","1","ES","E","NSE","57.6400","38.4400","","","2081590"
"501311","JAYBHCR","Jayabharat Credit","X","1.0000","1","ES","E","BSE","17.6100","15.9500","","","80000"
"540143","SAGARSOFT","Sagarsoft","X","1.0000","1","ES","E","BSE","79.2000","52.8000","","","80000"
"8050","MAHLIFE","Mahindra Lifespace Devltd","EQ","5.0000","1","ES","E","NSE","353.1000","235.4000","","","339641"
"513683","NLCINDIA","NLC India","A","5.0000","1","ES","E","BSE","322.3000","214.9000","","","371618"
"539408","KUBERJI","Kuber Udyog","X","1.0000","1","ES","E","BSE","11.9400","9.7800","","","80000"
"513117","AMFORG","Amforge Industries","X","1.0000","1","ES","E","BSE","8.2900","5.5300","","","80000"
"531568","ASHUTPM","Ashutosh Paper Mills Ltd.","X","1.0000","1","ES","E","BSE","6.5100","5.8900","","","80000"
"11239","NSIL","Nalwa Sons Investments","EQ","10.0000","1","ES","E","NSE","5676.6000","3784.4000","","","21135"
"500477","ASHOKLEY","Ashok Leyland","A","5.0000","1","ES","E","BSE","169.5500","138.7500","","","646124"
"531120","PATELENG","Patel Engineering","A","1.0000","1","ES","E","BSE","26.6700","17.7900","","","4504324"
"500013","ANSALAPI","Ansal Properties & Infras","Z","1.0000","1","ES","E","BSE","3.0300","2.9300","","","5147139"
"505324","MANUGRAPH","Manugraph India","B","1.0000","1","ES","E","BSE","11.5200","7.6800","","","994572"
"513436","SHAHALLOYS","Shah Alloys","B","1.0000","1","ES","E","BSE","65.9500","53.9700","","","647379"
"533047","IMFA","Indian Metals & Ferro All","B","5.0000","1","ES","E","BSE","1442.5500","961.7500","","","83143"
"530219","NUTRICIRCLE","Nutricircle","XT","5.0000","1","ES","E","BSE","375.9000","361.2000","","","80000"
"515055","ANANTRAJ","Anant Raj","A","5.0000","1","ES","E","BSE","486.7000","324.5000","","","246155"
"540081","SABEVENTS","Sab Events & Governance N","T","1.0000","1","ES","E","BSE","9.4300","8.5500","","","342817"
"500413","THOMASCOOK","Thomas Cook","A","1.0000","1","ES","E","BSE","107.4600","71.6400","","","1112920"
"13381","KKCL","Kewal Kiran Clothing","EQ","5.0000","1","ES","E","NSE","499.9500","333.3500","","","239968"
"4279","DENORA","De Nora India","EQ","5.0000","1","ES","E","NSE","817.8000","545.2000","","","146730"
"530233","AUROLAB","Auro Laboratories","XT","5.0000","1","ES","E","BSE","278.2500","251.7500","","","80000"
"524715","SUNPHARMA","Sun Pharmaceutical","A","5.0000","1","ES","E","BSE","1933.0500","1581.6500","","","55184"
"526971","DHOOTIN","Dhoot Industrial Finance","X","5.0000","1","ES","E","BSE","166.0000","110.7000","","","80000"
"14116","GANDHITUBE","Gandhi Special Tubes","EQ","5.0000","1","ES","E","NSE","909.8000","606.6000","","","131885"
"539800","CHDCHEM","Chd Chemicals","X","1.0000","1","ES","E","BSE","5.7100","3.8100","","","80000"
"760461","RAJESHEXPO","RAJESH EXPORTS LTD","BZ","1.0000","1","ES","E","NSE","84.3900","76.3700","","","1243930"
"533302","KICL","Kalyani Investment Co","B","5.0000","1","ES","E","BSE","4857.8000","3238.6000","","","24842"
"530925","RAMSONS","Ramsons Projects","XT","1.0000","1","ES","E","BSE","97.8000","88.5000","","","80000"
"539399","BELLACASA","Bella Casa Fashion & Retail","B","5.0000","1","ES","E","BSE","272.1000","181.4000","","","437771"
"532708","GVKPIL","GVK Power & Infra","T","1.0000","1","ES","E","BSE","2.4200","2.3400","","","42193370"
"4870","INDSWFTLAB","IND Swift Laboratories Lt","EQ","1.0000","1","ES","E","NSE","157.7100","105.1500","","","760782"
"15073","BVCL","Barak Valley Cem. Ltd.","EQ","1.0000","1","ES","E","NSE","38.4900","25.6700","","","724631"
"511176","PARSHWANA","Parshwanath Corp.","XT","1.0000","1","ES","E","BSE","99.2200","89.7800","","","80000"
"11072","AGRITECH","Agri-Tech India","EQ","1.0000","1","ES","E","NSE","103.0900","84.3500","","","194237"
"530313","KIMIABL","Kimia Biosciences","X","1.0000","1","ES","E","BSE","28.2600","18.8400","","","80000"
"500183","HFCL","HFCL","A","1.0000","1","ES","E","BSE","81.4900","54.3300","","","1472439"
"532686","KERNEX","Kernex Microsystems","B","5.0000","1","ES","E","BSE","1031.5000","687.7000","","","116676"
"534425","SPECIALITY","Speciality Restaurants","B","1.0000","1","ES","E","BSE","100.8600","67.2400","","","1190456"
"533317","OMKARCHEM","Omkar Speciality Chemical","Z","1.0000","1","ES","E","BSE","4.1400","3.7600","","","672900"
"3987","GREENPLY","Greenply Industries","EQ","1.0000","1","ES","E","NSE","216.3700","144.2500","","","554501"
"521151","DHANFAB","Dhanlaxmi Fabrics","X","1.0000","1","ES","E","BSE","59.9000","54.2000","","","80000"
"542176","ARYAN","Aryan Share & Stock Broke","X","1.0000","1","ES","E","BSE","18.8800","17.1000","","","80000"
"500027","ATUL","Atul","A","5.0000","1","ES","E","BSE","7647.5000","5098.4000","","","15692"
"11065","NATHBIOGEN","Nath Bio-Genes India","EQ","1.0000","1","ES","E","NSE","154.8200","103.2200","","","621430"
"3432","TATACONSUM","Tata Consumer Products","EQ","10.0000","1","ES","E","NSE","1116.2000","913.4000","","","97966"
"508922","MSRINDIA","MSR","Z","1.0000","1","ES","E","BSE","6.3000","5.7000","","","80000"
"13290","BLKASHYAP","B.L.Kashyap & Son Ltd","EQ","1.0000","1","ES","E","NSE","51.3700","34.2500","","","2335783"
"13796","MANALIPETC","Manali Petrochemicals","EQ","1.0000","1","ES","E","NSE","47.2500","31.5100","","","2539224"
"530075","ANTELOPUS","Antelopus Selan Energy","B","5.0000","1","ES","E","BSE","626.7500","512.8500","","","175530"
"532351","AKSHOPTFBR","Aksh Optifibre","B","1.0000","1","ES","E","BSE","4.7700","3.1900","","","5320223"
"4717","GAIL","GAIL","EQ","1.0000","1","ES","E","NSE","151.4800","123.9400","","","723260"
"539056","IMAGICAA","Imagicaaworld Entertainment","B","1.0000","1","ES","E","BSE","44.9500","29.9700","","","2669168"
"532992","CHLLTD","CHL","X","1.0000","1","ES","E","BSE","33.9600","22.6400","","","80000"
"501111","ZGOLDINV","Gold Rock Investments","XT","1.0000","1","ES","E","BSE","12.7400","11.5400","","","80000"
"539120","GRAMEVA","Bangalore Fort Farms Limited","X","1.0000","1","ES","E","BSE","57.2500","51.8100","","","80000"
"2705","PRAJIND","Praj Industries","EQ","5.0000","1","ES","E","NSE","381.6500","254.4500","","","314320"
"14766","V2RETAIL","V2 Retail","EQ","1.0000","1","ES","E","NSE","226.9200","151.2800","","","528724"
"531771","SHRADDHA","Towa Sokki","X","5.0000","1","ES","E","BSE","179.8000","119.9000","","","80000"
"519064","ZKHANDEN","Khandelwal Extraction","X","5.0000","1","ES","E","BSE","132.0000","119.5000","","","80000"
"530289","SPCAPIT","SP Capital Financing","X","1.0000","1","ES","E","BSE","60.2700","40.1900","","","80000"
"538647","PURSHOTTAM","Purshottam Investofin","X","1.0000","1","ES","E","BSE","34.3700","31.1100","","","80000"
"500480","CUMMINSIND","Cummins India","A","5.0000","1","ES","E","BSE","4950.3500","4050.3500","","","22175"
"531509","STEP2COR","Step Two Corporation","X","1.0000","1","ES","E","BSE","33.0700","29.9300","","","80000"
"539871","THYROCARE","Thyrocare Technologies","B","5.0000","1","ES","E","BSE","419.7000","279.8000","","","286020"
"4010","PVP","PVP Ventures Limited","EQ","1.0000","1","ES","E","NSE","25.8300","21.1500","","","4257079"
"530433","SHIVAAGRO","Shiva Global Agro Industr","X","1.0000","1","ES","E","BSE","46.6800","31.1200","","","80000"
"13585","ATLANTAA","Atlantaa","EQ","1.0000","1","ES","E","NSE","38.7300","25.8300","","","2665049"
"3162","SIMPLEXINF","Simplex Infrastructures","EQ","1.0000","1","ES","E","NSE","168.3600","112.2400","","","712728"
"590071","SUNDARMFIN","Sundaram Finance","B","5.0000","1","ES","E","BSE","5250.7500","3500.5500","","","22776"
"532721","VISASTEEL","Visa Steel","B","1.0000","1","ES","E","BSE","29.1000","26.3400","","","3524819"
"532454","BHARTIARTL","Bharti Airtel","A","5.0000","1","ES","E","BSE","1962.7000","1605.9000","","","54837"
"507410","WALCHANNAG","Walchandnagar Industries","B","5.0000","1","ES","E","BSE","157.8000","105.2000","","","759559"
"3018","SAURASHCEM","Saurashtra Cement","EQ","1.0000","1","ES","E","NSE","57.8600","38.5800","","","2073727"
"14096","SIYSIL","Siyaram Silk Mills","EQ","5.0000","1","ES","E","NSE","522.9500","348.6500","","","229436"
"512179","SUNTECK","Sunteck Realty","A","5.0000","1","ES","E","BSE","326.7500","217.8500","","","365930"
"532695","CELEBRITY","Celebrity Fashions","B","1.0000","1","ES","E","BSE","7.1700","4.7900","","","1951484"
"520021","OMAXAUTO","Omax Autos","B","1.0000","1","ES","E","BSE","110.0400","73.3600","","","698838"
"500730","NOCIL","NOCIL","B","5.0000","1","ES","E","BSE","184.3000","122.9000","","","650896"
"11860","JKPAPER","JK Paper","EQ","5.0000","1","ES","E","NSE","367.6500","245.1500","","","326268"
"9384","CREATIVEYE","Creative Eye","EQ","1.0000","1","ES","E","NSE","6.8000","4.5400","","","655904"
"531033","REGAL","Regal Entertainment & Con","X","1.0000","1","ES","E","BSE","22.7600","20.6000","","","80000"
"532419","SMARTLINK","Smartlink Holdings","B","5.0000","1","ES","E","BSE","126.0000","84.0000","","","326182"
"20063","SASTASUNDR","Sastasundar Ventures Ltd","EQ","5.0000","1","ES","E","NSE","308.3000","205.6000","","","389169"
"503696","SHRENTI","Shreenath Investments Co.","XT","1.0000","1","ES","E","BSE","86.6200","78.3800","","","80000"
"521141","ADITYASP","Aditya Spinners","X","1.0000","1","ES","E","BSE","15.8700","10.5900","","","80000"
"530421","KUWERIN","Kuwer Industries","X","1.0000","1","ES","E","BSE","11.8000","7.8800","","","80000"
"512587","ZODJRDMKJ","Zodiac-Jrd-Mkj","X","1.0000","1","ES","E","BSE","34.7500","23.1700","","","80000"
"590030","SPIC","Southern Petrochemicals L","B","1.0000","1","ES","E","BSE","66.5100","44.3500","","","1804253"
"530341","MUKESHB","Mukesh Babu Financial Ser","X","5.0000","1","ES","E","BSE","134.1500","89.4500","","","80000"
"25897","MINDACORP","Minda Corporation","EQ","5.0000","1","ES","E","NSE","606.7500","404.5500","","","197718"
"517246","BCCFUBA","BCC Fuba India","X","5.0000","1","ES","E","BSE","117.1500","95.8500","","","80000"
"532757","VOLTAMP","Voltamp Transformers","A","5.0000","1","ES","E","BSE","10422.4000","6948.3000","","","11513"
"531531","HATSUN","Hatsun Agro Product","A","5.0000","1","ES","E","BSE","1104.2000","736.2000","","","108255"
"500168","GOODYEAR","Goodyear","B","5.0000","1","ES","E","BSE","796.5500","531.0500","","","80000"
"524470","SYNCOMF","Syncom Formulations","B","1.0000","1","ES","E","BSE","12.3600","8.2400","","","9708319"
"13844","MMFL","MM Forgings","EQ","5.0000","1","ES","E","NSE","445.8500","297.2500","","","269121"
"543187","POWERINDIA","ABB Power Products And Sy","A","5.0000","1","ES","E","BSE","26634.4500","21791.8500","","","4100"
"526187","ASHRAM","Ashram Online.Com","X","1.0000","1","ES","E","BSE","4.7200","4.2800","","","80000"
"590075","LAMBODHARA","Lambodhara Textiles","B","1.0000","1","ES","E","BSE","99.6600","66.4400","","","339347"
"531412","RADIXIND","Radix Industries","XT","5.0000","1","ES","E","BSE","224.2500","202.9500","","","80000"
"10297","PPL","Prakash Pipes","EQ","1.0000","1","ES","E","NSE","196.9800","131.3200","","","609176"
"13658","GEECEE","GeeCee Ventures","EQ","1.0000","1","ES","E","NSE","265.5000","177.0000","","","451965"
"522017","FLUIDOM","Fluidomat","X","5.0000","1","ES","E","BSE","664.7000","443.2000","","","80000"
"539488","TFLL","Tirupati Fin-Lease","XT","1.0000","1","ES","E","BSE","15.0000","1.5000","","","80000"
"500547","BPCL","Bharat Petroleum","A","5.0000","1","ES","E","BSE","309.1500","252.9500","","","355757"
"524818","DYNAMIND","Dynamic Industries","X","1.0000","1","ES","E","BSE","109.2100","72.8100","","","80000"
"533293","KIRLOSENG","Kirloskar Oil Engines","A","5.0000","1","ES","E","BSE","1592.1500","1061.4500","","","75145"
"500085","CHAMBLFERT","Chambal Fertilizers","A","5.0000","1","ES","E","BSE","511.6000","341.1000","","","233980"
"17263","ARMANFIN","Arman Financial Services","EQ","10.0000","1","ES","E","NSE","1612.2000","1074.8000","","","74431"
"513303","MDRNSTL","Modern Steels","X","1.0000","1","ES","E","BSE","13.1400","8.7600","","","80000"
"531499","SYBLY","Sybly Industries","X","1.0000","1","ES","E","BSE","1.9400","1.7600","","","80000"
"526731","BRIGHTBR","Bright Brothers","X","5.0000","1","ES","E","BSE","228.3500","152.2500","","","80000"
"13622","BILVYAPAR","Binani Industries Ltd","BE","1.0000","1","ES","E","NSE","5.0400","4.5600","","","1025673"
"530133","AMCOIND","Amco India","X","1.0000","1","ES","E","BSE","72.6000","48.4000","","","80000"
"500365","WELSPLSOL","Welspun Specialty Solution","B","1.0000","1","ES","E","BSE","37.4800","25.0000","","","80000"
"7427","MANAKALUCO","Manak Aluminium Co. Ltd.","BE","1.0000","1","ES","E","NSE","22.8200","20.6600","","","2142963"
"514138","SURYALA","Suryalata Spinning Mills","X","5.0000","1","ES","E","BSE","352.6500","235.1500","","","80000"
"15044","DELTACORP","Delta Corporation","EQ","1.0000","1","ES","E","NSE","59.2000","39.4800","","","2026491"
"539196","AEL","Amba Enterprises","X","1.0000","1","ES","E","BSE","115.9800","77.3200","","","80000"
"928","ELECTCAST","Electrosteel Castings","EQ","1.0000","1","ES","E","NSE","88.3800","58.9200","","","1357533"
"532357","MUKTAARTS","Mukta Arts","B","1.0000","1","ES","E","BSE","45.6000","30.4000","","","738536"
"542011","GRSE","Garden Reach Shipbuilders","A","5.0000","1","ES","E","BSE","2364.9500","1576.6500","","","50631"
"530139","KREONFIN","Kreon Finnancial Services","X","1.0000","1","ES","E","BSE","29.5400","19.7000","","","80000"
"676","EXIDEIND","Exide Industries","EQ","5.0000","1","ES","E","NSE","316.6500","259.1500","","","346799"
"512197","SILVERO","Silver Oak Commercial","Z","1.0000","1","ES","E","BSE","4.7300","4.2900","","","80000"
"11626","WELENT","Welspun Enterprises","EQ","5.0000","1","ES","E","NSE","498.9000","332.6000","","","240424"
"539141","UFO","Ufo Moviez India","B","1.0000","1","ES","E","BSE","66.6900","44.4700","","","1269242"
"507910","FIBERWEB","Fiberweb","T","1.0000","1","ES","E","BSE","33.1400","30.0000","","","941488"
"515093","MADHAV","Madhav Marbles & Granites","B","1.0000","1","ES","E","BSE","36.6900","24.4700","","","292566"
"13457","KAMDHENU","Kamdhenu","EQ","1.0000","1","ES","E","NSE","20.7400","13.8400","","","5783675"
"532380","BABA","Baba Arts","XT","1.0000","1","ES","E","BSE","13.3100","12.7900","","","80000"
"18039","ADVENZYMES","Advanced Enzyme Tech","EQ","5.0000","1","ES","E","NSE","306.3500","204.2500","","","391631"
"532772","DCBBANK","DCB Bank","A","5.0000","1","ES","E","BSE","190.1000","126.8000","","","631398"
"540006","EASTWEST","East west freight carriers","X","1.0000","1","ES","E","BSE","2.4300","1.6300","","","80000"
"532896","MAGNUM","Magnum Ventures","B","1.0000","1","ES","E","BSE","20.4000","13.6000","","","2237050"
"14966","CSBBANK","CSB Bank","EQ","5.0000","1","ES","E","NSE","408.6000","272.4000","","","293538"
"2643","PFIZER","Pfizer","EQ","10.0000","1","ES","E","NSE","5664.6000","3776.4000","","","21181"
"501150","CENTRUM","Centrum Capital","B","1.0000","1","ES","E","BSE","33.1000","22.0800","","","3624241"
"532633","ALLDIGI","Allsec Technologies","B","5.0000","1","ES","E","BSE","842.1500","561.4500","","","142204"
"9683","KPITTECH","Kpit Technologies","EQ","5.0000","1","ES","E","NSE","698.2000","571.3000","","","157358"
"509488","GRAPHITE","Graphite India","A","5.0000","1","ES","E","BSE","739.8500","493.2500","","","161966"
"523586","INDTONER","Indian Toners & Developer","X","5.0000","1","ES","E","BSE","262.8000","175.2000","","","80000"
"523732","ECOBOAR","Ecoboard Industries Ltd.","X","1.0000","1","ES","E","BSE","62.9400","56.9600","","","80000"
"236","ASIANPAINT","Asian Paints","EQ","10.0000","1","ES","E","NSE","2381.7000","1948.7000","","","46041"
"532486","POKARNA","Pokarna","B","5.0000","1","ES","E","BSE","914.8500","748.5500","","","120357"
"916","EIDPARRY","EID Parry","EQ","5.0000","1","ES","E","NSE","930.6000","620.4000","","","128779"
"500150","FOSECOIND","FOSECO","B","5.0000","1","ES","E","BSE","5563.3000","3708.9000","","","21488"
"11820","MANGALAM","Mangalam Drugs & Organics","BE","1.0000","1","ES","E","NSE","28.5000","25.8000","","","517583"
"2859","RAYMOND","Raymond","EQ","5.0000","1","ES","E","NSE","386.2000","257.5000","","","310699"
"515043","SEKURITIND","Saint-Gobain Sekurit Indi","B","1.0000","1","ES","E","BSE","103.2300","68.8300","","","80000"
"19731","GPPL","Gujarat Pipavav Port","EQ","1.0000","1","ES","E","NSE","170.8600","113.9200","","","701954"
"14346","ORIENTALTL","Oriental Trimex","EQ","1.0000","1","ES","E","NSE","5.4000","3.6000","","","2403687"
"532733","SUNTV","Sun Tv Network","A","5.0000","1","ES","E","BSE","679.9000","453.3000","","","176155"
"2866","RCF","Rashtriya Chemicals & Fer","EQ","1.0000","1","ES","E","NSE","128.0000","85.3400","","","937318"
"532508","JSL","Jindal Stainless","A","5.0000","1","ES","E","BSE","852.1500","568.1500","","","140151"
"533543","BROOKS","Brooks Laboratories","B","1.0000","1","ES","E","BSE","44.9800","30.0000","","","963252"
"531637","PRAVEG","Praveg Limited","X","5.0000","1","ES","E","BSE","219.7000","146.5000","","","80000"
"506261","MODISONLTD","Modison","B","5.0000","1","ES","E","BSE","139.2000","92.8000","","","863234"
"539787","HCG","Healthcare Global Enterprises","A","5.0000","1","ES","E","BSE","629.6000","419.8000","","","190360"
"11581","GULFPETRO","GP Petroleums","EQ","1.0000","1","ES","E","NSE","28.7200","19.1600","","","1667189"
"531460","CONTICON","Continental Controls","XT","1.0000","1","ES","E","BSE","9.8000","9.4200","","","80000"
"18844","NIRAJISPAT","Niraj Ispat Ind","BE","1.0000","1","ES","E","NSE","194.5600","176.0400","","","19619"
"514165","INDIANACRY","Indian Acrylics","X","1.0000","1","ES","E","BSE","4.3200","2.8800","","","80000"
"11549","TEXINFRA","Texmaco Infra. & Hold.","EQ","1.0000","1","ES","E","NSE","117.1300","78.0900","","","1024382"
"500089","DICIND","DIC","B","5.0000","1","ES","E","BSE","565.8500","377.2500","","","214017"
"521062","OCTAVE","Perfect-Octave Media Proj","X","1.0000","1","ES","E","BSE","4.1800","3.8000","","","80000"
"531878","ANJANIFIN","Anjani Finance","X","1.0000","1","ES","E","BSE","10.6900","7.1300","","","80000"
"513713","WHITEORG","White Organic Agro Limite","X","1.0000","1","ES","E","BSE","3.5800","2.4000","","","80000"
"532689","PVRINOX","PVR INOX LIMITED","A","5.0000","1","ES","E","BSE","1102.5000","735.0000","","","108805"
"11325","MUKANDLTD","Mukand","EQ","1.0000","1","ES","E","NSE","143.5900","95.7300","","","835617"
"538646","QGO","Qgo Finance","X","1.0000","1","ES","E","BSE","44.7800","29.8600","","","80000"
"530595","TELECANOR","Telecanor Global","XT","1.0000","1","ES","E","BSE","37.0200","33.5000","","","80000"
"517096","APLAB","Aplab","X","1.0000","1","ES","E","BSE","64.6500","52.9100","","","80000"
"13880","BANCOINDIA","Banco Products","EQ","5.0000","1","ES","E","NSE","605.2000","403.5000","","","198249"
"502937","KESORAMIND","Kesoram Industries","A","1.0000","1","ES","E","BSE","8.9200","7.3000","","","10158701"
"1053","UFLEX","Uflex","EQ","5.0000","1","ES","E","NSE","401.2000","267.5000","","","299027"
"511559","TEAMGTY","Team India Guaranty","B","5.0000","1","ES","E","BSE","301.2500","200.8500","","","294075"
"521054","KAKTEX","Kakatiya Textiles","X","1.0000","1","ES","E","BSE","8.9100","7.2900","","","80000"
"13352","MALUPAPER","Malu Paper Mills","EQ","1.0000","1","ES","E","NSE","32.5600","21.7200","","","557837"
"507717","DHANUKA","Dhanuka Agritech","B","5.0000","1","ES","E","BSE","1077.7500","718.5500","","","111298"
"503162","RELCHEMQ","Reliance Chemotex Ind.","B","5.0000","1","ES","E","BSE","131.4500","87.6500","","","246674"
"11480","KRIDHANINF","Kridhan Infra","EQ","1.0000","1","ES","E","NSE","1.9800","1.8000","","","3099280"
"538666","SHARDACROP","Sharda Cropchem","A","5.0000","1","ES","E","BSE","1043.6000","695.8000","","","114850"
"3912","KHAITANLTD","Khaitan (India)Ltd.","EQ","1.0000","1","ES","E","NSE","111.6800","74.4600","","","155324"
"524606","BERLDRG","Beryl Drugs","X","1.0000","1","ES","E","BSE","23.1300","15.4300","","","80000"
"15337","RAIN","Rain Industries","EQ","1.0000","1","ES","E","NSE","127.7800","85.2000","","","938740"
"539090","RAJPUTANA","Rajputana Investment","X","1.0000","1","ES","E","BSE","34.4300","28.1700","","","80000"
"13251","SAKUMA","Sakuma Exports","EQ","1.0000","1","ES","E","NSE","1.3300","0.8900","","","51264399"
"500074","BPL","BPL","B","1.0000","1","ES","E","BSE","45.9000","30.6000","","","1601507"
"531888","REXNORD","Rexnord Electronics & Con","X","1.0000","1","ES","E","BSE","59.7600","39.8400","","","80000"
"538970","WARDINMOBI","Wardwizard Innovations","X","1.0000","1","ES","E","BSE","5.5800","4.5800","","","80000"
"11377","MAHABANK","Bank of Maharashtra","EQ","1.0000","1","ES","E","NSE","73.5900","49.0700","","","1622918"
"17999","UNITEDTEA","United Nilgiri Tea","EQ","5.0000","1","ES","E","NSE","609.3000","406.2000","","","163387"
"519477","CIANAGRO","Cian Agro Ind & Infra","B","5.0000","1","ES","E","BSE","788.1000","713.1000","","","80000"
"532820","ELAND","E-Land Apparel","XT","1.0000","1","ES","E","BSE","14.0000","12.6800","","","80000"
"1185","AMBER","Amber Enterprises","EQ","50.0000","1","ES","E","NSE","7203.5000","5894.5000","","","15237"
"540769","NIACL","The New India Assurance Company","A","5.0000","1","ES","E","BSE","141.4000","94.3000","","","848719"
"543064","COHANCE","Cohance Lifesciences","A","5.0000","1","ES","E","BSE","362.2500","241.5500","","","331685"
"13517","EMAMILTD","Emami","EQ","5.0000","1","ES","E","NSE","472.0500","314.7500","","","254042"
"18220","KECL","Kirloskar Electric Co","EQ","1.0000","1","ES","E","NSE","98.1900","65.4700","","","1222018"
"522281","RAMRAT","Ram Ratna Wires","B","5.0000","1","ES","E","BSE","346.6500","231.1500","","","345858"
"513353","COCHINM","Cochin Minerals & Rutile","X","5.0000","1","ES","E","BSE","241.9500","161.3500","","","80000"
"532649","NECLIFE","Nectar Lifesciences","B","1.0000","1","ES","E","BSE","9.7700","8.8500","","","6352333"
"14712","HGS","Hinduja Global Sols.","EQ","5.0000","1","ES","E","NSE","413.6000","275.8000","","","290100"
"539524","LALPATHLAB","Dr. Lal Pathlabs","A","5.0000","1","ES","E","BSE","1576.6500","1051.1500","","","76069"
"540168","SUPRAPFSL","Supra Pacific Management","X","1.0000","1","ES","E","BSE","31.2900","20.8700","","","80000"
"4421","CREDITACC","Creditaccess Grameen","EQ","10.0000","1","ES","E","NSE","1389.6000","926.4000","","","86319"
"539117","SUJALA","Sujala Trading & Holding","X","1.0000","1","ES","E","BSE","32.7200","29.6200","","","80000"
"500298","NAPEROL","National Peroxide","X","5.0000","1","ES","E","BSE","599.1000","399.4000","","","80000"
"530813","KRBL","KRBL","A","5.0000","1","ES","E","BSE","338.5500","225.7500","","","354321"
"538635","SNOWMAN","Snowman Logistics","B","1.0000","1","ES","E","BSE","36.8600","24.5800","","","3257213"
"524400","ISHITADR","Ishita Drugs & Industries","X","1.0000","1","ES","E","BSE","82.9300","55.2900","","","80000"
"541301","ORIENTELEC","Orient Electric","B","5.0000","1","ES","E","BSE","186.9500","124.6500","","","639670"
"532899","KSCL","Kaveri Seed Company","A","5.0000","1","ES","E","BSE","937.5000","625.0000","","","127568"
"540762","TIINDIA","Tube Investments Of India","A","5.0000","1","ES","E","BSE","2767.7500","2264.5500","","","39676"
"517238","DYNAVSN","Dynavision","X","5.0000","1","ES","E","BSE","174.8000","116.6000","","","80000"
"24385","KARMAENG","Karma Energy","EQ","1.0000","1","ES","E","NSE","36.1500","32.7100","","","378336"
"500840","EIHOTEL","EIH Hotels","A","5.0000","1","ES","E","BSE","328.3000","218.9000","","","365212"
"1372","HINDCOMPOS","Hindustan Composites","EQ","5.0000","1","ES","E","NSE","418.1000","278.8000","","","286976"
"2514","OSWALAGRO","Oswal Agro Mills","EQ","1.0000","1","ES","E","NSE","40.6600","27.1200","","","2950614"
"540700","BRNL","Bharat Road Network","B","1.0000","1","ES","E","BSE","20.2400","13.5000","","","2745164"
"538081","HARIAAPL","Haria Apparels","X","1.0000","1","ES","E","BSE","6.5600","4.3800","","","80000"
"500459","PGHH","P&G Hygiene & Health Care","A","5.0000","1","ES","E","BSE","11190.0000","7460.0000","","","10712"
"590134","MADRASFERT","Madras Fertilisers","B","1.0000","1","ES","E","BSE","63.7900","42.5300","","","1884563"
"522036","MIVENMACH","Miven Machine Tools","X","1.0000","1","ES","E","BSE","65.7300","59.4700","","","80000"
"28952","DUCON","Ducon Infratechnologies L","EQ","1.0000","1","ES","E","NSE","2.7400","1.8400","","","10625066"
"523283","SUPERHOUSE","Superhouse","B","5.0000","1","ES","E","BSE","154.5500","103.0500","","","360517"
"13072","IIFLCAPS","IIFL Securities","EQ","1.0000","1","ES","E","NSE","292.9800","195.3200","","","409509"
"511377","MEHIF","Mehta Integrated Finance","X","1.0000","1","ES","E","BSE","29.9200","27.0800","","","80000"
"538732","VGCL","Vibrant Global Capital","X","1.0000","1","ES","E","BSE","36.2500","24.1700","","","80000"
"539683","SHIVKAMAL","Shivkamal Impex","XT","1.0000","1","ES","E","BSE","15.0000","1.5000","","","80000"
"540318","SUERYAAKNI","Sueryaa Knitwear","XT","1.0000","1","ES","E","BSE","15.0000","1.5000","","","80000"
"500500","HINDMOTORS","Hindustan Motors","X","1.0000","1","ES","E","BSE","12.4300","8.2900","","","80000"
"532911","PARLEIND","Parle Industries","X","1.0000","1","ES","E","BSE","4.7300","4.2900","","","80000"
"3384","SWARAJENG","Swaraj Engines","EQ","10.0000","1","ES","E","NSE","3970.6000","2647.2000","","","30216"
"530393","DBSTOCKBRO","DB (International) Stock","B","1.0000","1","ES","E","BSE","30.0000","20.0000","","","1144499"
"542066","ATGL","Adani Total Gas","A","5.0000","1","ES","E","BSE","611.7500","407.8500","","","195766"
"530795","SUNCITYSY","Suncity Synthetics","XT","1.0000","1","ES","E","BSE","13.9600","12.6400","","","80000"
"532720","M&MFIN","Mahindra & Mahindra Fin. Serv","A","5.0000","1","ES","E","BSE","343.4000","229.0000","","","348882"
"540728","SAYAJIIND","Sayaji Industries","X","1.0000","1","ES","E","BSE","95.5500","86.4500","","","80000"
"502015","ASIIL","ASI Industries","X","1.0000","1","ES","E","BSE","22.9500","15.3100","","","80000"
"532740","LOKESHMACH","Lokesh Machines","B","5.0000","1","ES","E","BSE","240.4500","160.3500","","","496259"
"500040","ABREL","Aditya birla real estate","A","5.0000","1","ES","E","BSE","1346.5000","897.7000","","","89021"
"523489","CMMHOSP","Chennai Meenakshi Multisp","X","1.0000","1","ES","E","BSE","36.3100","29.7100","","","80000"
"532735","RSYSTEMS","R Systems International L","B","5.0000","1","ES","E","BSE","279.8000","186.6000","","","427720"
"507486","CAPRO","Caprolactam Chemicals","XT","1.0000","1","ES","E","BSE","47.3000","42.8000","","","80000"
"500142","FGP","FGP","X","1.0000","1","ES","E","BSE","11.0000","7.3400","","","80000"
"438","BHEL","BHEL","EQ","1.0000","1","ES","E","NSE","270.0500","220.9500","","","403919"
"13656","ALICON","Alicon Castalloy","EQ","5.0000","1","ES","E","NSE","703.5500","469.0500","","","170556"
"25882","MEP","MEP Infra. Developers Ltd","BZ","1.0000","1","ES","E","NSE","0.8700","0.8500","","","5998685"
"533080","MOLDTKPAC","Mold-Tek Packaging Limite","B","5.0000","1","ES","E","BSE","566.4000","377.6000","","","211375"
"504112","NELCO","NELCO","B","5.0000","1","ES","E","BSE","606.9000","404.6000","","","197584"
"521161","SLSTLQ","Sri Lakshmi Saraswathi Te","X","1.0000","1","ES","E","BSE","30.0300","27.1700","","","80000"
"539927","LIKHAMI","Likhami Consulting Limited","XT","5.0000","1","ES","E","BSE","414.7500","375.2500","","","80000"
"500016","ARUNAHTEL","Aruna Hotels","X","1.0000","1","ES","E","BSE","8.7100","5.8100","","","80000"
"530169","MOHITPPR","Mohit Paper Mills","X","1.0000","1","ES","E","BSE","30.4400","20.3000","","","80000"
"519295","BAMBINO","Bambino Agro Industries","X","5.0000","1","ES","E","BSE","220.9500","147.3500","","","80000"
"4963","ICICIBANK","ICICI Bank","EQ","10.0000","1","ES","E","NSE","1326.4000","1085.4000","","","78747"
"516020","AGIOPAPER","Agio Paper & Industries L","X","1.0000","1","ES","E","BSE","3.9500","3.5900","","","80000"
"509152","GRPLTD","GRP","B","5.0000","1","ES","E","BSE","2244.0500","1496.0500","","","53338"
"526225","BLOOM","Bloom Dekor","XT","1.0000","1","ES","E","BSE","11.6300","10.5300","","","80000"
"18110","VASCONEQ","Vascon Engineers","EQ","1.0000","1","ES","E","NSE","32.4700","21.6500","","","3695489"
"523062","JJFINCOR","J.J.Finance Corporation L","XT","1.0000","1","ES","E","BSE","62.1400","59.7200","","","80000"
"10453","SATIN","Satin Creditcare Network","EQ","1.0000","1","ES","E","NSE","167.8400","111.9000","","","714857"
"517206","LUMAXIND","Lumax Industries","B","5.0000","1","ES","E","BSE","5569.5000","3713.0000","","","21481"
"522249","MAYURUNIQ","Mayur Uniquoters","B","5.0000","1","ES","E","BSE","593.1500","395.4500","","","202271"
"19265","BLISSGVS","Bliss Gvs Pharma","EQ","1.0000","1","ES","E","NSE","258.7000","172.4800","","","463778"
"523648","PLASTIBLEN","Plastiblends India","B","5.0000","1","ES","E","BSE","145.6500","97.1500","","","822558"
"502420","ORIENTPPR","Orient Paper And Inds","B","1.0000","1","ES","E","BSE","16.7000","11.1400","","","6938476"
"532376","UMIYA-MRO","Umiya Buildcon","B","1.0000","1","ES","E","BSE","87.1900","58.1300","","","610986"
"14557","AROGRANITE","Aro Granite Industries","EQ","1.0000","1","ES","E","NSE","22.8400","15.2400","","","500309"
"757","CRISIL","CRISIL","EQ","10.0000","1","ES","E","NSE","4513.4000","3009.0000","","","26546"
"531681","AMERISE","Amradeep Industries","X","1.0000","1","ES","E","BSE","0.6100","0.5700","","","80000"
"526431","WELTI","Welterman International L","X","1.0000","1","ES","E","BSE","20.9800","19.0000","","","80000"
"2313","MURUDCERA","Murudeshwar Ceramics","EQ","1.0000","1","ES","E","NSE","30.3400","20.2400","","","1979830"
"7851","RAMCOSYS","Ramco Systems","EQ","5.0000","1","ES","E","NSE","412.8500","275.2500","","","290627"
"532856","TIMETECHNO","Time Technoplast","A","5.0000","1","ES","E","BSE","189.8000","126.6000","","","630866"
"513599","HINDCOPPER","Hindustan Copper","A","5.0000","1","ES","E","BSE","545.3000","363.6000","","","220481"
"13305","CENTURYPLY","Century Plyboards","EQ","5.0000","1","ES","E","NSE","841.8000","561.2000","","","142412"
"511523","VEERHEALTH","Veerhealth Care","X","1.0000","1","ES","E","BSE","24.1600","16.1200","","","80000"
"10738","OFSS","Oracle Financial Services","EQ","50.0000","1","ES","E","NSE","7404.0000","6058.0000","","","14794"
"9309","STLTECH","Sterlite Technologies","EQ","1.0000","1","ES","E","NSE","193.9900","158.7300","","","566721"
"4040","EIMCOELECO","Eimco Elecon","EQ","10.0000","1","ES","E","NSE","1714.5000","1143.1000","","","69987"
"517300","GIPCL","Gujarat Industries Power","B","5.0000","1","ES","E","BSE","144.9500","96.6500","","","827766"
"511577","MANTRA","Savani Financials","X","1.0000","1","ES","E","BSE","15.9900","10.6700","","","80000"
"509709","INTLCONV","International Conveyors","B","1.0000","1","ES","E","BSE","72.1200","48.0800","","","1663599"
"533761","GPTINFRA","Gpt Infraprojects","B","1.0000","1","ES","E","BSE","116.5200","77.6800","","","1033283"
"1153","GLAXO","GlaxoSmithKline Pharma","EQ","10.0000","1","ES","E","NSE","2739.6000","1826.4000","","","43706"
"1570","GMMPFAUDLR","Gmm Pfaudler","EQ","5.0000","1","ES","E","NSE","951.6000","634.4000","","","126060"
"520075","SAMKRG","Samkrg Pistons & Rings Lt","X","5.0000","1","ES","E","BSE","120.9000","80.6000","","","80000"
"5884","PRECOT","Precot Limited","BE","5.0000","1","ES","E","NSE","557.4500","504.4500","","","188339"
"533941","THOMASCOTT","Thomas Scott","B","5.0000","1","ES","E","BSE","283.1000","188.8000","","","424619"
"13419","SUPREMEINF","Supreme Infra.","BZ","1.0000","1","ES","E","NSE","61.0700","55.2700","","","1719091"
"531780","KACL","Kaiser Corporation Limited","X","1.0000","1","ES","E","BSE","5.1400","3.4400","","","80000"
"2472","OILCOUNTUB","Oil Country Tubular","EQ","1.0000","1","ES","E","NSE","44.3500","29.5700","","","1700057"
"526727","GARNET","Garnet Construction","XT","1.0000","1","ES","E","BSE","80.5900","72.9300","","","80000"
"506528","KELENRG","Keltech Energies","X","5.0000","1","ES","E","BSE","3606.0500","2404.0500","","","80000"
"539206","GVBL","Genomic Valley Biotech","X","1.0000","1","ES","E","BSE","33.6000","22.4000","","","80000"
"532707","DYNPRO","Dynemic Products","B","5.0000","1","ES","E","BSE","229.3000","152.9000","","","406408"
"2716","BUTTERFLY","Butterfly Gandhimathi App","EQ","5.0000","1","ES","E","NSE","709.2500","472.8500","","","169176"
"14677","GUJAPOLLO","Gujarat Apollo Industries","EQ","5.0000","1","ES","E","NSE","475.3500","316.9500","","","252422"
"540366","RADIOCITY","Music Broadcast","B","1.0000","1","ES","E","BSE","5.5800","3.7200","","","11303919"
"4299","STERTOOLS","Sterling Tools","EQ","1.0000","1","ES","E","NSE","193.3000","128.8800","","","620762"
"523618","DREDGECORP","Dredging Corp Of India","B","5.0000","1","ES","E","BSE","921.7000","614.5000","","","130087"
"9576","MAHESHWARI","Maheshwari Logistics","EQ","1.0000","1","ES","E","NSE","52.0900","34.7300","","","967828"
"540691","ABCAPITAL","Aditya Birla Capital","A","5.0000","1","ES","E","BSE","321.4500","263.0500","","","340531"
"9111","ARVINDFASN","Arvind Fashions","EQ","5.0000","1","ES","E","NSE","484.2000","322.8000","","","247750"
"18029","MBLINFRA","Mbl Infrastructures","EQ","1.0000","1","ES","E","NSE","23.3200","15.5600","","","4987706"
"4568","ATLASCYCLE","Atlas Cycle (Haryana) Ltd","EQ","1.0000","1","ES","E","NSE","92.6000","61.7400","","","212675"
"532891","PURVA","Puravankara","B","5.0000","1","ES","E","BSE","196.1000","130.8000","","","613269"
"13966","HBLENGINE","HBL Power Systems","EQ","5.0000","1","ES","E","NSE","737.7500","491.8500","","","162436"
"14761","NELCAST","Nelcast","EQ","1.0000","1","ES","E","NSE","137.9200","91.9600","","","870011"
"526113","UNRYLMA","Uniroyal Marine Exports L","X","1.0000","1","ES","E","BSE","16.4000","13.4200","","","80000"
"512443","GANONPRO","Ganon Products Limited","XT","1.0000","1","ES","E","BSE","16.3400","14.8000","","","80000"
"519552","HERITGFOOD","Heritage Foods","A","5.0000","1","ES","E","BSE","352.6000","235.1000","","","340190"
"522287","KPIL","Kalpataru projects international","A","5.0000","1","ES","E","BSE","1268.8500","845.9500","","","94437"
"532815","SMSPHARMA","Sms Pharmaceuticals","B","5.0000","1","ES","E","BSE","449.6000","299.8000","","","266720"
"532794","ZEEMEDIA","Zee Media Corporation","T","1.0000","1","ES","E","BSE","7.0300","6.3700","","","15037181"
"530377","NILAINFRA","Nila Infrastructures","B","1.0000","1","ES","E","BSE","7.1600","4.7800","","","12880176"
"532488","DIVISLAB","Divis Laboratories","A","5.0000","1","ES","E","BSE","6541.2000","5351.9000","","","16724"
"11743","JINDALPHOT","Jindal Photo","EQ","5.0000","1","ES","E","NSE","1178.0000","785.4000","","","101854"
"5938","MONTECARLO","Monte Carlo Fashions","EQ","5.0000","1","ES","E","NSE","560.2500","373.5500","","","214162"
"500153","GANESHBE","Ganesh Benzoplast","B","1.0000","1","ES","E","BSE","86.1000","57.4000","","","1387668"
"515059","MADHUDIN","Madhusudan Industries","X","1.0000","1","ES","E","BSE","27.7500","22.7100","","","80000"
"526554","SALGUTI","Salguti Industries","X","1.0000","1","ES","E","BSE","29.4000","26.6000","","","80000"
"15271","CORDSCABLE","Cords Cable Industries","EQ","1.0000","1","ES","E","NSE","155.6200","103.7600","","","422738"
"538446","MONEYBOXX","Moneyboxx Finance","B","1.0000","1","ES","E","BSE","70.8100","47.2100","","","1691154"
"2844","RANEHOLDIN","Rane Holdings","EQ","5.0000","1","ES","E","NSE","1190.4000","793.6000","","","100801"
"500043","BATAINDIA","Bata","A","5.0000","1","ES","E","BSE","729.0000","486.0000","","","164515"
"500464","UCAL","UCAL Limited","B","1.0000","1","ES","E","BSE","97.3200","64.8800","","","723115"
"504605","UNIABEXAL","Uni Abex Alloy Products","X","5.0000","1","ES","E","BSE","3262.2000","2174.8000","","","80000"
"520057","JTEKTINDIA","Jtekt India","B","5.0000","1","ES","E","BSE","141.4000","94.3000","","","850498"
"522101","KLBRENG-B","Kilburn Engineering","B","5.0000","1","ES","E","BSE","542.7500","361.8500","","","80000"
"21840","DIAMONDYD","Prataap Snacks","EQ","10.0000","1","ES","E","NSE","1214.4000","809.6000","","","98793"
"504648","BOMBWIR","Bombay Wire Ropes","X","1.0000","1","ES","E","BSE","46.4000","30.9400","","","80000"
"2595","3PLAND","3P Land Holdings","EQ","1.0000","1","ES","E","NSE","35.4000","23.6000","","","588599"
"13637","JMFINANCIL","JM Financial","EQ","1.0000","1","ES","E","NSE","136.3300","90.8900","","","879854"
"535754","ORIENTCEM","Orient Cement","A","5.0000","1","ES","E","BSE","147.1500","98.1500","","","813621"
"500243","KIRLOSIND","Kirloskar Ind.","B","5.0000","1","ES","E","BSE","2957.6000","1971.8000","","","40440"
"526373","CINDHO","Cindrella Hotels","X","1.0000","1","ES","E","BSE","49.0300","44.3700","","","80000"
"31468","LYPSAGEMS","Lypsa Gems & Jewel","EQ","1.0000","1","ES","E","NSE","5.0600","3.3800","","","964126"
"532296","GLENMARK","Glenmark Pharmaceuticals","A","5.0000","1","ES","E","BSE","2346.6000","1920.0000","","","46845"
"8311","BLUESTARCO","Blue Star","EQ","10.0000","1","ES","E","NSE","1771.7000","1449.7000","","","61890"
"500120","DIAMINESQ","Diamines & Chemicals","B","5.0000","1","ES","E","BSE","279.6000","186.4000","","","319936"
"2969","SAKHTISUG","Sakthi Sugars Ltd","EQ","1.0000","1","ES","E","NSE","17.0200","11.3600","","","3886363"
"509449","BHAGWOX","Bhagwati Oxygen","X","1.0000","1","ES","E","BSE","43.3800","28.9200","","","80000"
"514266","ZENIFIB","Zenith Fibres","X","1.0000","1","ES","E","BSE","57.7900","38.5300","","","80000"
"538564","JAMESWARREN","James Warren Tea","X","5.0000","1","ES","E","BSE","299.5500","199.7500","","","80000"
"542544","JYOTIN","Jyot International Market","XT","1.0000","1","ES","E","BSE","15.0000","1.5000","","","80000"
"533001","SOMICONVEY","Somi Conveyor Beltings Lt","B","1.0000","1","ES","E","BSE","106.7400","71.1600","","","385194"
"15034","BAJAJELEC","Bajaj Electricals","EQ","5.0000","1","ES","E","NSE","405.3000","270.2000","","","295977"
"539224","HCKKVENTURE","Hckk Ventures","XT","1.0000","1","ES","E","BSE","32.4500","29.3700","","","80000"
"1394","HINDUNILVR","Hindustan Unilever","EQ","10.0000","1","ES","E","NSE","2260.7000","1849.7000","","","46991"
"383","BEL","Bharat Electronics","EQ","5.0000","1","ES","E","NSE","440.7000","360.6000","","","248532"
"531667","RRMETAL","Rr Metalmakers India Limited","X","1.0000","1","ES","E","BSE","31.7700","28.7500","","","80000"
"10397","JISLJALEQS","Jain Irrigation Systems","EQ","1.0000","1","ES","E","NSE","33.2800","22.2000","","","3604492"
"532234","NATIONALUM","National Aluminium Co.Ltd","A","5.0000","1","ES","E","BSE","424.9000","347.7000","","","258965"
"532326","INTENTECH","Intense Technologies","B","1.0000","1","ES","E","BSE","84.4200","56.2800","","","772519"
"1720","JAYSREETEA","Jayshree Tea & Industries","EQ","1.0000","1","ES","E","NSE","86.4200","57.6200","","","944293"
"532149","BANKINDIA","Bank Of India","A","5.0000","1","ES","E","BSE","150.7500","123.3500","","","728426"
"11351","PETRONET","Petronet LNG","EQ","1.0000","1","ES","E","NSE","273.2900","223.6100","","","402000"
"17839","GILLANDERS","Gillanders Arbuthnot","EQ","1.0000","1","ES","E","NSE","92.5600","61.7200","","","697894"
"523694","APCOTEXIND","Apcotex Industries","B","5.0000","1","ES","E","BSE","376.7000","251.2000","","","318328"
"536709","INDRENEW","Ind Renewable Energy","Z","1.0000","1","ES","E","BSE","10.5000","9.5000","","","80000"
"533282","GRAVITA","Gravita India","A","5.0000","1","ES","E","BSE","1582.5500","1055.0500","","","75801"
"540530","HUDCO","HUDCO","A","5.0000","1","ES","E","BSE","175.3000","143.5000","","","626594"
"532952","NAHARCAP","Nahar Capital & Financial","B","5.0000","1","ES","E","BSE","238.3500","158.9500","","","513420"
"531373","BYKE","The Byke Hospitality","B","1.0000","1","ES","E","BSE","32.7800","21.8600","","","1709533"
"13890","HIRECT","Hind Rectifier","EQ","5.0000","1","ES","E","NSE","792.1000","528.1000","","","151458"
"18727","MASKINVEST","Mask Investments Limited","EQ","1.0000","1","ES","E","NSE","133.4900","109.2300","","","99784"
"532748","PFOCUS","Prime Focus","B","5.0000","1","ES","E","BSE","362.4500","296.5500","","","303412"
"11821","WELCORP","Welspun Coporation","EQ","5.0000","1","ES","E","NSE","975.2000","650.2000","","","122926"
"532386","CALSOFT","California Software Co.Lt","B","1.0000","1","ES","E","BSE","14.2800","9.5200","","","505447"
"538882","EMERALD","Emerald Leasing Finance","X","1.0000","1","ES","E","BSE","55.5700","37.0500","","","80000"
"531821","MUNOTHFI","Munoth Financial Services","X","1.0000","1","ES","E","BSE","19.7100","17.8500","","","80000"
"538464","TPROJECT","Thirani Projects","X","1.0000","1","ES","E","BSE","4.5900","3.0700","","","80000"
"539636","PRECAM","Precision Camshafts Limited","B","5.0000","1","ES","E","BSE","126.2000","84.2000","","","951473"
"524516","BACPHAR","Bacil Pharma","X","1.0000","1","ES","E","BSE","50.1100","45.3500","","","80000"
"532885","CENTRALBK","Central Bank Of India","A","1.0000","1","ES","E","BSE","37.7400","25.1600","","","3177041"
"9610","ICDSLTD","Icdsltd","BE","1.0000","1","ES","E","NSE","43.1400","39.0400","","","425973"
"512301","CHMBBRW","Chambal Breweries & Disti","XT","1.0000","1","ES","E","BSE","32.3400","31.0800","","","80000"
"6711","IVC","Il&Fs Investment Managers","EQ","1.0000","1","ES","E","NSE","7.4800","5.0000","","","10268870"
"532430","BFUTILITIE","BF Utilities","Z","5.0000","1","ES","E","BSE","388.5500","351.5500","","","269022"
"531503","MARIS","Maris Spinners","X","1.0000","1","ES","E","BSE","29.6600","19.7800","","","80000"
"10836","SEYAIND","Seya Industries Limited","BE","1.0000","1","ES","E","NSE","10.4700","10.0700","","","868856"
"8696","VRLLOG","VRL Logistics","EQ","1.0000","1","ES","E","NSE","280.6800","187.1200","","","427405"
"512267","MMWL","Media Matrix Worldwide Lt","B","1.0000","1","ES","E","BSE","10.3300","6.8900","","","80000"
"535458","NIBL","NRB Industrial Bearings","B","1.0000","1","ES","E","BSE","30.8200","20.5600","","","792342"
"500238","WHIRLPOOL","Whirlpool","A","5.0000","1","ES","E","BSE","948.3500","632.2500","","","126618"
"4809","KCPSUGIND","KCP Sugar & Industries Co","EQ","1.0000","1","ES","E","NSE","27.9100","18.6100","","","3707691"
"505827","SNL","SNL Bearings","X","5.0000","1","ES","E","BSE","364.6000","243.1000","","","80000"
"523411","ADCINDIA","Adc India Communications","X","5.0000","1","ES","E","BSE","1445.1000","963.4000","","","80000"
"532039","ZENOTECH","Zenotech Laboratories","X","1.0000","1","ES","E","BSE","41.1400","27.4400","","","80000"
"532842","SRHHYPOLTD","Sree Rayalaseema Hi-Stren","B","5.0000","1","ES","E","BSE","461.5500","307.7500","","","260407"
"530615","GARGFUR","Garg Furnace","X","5.0000","1","ES","E","BSE","146.7500","97.8500","","","80000"
"541403","DOLLAR","Dollar Industries","B","5.0000","1","ES","E","BSE","267.4000","178.3000","","","447773"
"526871","INTECCAP","Intec Capital","X","1.0000","1","ES","E","BSE","12.2700","10.0500","","","80000"
"511766","MUTHOOTCAP","Muthoot Capital Services","B","5.0000","1","ES","E","BSE","214.1000","142.8000","","","537834"
"500163","GODFRYPHLP","Godfrey Phillips","A","5.0000","1","ES","E","BSE","2060.6000","1686.0000","","","53345"
"2316","HEIDELBERG","Heidelberg Cement","EQ","1.0000","1","ES","E","NSE","165.0600","110.0400","","","726974"
"524570","PODDARMENT","Poddar Pigments","B","5.0000","1","ES","E","BSE","245.5000","163.7000","","","346946"
"1512","INDHOTEL","The Indian Hotels Co.","EQ","5.0000","1","ES","E","NSE","628.0000","513.9000","","","175082"
"500028","ATVPR","Atv Projects India","X","1.0000","1","ES","E","BSE","35.2000","23.4800","","","80000"
"500414","TIMEX","Timex Group","B","5.0000","1","ES","E","BSE","294.0000","196.0000","","","80000"
"533655","TRITURBINE","Triveni Turbines","A","5.0000","1","ES","E","BSE","527.4000","351.6000","","","227292"
"526574","ENTRINT","Enterprise International","X","1.0000","1","ES","E","BSE","24.0400","19.6800","","","80000"
"540767","NAM-INDIA","Nippon Life India Asset","A","5.0000","1","ES","E","BSE","884.4000","723.6000","","","124284"
"2385","NAVNETEDUL","Navneet Education","EQ","1.0000","1","ES","E","NSE","146.6700","97.7900","","","818046"
"523574","FEL","Future Enterprises Limite","Z","1.0000","1","ES","E","BSE","0.5000","0.4900","","","14876224"
"512381","STARTECK","Starteck Finance","B","5.0000","1","ES","E","BSE","264.0500","176.0500","","","324067"
"715","SUDARCOLOR","Sudarshan Colorants India","EQ","5.0000","1","ES","E","NSE","326.7000","217.8000","","","367300"
"539492","GARBIFIN","Garbi Finvest","X","1.0000","1","ES","E","BSE","13.0200","8.6800","","","80000"
"522267","VJLAXMIE","Veejay Lakshmi Engineerin","X","1.0000","1","ES","E","BSE","31.4400","20.9600","","","80000"
"531918","HINDAPL","Hindustan Appliances","X","1.0000","1","ES","E","BSE","79.1700","71.6300","","","80000"
"1289","GFLLIMITED","GFL","EQ","1.0000","1","ES","E","NSE","45.0400","30.0400","","","2663752"
"2043","RAMCOCEM","The Ramco Cements","EQ","5.0000","1","ES","E","NSE","1104.1000","736.1000","","","108458"
"542933","UNIVPHOTO","Universus Imagings","T","5.0000","1","ES","E","BSE","476.1500","457.5500","","","243189"
"509692","INDIANCARD","Indian Card Clothing Co.","B","5.0000","1","ES","E","BSE","187.2500","124.8500","","","194274"
"532822","IDEA","Vodafone Idea","A","1.0000","1","ES","E","BSE","9.3800","7.6800","","","11701047"
"12009","IMPAL","India Motor Parts & Accessories","EQ","5.0000","1","ES","E","NSE","1141.4000","761.0000","","","105119"
"521070","ALOKINDS","Alok Industries","A","1.0000","1","ES","E","BSE","13.4200","8.9600","","","8942397"
"532382","BALAJITELE","Balaji Telefilms","B","1.0000","1","ES","E","BSE","85.1400","56.7600","","","1406195"
"540649","AVADHSUGAR","Avadh Sug & Energy","B","5.0000","1","ES","E","BSE","562.8000","375.2000","","","213036"
"11630","NTPC","NTPC","EQ","5.0000","1","ES","E","NSE","407.7000","333.6000","","","261809"
"531845","ZENITHSTL","Zenith Birla","B","1.0000","1","ES","E","BSE","4.7600","4.3200","","","4652570"
"10579","MARKSANS","Marksans Pharma","EQ","1.0000","1","ES","E","NSE","188.2600","125.5200","","","637323"
"540203","SFL","Sheela Foam","A","5.0000","1","ES","E","BSE","560.2000","373.5000","","","215012"
"523395","3MINDIA","3M India","A","5.0000","1","ES","E","BSE","36124.0500","24082.7500","","","3311"
"500234","KAKATCEM","Kakatiya Cement Sugar & Ind.","B","1.0000","1","ES","E","BSE","101.6400","67.7600","","","254205"
"500123","ELANTAS","Elantas Beck India","B","5.0000","1","ES","E","BSE","9843.0000","6562.0000","","","80000"
"509423","SEL","Sanathnagar Ent.","X","1.0000","1","ES","E","BSE","32.8500","29.7300","","","80000"
"531041","COMPEAU","Competent Automobiles Co.","X","5.0000","1","ES","E","BSE","394.2500","262.8500","","","80000"
"532683","AIAENG","Aia Engineering","A","5.0000","1","ES","E","BSE","4365.9500","2910.6500","","","27436"
"532768","FIEMIND","Fiem Industries","B","5.0000","1","ES","E","BSE","2297.6000","1531.8000","","","52323"
"13750","FLUOROCHEM","Gujarat Fluorochemicals","EQ","10.0000","1","ES","E","NSE","3633.9000","2422.7000","","","32954"
"511658","NETTLINX","Nettlinx","X","1.0000","1","ES","E","BSE","16.5600","11.0400","","","80000"
"11961","SEMAC","Semac Consultants","EQ","1.0000","1","ES","E","NSE","233.4100","211.1900","","","101935"
"500411","THERMAX","Thermax","A","5.0000","1","ES","E","BSE","3948.1500","2632.1500","","","30623"
"538923","SOFCOM","Sofcom Systems","X","1.0000","1","ES","E","BSE","22.8100","18.6700","","","80000"
"811","DCMSHRIRAM","DCM Shriram","EQ","10.0000","1","ES","E","NSE","1339.8000","893.2000","","","89510"
"506981","BLUECHIPT","Blue Chip Tex Ind.","X","5.0000","1","ES","E","BSE","141.4000","94.3000","","","80000"
"13197","GSPL","Gujarat State Petronet","EQ","1.0000","1","ES","E","NSE","275.5800","183.7200","","","435006"
"13536","VIDHIING","Vidhi Specialty Food Ingredients","EQ","5.0000","1","ES","E","NSE","330.2000","220.2000","","","363349"
"517415","LEENEE","Lee & Nee Softwares (Expo","XT","1.0000","1","ES","E","BSE","7.4400","6.7400","","","80000"
"526662","ARENTERP","Rajdarshan Industries","B","1.0000","1","ES","E","BSE","41.1600","27.4400","","","101641"
"530695","PRIMEPRO","Prime Property Developmen","X","1.0000","1","ES","E","BSE","21.4600","14.3200","","","80000"
"2406","NEULANDLAB","Neuland Laboratories","EQ","100.0000","1","ES","E","NSE","14432.0000","9622.0000","","","8313"
"9581","METROPOLIS","Metropolis Healthcare","EQ","5.0000","1","ES","E","NSE","520.8000","347.2000","","","230341"
"533506","INVENTURE","Inventure Growth & Securities","B","1.0000","1","ES","E","BSE","1.0000","0.6800","","","34334999"
"16915","ZFCVINDIA","Wabco India","EQ","100.0000","1","ES","E","NSE","16521.0000","11015.0000","","","7245"
"9552","RVNL","Rail Vikas Nigam","EQ","1.0000","1","ES","E","NSE","274.6100","224.6900","","","400323"
"539018","BEEKAY","Beekay Steel Industries L","X","5.0000","1","ES","E","BSE","391.1000","260.8000","","","80000"
"542803","VEL","Ellora Trading","X","1.0000","1","ES","E","BSE","43.8400","35.8800","","","80000"
"511716","INVIGO","Escorts Finance","X","1.0000","1","ES","E","BSE","5.4800","4.5000","","","80000"
"4064","CUBEXTUB","Cubex Tubings Ltd","EQ","1.0000","1","ES","E","NSE","88.7200","59.1600","","","468230"
"505737","INTLCOMBQ","International Combustion","X","5.0000","1","ES","E","BSE","448.2500","298.8500","","","80000"
"532666","FCSSOFT","FCS Software Solutions","B","1.0000","1","ES","E","BSE","1.4100","0.9500","","","55902386"
"500233","KAJARIACER","Kajaria Ceramics","A","5.0000","1","ES","E","BSE","1102.8000","735.2000","","","108623"
"502219","BORORENEW","Borosil Renewables","A","5.0000","1","ES","E","BSE","453.0000","302.0000","","","265237"
"5633","J&KBANK","J & K Bank","EQ","1.0000","1","ES","E","NSE","132.0100","88.0100","","","908475"
"540702","LASA","Lasa Supergenerics","B","1.0000","1","ES","E","BSE","5.9600","5.4000","","","1638310"
"521149","PRIMEURB","Prime Urban Development I","X","1.0000","1","ES","E","BSE","7.4700","6.7700","","","80000"
"10634","ASAL","Automotive Stampings & Assemblies","EQ","5.0000","1","ES","E","NSE","452.8500","301.9500","","","264967"
"517170","EDVENSWA","KLK Electrical","X","1.0000","1","ES","E","BSE","24.0400","16.0400","","","80000"
"2259","MOREPENLAB","Morepen Lab.","EQ","1.0000","1","ES","E","NSE","40.4100","26.9500","","","2968813"
"3088","INDOSTAR","Indostar Capital Fin","EQ","1.0000","1","ES","E","NSE","227.7000","151.8000","","","526883"
"533262","RAMKY","Ramky Infrastructure","B","5.0000","1","ES","E","BSE","510.1500","340.1500","","","235203"
"531616","STARCOM","Starcom Information Techno.","X","1.0000","1","ES","E","BSE","52.5100","47.5100","","","80000"
"10661","PONNIERODE","Ponnie Sugars (Erode)","EQ","5.0000","1","ES","E","NSE","330.0000","220.0000","","","281168"
"7936","AVANTIFEED","Avanti Feeds","EQ","10.0000","1","ES","E","NSE","1293.6000","1058.4000","","","85017"
"519566","SIMRAN","Simran Farms","X","5.0000","1","ES","E","BSE","174.0000","116.0000","","","80000"
"526211","SURJIND","Suraj Industries","X","1.0000","1","ES","E","BSE","50.8200","33.8800","","","80000"
"505726","IFBIND","IFB Industries","B","5.0000","1","ES","E","BSE","1073.2500","715.5500","","","111831"
"1333","HDFCBANK","HDFC Bank","EQ","5.0000","1","ES","E","NSE","804.7000","658.4000","","","123135"
"15266","JKIL","J.Kumar Infraprojects","EQ","5.0000","1","ES","E","NSE","513.2000","342.2000","","","233806"
"15409","NESCO","NESCO","EQ","10.0000","1","ES","E","NSE","1216.8000","811.2000","","","98573"
"7518","TREJHARA","Trejhara Solutions Ltd","EQ","1.0000","1","ES","E","NSE","149.9600","135.6800","","","700162"
"11045","SATIA","Satia Industries","EQ","1.0000","1","ES","E","NSE","61.3900","40.9300","","","1954599"
"500059","BILVYAPAR","BIL Vyapar","T","1.0000","1","ES","E","BSE","5.3700","4.8700","","","1025673"
"512161","SECURKLOUD","Securecloud Technologies","B","1.0000","1","ES","E","BSE","19.8100","16.2100","","","1092526"
"514348","WINSOME","Winsome Yarns Ltd.","Z","1.0000","1","ES","E","BSE","1.7400","1.6800","","","2312126"
"540267","FLORACORP","Flora Corporation Limited","X","1.0000","1","ES","E","BSE","7.6400","6.9200","","","80000"
"511664","BGIL","Bgil Films & Technologies Ltd.","X","1.0000","1","ES","E","BSE","10.0300","9.0900","","","80000"
"539436","COFFEEDAY","Coffee Day Enterprises Limited","B","1.0000","1","ES","E","BSE","25.3500","16.9100","","","4734784"
"513039","ZHINUDYP","Hindusthan Udyog Ltd.","XT","1.0000","1","ES","E","BSE","3.4700","3.1500","","","80000"
"532354","VIRGOGLOB","Virgo Global Limited","XT","1.0000","1","ES","E","BSE","3.8700","3.5100","","","80000"
"537069","ARNOLD","Arnold Holdings Ltd","X","1.0000","1","ES","E","BSE","13.2100","8.8100","","","80000"
"531502","ESARIND","Esaar (India) Ltd.","X","1.0000","1","ES","E","BSE","8.1000","7.8000","","","80000"
"540788","ASPIRA","Aspira Pathlab & Diagnostics L","X","1.0000","1","ES","E","BSE","67.0200","44.6800","","","80000"
"524642","SIKOZY","Sikozy Realtors Limited","XT","1.0000","1","ES","E","BSE","1.6900","1.5300","","","80000"
"530495","STRATMONT","Stratmont Industries Limited","XT","1.0000","1","ES","E","BSE","61.3700","55.5300","","","80000"
"519500","BKV","BKV Industries","X","1.0000","1","ES","E","BSE","10.4100","6.9500","","","80000"
"524572","PHARMAID","Pharmaids Pharmaceuticals","X","1.0000","1","ES","E","BSE","33.2000","22.1400","","","80000"
"532902","CCCL","Consolidated Construction","B","1.0000","1","ES","E","BSE","14.2000","11.6200","","","7781656"
"514386","GUJCOTEX","Gujarat Cotex Ltd.","X","1.0000","1","ES","E","BSE","7.9500","5.3100","","","80000"
"524322","KABRADG","Kabra Drugs","X","1.0000","1","ES","E","BSE","25.8000","23.3600","","","80000"
"532989","BAFNAPH","Bafna Pharmaceuticals Ltd.","B","5.0000","1","ES","E","BSE","118.6500","107.3500","","","773562"
"532614","IMPEXFERRO","Impex Ferro Tech","Z","1.0000","1","ES","E","BSE","1.4700","1.3300","","","2875363"
"531155","EPSOMPRO","Epsom Properties Ltd.","X","1.0000","1","ES","E","BSE","6.7500","6.1100","","","80000"
"526445","INDRANIB","Indrayani Biotech Ltd.","X","1.0000","1","ES","E","BSE","8.6700","5.7900","","","80000"
"526755","VELHO","Velan Hotels Ltd.","X","1.0000","1","ES","E","BSE","5.4100","4.9100","","","80000"
"543207","NATURAL","Natural Biocon (India) Limited","XT","1.0000","1","ES","E","BSE","3.4100","3.0900","","","80000"
"540078","MITSU","Mitsu Chem Plast","X","1.0000","1","ES","E","BSE","97.9200","65.2800","","","80000"
"539190","DFL","Decillion Finance Ltd.","X","1.0000","1","ES","E","BSE","47.0400","42.5600","","","80000"
"538857","SCC","Scintilla Commercial & Credit","XT","1.0000","1","ES","E","BSE","13.7200","12.4200","","","80000"
"18977","UNIVASTU","Univastu India Limited","EQ","1.0000","1","ES","E","NSE","71.7700","47.8500","","","1176767"
"19073","AARVI","Aarvi Encon Limited","EQ","1.0000","1","ES","E","NSE","144.8200","96.5600","","","484309"
"543208","REGIS","Regis Industries","X","1.0000","1","ES","E","BSE","2.7000","1.8000","","","80000"
"515008","MODINSU","Modern Insulators Ltd.","X","5.0000","1","ES","E","BSE","229.0500","207.2500","","","80000"
"531925","SHAQUAK","Shantanu Sheorey Aquakult Ltd.","X","1.0000","1","ES","E","BSE","1.4100","0.9500","","","80000"
"531716","TRICOMFRU","Tricom Fruit Products Limited","XT","1.0000","1","ES","E","BSE","1.9900","1.8100","","","80000"
"19097","SILLYMONKS","Silly Monks Entertain Ltd","EQ","1.0000","1","ES","E","NSE","16.2100","14.6700","","","407469"
"532937","KUANTUM","Kuantum Papers","B","1.0000","1","ES","E","BSE","79.3000","52.8800","","","1517427"
"543210","AARTISURF","Aarti Surfactants Limited","B","5.0000","1","ES","E","BSE","385.6500","257.1500","","","276805"
"19233","AARTISURF","Aarti Surfactants Limited","EQ","5.0000","1","ES","E","NSE","385.3000","256.9000","","","276805"
"13870","KUANTUM","Kuantum Papers","EQ","1.0000","1","ES","E","NSE","79.0800","52.7200","","","1517427"
"543212","BOROLTD","Borosil Limited","B","5.0000","1","ES","E","BSE","262.3500","174.9500","","","457521"
"19401","BOROLTD","Borosil Limited","EQ","1.0000","1","ES","E","NSE","262.2400","174.8400","","","457521"
"543213","ROSSARI","Rossari Biotech","B","5.0000","1","ES","E","BSE","453.9500","302.6500","","","264123"
"19410","ROSSARI","Rossari Biotech","EQ","5.0000","1","ES","E","NSE","454.3000","302.9000","","","264123"
"22255","NDRAUTO","NDR Auto Components Ltd","EQ","5.0000","1","ES","E","NSE","732.9500","488.6500","","","163714"
"543214","NDRAUTO","NDR Auto Components Limited","B","5.0000","1","ES","E","BSE","730.6000","487.1000","","","163714"
"22277","WORTHPERI","Worth Peripherals Limited","EQ","1.0000","1","ES","E","NSE","139.8200","93.2200","","","515057"
"22347","MACPOWER","Macpower Cnc Machines Ltd","EQ","5.0000","1","ES","E","NSE","951.5000","634.4000","","","126102"
"22362","MCL","Madhav Copper Limited","BE","1.0000","1","ES","E","NSE","57.4900","52.0300","","","887569"
"22377","MAXHEALTH","MAX Healthcare Ins Ltd","EQ","5.0000","1","ES","E","NSE","1058.5000","866.1000","","","103152"
"543220","MAXHEALTH","MAX Healthcare Institute Limit","A","5.0000","1","ES","E","BSE","1057.8000","865.5000","","","103152"
"526443","AEIM","Artificial Electronics Intelli","X","5.0000","1","ES","E","BSE","107.5500","97.3500","","","80000"
"543223","MAXIND","MAX India Limited","B","5.0000","1","ES","E","BSE","147.5000","98.4000","","","813999"
"22428","MAXIND","MAX India Limited","EQ","1.0000","1","ES","E","NSE","147.4200","98.2800","","","813999"
"22423","TOTAL","Total Transport Sys Ltd","EQ","1.0000","1","ES","E","NSE","57.2500","38.1700","","","527352"
"532138","SMCREDT","SMC Credits Ltd.","XT","1.0000","1","ES","E","BSE","15.7500","1.5800","","","80000"
"539767","MNIL","Mega Nirman & Industries Limit","X","1.0000","1","ES","E","BSE","41.9000","37.9200","","","80000"
"540811","DML","Diggi Multitrade","M","1.0000","5000","ES","E","BSE","12.0000","8.0000","","","80000"
"21868","TIRUPATI","Shree Tirupati Balajee","SM","5.0000","125","ES","E","NSE","450.1000","407.3000","","","233254"
"540651","JIGAR","Jigar Cables","M","1.0000","2000","ES","E","BSE","72.0000","48.0000","","","80000"
"505502","PSITINFRA","PS IT Infrastructure & Service","X","1.0000","1","ES","E","BSE","1.2000","1.1600","","","80000"
"539097","URSUGAR","HKG","B","1.0000","1","ES","E","BSE","2.4600","1.6400","","","80000"
"590068","KHAITANLTD","Khaitan (India) Ltd.","B","1.0000","1","ES","E","BSE","120.0000","80.0000","","","155324"
"17781","KKVAPOW","Kkv Agro Powers","SM","5.0000","171","ES","E","NSE","614.2500","555.7500","","","20390"
"537582","UNISHIRE","Unishire Urban Infra","M","1.0000","10000","ES","E","BSE","1.4400","0.9600","","","80000"
"540843","RITHWIKFMS","Rithwik Facility Manageme","MT","5.0000","1000","ES","E","BSE","162.7500","147.2500","","","80000"
"526508","SHAHISHIP","Shahi Shipping Limited","X","1.0000","1","ES","E","BSE","13.6300","12.3500","","","80000"
"541228","TRL","Taylormade Renewables Lim","B","1.0000","1","ES","E","BSE","92.1900","83.4100","","","80000"
"526709","BITS","BITS","X","1.0000","1","ES","E","BSE","7.1000","6.4400","","","80000"
"27020","ABINFRA","A B Infrabuild Limited","EQ","1.0000","1","ES","E","NSE","17.2500","14.1300","","","6373201"
"511563","SANCF","Sanchay Finvest Ltd.","Z","1.0000","1","ES","E","BSE","39.1400","35.4200","","","80000"
"27754","INNOVANA","Innovana Thinklabs Ltd","EQ","5.0000","1","ES","E","NSE","386.4500","257.6500","","","310499"
"541929","SGIL","Synergy Green Industries","B","5.0000","1","ES","E","BSE","576.7000","384.5000","","","209379"
"509762","MAPROIN","Mapro Industries Ltd.","XT","1.0000","1","ES","E","BSE","50.4100","45.6100","","","80000"
"531015","VENMAX","Venmax Drugs And Pharmaceutica","X","1.0000","1","ES","E","BSE","28.3400","23.2000","","","80000"
"15589","AVG","AVG Logistics Limited","EQ","1.0000","1","ES","E","NSE","173.4100","115.6100","","","492387"
"542459","KRANTI","Kranti Industries","B","1.0000","1","ES","E","BSE","62.1200","41.4200","","","80000"
"11779","ACEINTEG","ACE Integrated Solu. Ltd.","EQ","1.0000","1","ES","E","NSE","18.3000","12.2000","","","333539"
"540150","MHEL","Mewar Hi-Tech Engineering","MT","1.0000","750","ES","E","BSE","57.9000","52.4000","","","80000"
"3950","JAKHARIA","Jakharia Fabric Limited","ST","5.0000","2400","ES","E","NSE","63.5000","57.5000","","","398661"
"482","AISL","ANI Integrated Serv","SM","5.0000","600","ES","E","NSE","63.0000","57.0000","","","382171"
"541112","SHREESHAY","Shreeshay Engineers Limit","M","1.0000","2000","ES","E","BSE","25.8500","21.1500","","","80000"
"526877","SIDDHEGA","Siddheswari Garments Ltd.","X","1.0000","1","ES","E","BSE","23.1500","20.9500","","","80000"
"542721","ARL","Anand Rayons","B","1.0000","1","ES","E","BSE","65.7800","59.5200","","","80000"
"542034","SMGOLD","S. M. Gold","B","1.0000","1","ES","E","BSE","11.2300","10.1700","","","80000"
"531696","VSDCONF","VSD Confin Ltd.","XT","1.0000","1","ES","E","BSE","8.4700","0.8500","","","80000"
"526468","EUROLED","Euro Leder Fashion Ltd.","X","1.0000","1","ES","E","BSE","20.3400","13.5600","","","80000"
"531959","NEWINFRA","Newtime Infrastructure Limited","X","1.0000","1","ES","E","BSE","2.0700","1.3900","","","80000"
"532335","AMBICAAGAR","Ambica Agarbathies & Aroma Ind","B","1.0000","1","ES","E","BSE","25.0200","16.6800","","","561700"
"542599","ROOPSHRI","Roopshri Resorts","MT","1.0000","3000","ES","E","BSE","68.2000","61.7200","","","80000"
"542728","SKIEL","Sk International Export L","MT","1.0000","6000","ES","E","BSE","33.9900","30.7700","","","80000"
"535916","ALSL","Alacrity Securities","B","1.0000","1","ES","E","BSE","59.2200","39.4800","","","80000"
"500389","SILVERLINE","Silverline Technologies Ltd.","XT","1.0000","1","ES","E","BSE","9.0100","8.1700","","","80000"
"530547","KENFIN","KEN Financial Services Ltd.","X","1.0000","1","ES","E","BSE","9.9900","9.0500","","","80000"
"512265","AVONMERC","Avon Mercantile Ltd.","XT","1.0000","1","ES","E","BSE","18.0000","1.8000","","","80000"
"541337","MILEFUR","Milestone Furniture Limit","MT","1.0000","3000","ES","E","BSE","28.8100","26.0700","","","80000"
"542850","GOBLIN","Goblin India","M","1.0000","2000","ES","E","BSE","7.2000","4.8000","","","80000"
"538716","ARYACAPM","Aryaman Capital Markets L","B","5.0000","1","ES","E","BSE","433.5000","392.3000","","","80000"
"536710","SRGFFL","SRG Fingrow Finance","M","1.0000","3000","ES","E","BSE","27.3600","18.2400","","","80000"
"504903","RATHIST","Rathi Steel & Power Ltd.","X","1.0000","1","ES","E","BSE","16.5600","11.0400","","","80000"
"542437","ANMOL","Anmol India","B","1.0000","1","ES","E","BSE","10.2400","6.8400","","","1861092"
"6040","EIFFL","Euro Fresh Foods","EQ","1.0000","1","ES","E","NSE","254.9100","169.9500","","","470728"
"531262","EQUILATERA","Surya Industrial Corporation L","X","1.0000","1","ES","E","BSE","22.6800","20.5200","","","80000"
"516038","KSSMART","Soma Papers & Industries Ltd.","XT","5.0000","1","ES","E","BSE","252.1500","228.1500","","","80000"
"532131","TRIUMPIN","Triumph International Finance","X","1.0000","1","ES","E","BSE","16.7000","13.6800","","","80000"
"4957","GANGAFORGE","Ganga Forging Limited","EQ","1.0000","1","ES","E","NSE","2.8500","1.9100","","","4408032"
"6570","LAXMICOT","Laxmi Cotspin Limited","BE","1.0000","1","ES","E","NSE","12.4700","11.2900","","","560728"
"540782","SBRANDS","Sanghvi Brands","M","1.0000","1000","ES","E","BSE","10.8000","7.2000","","","80000"
"530251","RISAINTL","Risa International Ltd.","X","1.0000","1","ES","E","BSE","0.4800","0.4000","","","80000"
"540757","SCPL","Sheetal Cool Products Lim","T","5.0000","1","ES","E","BSE","321.3500","290.7500","","","321331"
"506373","CITURGIA","Citurgia Biochemicals Ltd.","XT","5.0000","1","ES","E","BSE","183.1000","165.7000","","","80000"
"534741","VIRTUALG","Virtual Global Education Ltd.","X","1.0000","1","ES","E","BSE","0.5200","0.3600","","","80000"
"1030","AARON","Aaron Industries Limited","EQ","1.0000","1","ES","E","NSE","131.1200","87.4200","","","684949"
"524046","PETPLST","PET Plastics Ltd.","XT","5.0000","1","ES","E","BSE","185.2500","18.5500","","","80000"
"535917","GCMCOMM","Gcm Commodity & Derivatives","M","1.0000","6000","ES","E","BSE","4.6500","3.8100","","","80000"
"542865","ANUROOP","Anuroop Packaging","B","1.0000","1","ES","E","BSE","11.5800","7.7200","","","80000"
"12153","BBTCL","B&B Triplewall Cont Ltd","EQ","1.0000","1","ES","E","NSE","191.7000","127.8000","","","625962"
"507833","COMPUPN","Computer Point Ltd.","X","1.0000","1","ES","E","BSE","4.5800","3.0600","","","80000"
"9570","KHFM","Khfm Hos Fac Mana Ser","SM","5.0000","1550","ES","E","NSE","64.0000","42.7000","","","755713"
"541701","SUPERSHAKT","Supershakti Metaliks Limi","M","5.0000","300","ES","E","BSE","240.0000","160.0000","","","80000"
"534659","JOINTECAED","Jointeca Education Soluti","MT","1.0000","8000","ES","E","BSE","5.6100","5.0900","","","80000"
"30455","SPECTRUM","SPECTRUM ELECTRIC IND LTD","EQ","10.0000","1","ES","E","NSE","1863.3000","1242.3000","","","64395"
"8524","SURANI","Surani Steel Tubes Ltd.","ST","5.0000","200","ES","E","NSE","108.9500","98.6500","","","508420"
"538667","SIROHIA","Sirohia & Sons","MT","1.0000","10000","ES","E","BSE","7.6300","6.9100","","","80000"
"514414","OXFORDIN","Oxford Industries Ltd.","XT","1.0000","1","ES","E","BSE","12.8900","12.3900","","","80000"
"2666","VERA","Vera Synthetic","SM","5.0000","1500","ES","E","NSE","72.4500","65.5500","","","161374"
"539997","KPL","Kwality Pharmaceuticals L","B","5.0000","1","ES","E","BSE","1567.6000","1045.1000","","","80000"
"518053","SRICC","SRI Chakra Cement Limited","X","1.0000","1","ES","E","BSE","42.7300","38.6700","","","80000"
"536737","ACFSL","Amrapali Capital And Finance","MT","1.0000","1200","ES","E","BSE","21.0400","19.0400","","","80000"
"539843","NINSYS","Nintec Systems","B","5.0000","1","ES","E","BSE","477.5000","318.4000","","","251593"
"541445","WAA","Waa Solar","M","1.0000","800","ES","E","BSE","47.1000","38.5400","","","80000"
"540519","MEERA","Meera Industries","B","1.0000","1","ES","E","BSE","49.3300","32.8900","","","80000"
"2176","AKG","AKG Exim Limited","EQ","1.0000","1","ES","E","NSE","11.0700","7.3900","","","1039094"
"542654","VRFILMS","V R Films & Studios Limit","B","1.0000","1","ES","E","BSE","13.4800","9.0000","","","80000"
"19876","LGHL","Laxmi Goldorna House Ltd","EQ","1.0000","1","ES","E","NSE","273.7200","182.4800","","","438359"
"541144","ACTIVE","Active Clothing Co  Limit","B","1.0000","1","ES","E","BSE","108.5000","72.3400","","","80000"
"538579","ZINEMA","Trivikrama Industries","MT","1.0000","4000","ES","E","BSE","19.1400","17.3200","","","80000"
"542694","PARSHVA","Parshva Enterprises Limit","B","5.0000","1","ES","E","BSE","195.6000","130.4000","","","80000"
"540809","MRCAGRO","MRC Agrotech","B","1.0000","1","ES","E","BSE","34.6100","31.3300","","","80000"
"8083","CROWN","Crown Lifters Limited","EQ","1.0000","1","ES","E","NSE","126.3700","84.2500","","","378992"
"531441","LYONSCO","Lyons Corporate Market Ltd.","X","1.0000","1","ES","E","BSE","20.1500","16.4900","","","80000"
"542666","GKP","G. K. P. Printing & Packa","B","1.0000","1","ES","E","BSE","5.3000","4.8000","","","80000"
"539521","NAVIGANT","Navigant Corporate Advisors","MT","1.0000","1250","ES","E","BSE","89.2800","80.7800","","","80000"
"511194","ICDSLTD","ICDS Ltd.","T","1.0000","1","ES","E","BSE","47.4400","42.9400","","","425973"
"822","BANKA","Banka Bioloo Limited","EQ","1.0000","1","ES","E","NSE","46.1600","37.7800","","","357163"
"503685","MEDIAONE","Mediaone Global Entertainment","Z","1.0000","1","ES","E","BSE","15.7500","14.2500","","","80000"
"542801","MISQUITA","Misquita Engineering Limi","M","5.0000","1000","ES","E","BSE","140.4000","93.6000","","","80000"
"540718","AAYUSHBULL","Aayush art and bullion","M","5.0000","125","ES","E","BSE","1349.4000","899.6000","","","80000"
"542628","NSL","Northern Spirits","B","1.0000","1","ES","E","BSE","116.1600","77.4400","","","80000"
"540955","TDSL","Tasty Dairy Specialities","XT","1.0000","1","ES","E","BSE","5.0700","4.5900","","","80000"
"4084","AMBANIORGO","Ambani Orgochem Limited","ST","5.0000","1000","ES","E","NSE","136.3500","123.4500","","","250438"
"542025","SUNRETAIL","Sun Retail","M","1.0000","48000","ES","E","BSE","0.3400","0.2400","","","80000"
"8827","AVROIND","Avro India Limited","EQ","1.0000","1","ES","E","NSE","113.3700","102.5900","","","435271"
"522235","MINALIND","Minal Industries Limited","X","1.0000","1","ES","E","BSE","2.4200","1.6200","","","80000"
"1328","MARINE","Marine Electrical (I) Ltd","EQ","1.0000","1","ES","E","NSE","182.0400","121.3600","","","659111"
"538765","JSHL","Jla Infraville Shoppers L","M","1.0000","5000","ES","E","BSE","8.4800","7.6800","","","80000"
"507984","SERIND","SER Industries Ltd.","XT","5.0000","1","ES","E","BSE","710.3500","682.5500","","","80000"
"532275","LANDMARC","Landmarc Leisure Corporation L","X","1.0000","1","ES","E","BSE","1.8600","1.7000","","","80000"
"18742","GRETEX","Gretex Industries Ltd.","ST","5.0000","750","ES","E","NSE","314.5500","284.6500","","","333767"
"535279","BMAL","Bothra Metals & Alloys","M","1.0000","4000","ES","E","BSE","10.0500","9.1100","","","80000"
"542057","BCPL","Bcpl Railway Infrastructu","B","1.0000","1","ES","E","BSE","83.1700","55.4500","","","546862"
"536738","STELLAR","Stellar Capital Services","M","1.0000","6000","ES","E","BSE","6.3000","4.2000","","","80000"
"6068","AIROLAM","Airo Lam Limited","EQ","1.0000","1","ES","E","NSE","99.6100","66.4100","","","490565"
"7791","UNIINFO","Uniinfo Telecom Servi Ltd","EQ","1.0000","1","ES","E","NSE","11.9500","7.9700","","","349665"
"521048","ADVLIFE","Advance Lifestyles Ltd.","X","1.0000","1","ES","E","BSE","28.6800","19.1200","","","80000"
"6451","SHUBHLAXMI","Shubhlaxmi Jewel Art","SM","5.0000","1000","ES","E","NSE","25.9000","23.5000","","","346750"
"6156","ARTNIRMAN","ART Nirman Limited","EQ","1.0000","1","ES","E","NSE","32.3200","26.4600","","","816061"
"534109","PYXISFIN","Pyxis Finvest","MT","1.0000","4000","ES","E","BSE","10.2400","9.2800","","","80000"
"541167","YASHO","Yasho Industries","B","5.0000","1","ES","E","BSE","1505.3000","1003.6000","","","79395"
"509960","UPHOT","U.P.Hotels Ltd.","X","5.0000","1","ES","E","BSE","1535.1500","1256.0500","","","80000"
"936","DPABHUSHAN","D. P. Abhushan Limited","EQ","5.0000","1","ES","E","NSE","1131.8000","754.6000","","","106012"
"540727","POOJA","Poojawestern Metaliks Lim","B","1.0000","1","ES","E","BSE","25.3000","16.8800","","","80000"
"524238","GUJINJEC","Gujarat Inject (Kerala) Ltd.","XT","1.0000","1","ES","E","BSE","82.1200","74.3000","","","80000"
"21260","TRANSWIND","Transwind Infra","SM","5.0000","4000","ES","E","NSE","20.4500","18.5500","","","250122"
"543065","SMAUTO","Sm Auto Stamping","M","1.0000","2000","ES","E","BSE","20.7000","13.8000","","","80000"
"3275","TEMBO","Tembo Global Ind Ltd","EQ","5.0000","1","ES","E","NSE","561.3500","374.2500","","","213755"
"500421","TPINDIA","TPI India Ltd.","X","1.0000","1","ES","E","BSE","18.7900","12.5300","","","80000"
"540729","VANTABIO","Vanta Bioscience","M","1.0000","750","ES","E","BSE","18.1800","12.1200","","","80000"
"543172","COSPOWER","Cospower Engineering Limi","M","5.0000","250","ES","E","BSE","955.5000","864.5000","","","80000"
"19279","THEJO","Thejo Engineering Limited","EQ","10.0000","1","ES","E","NSE","1748.8000","1166.0000","","","68610"
"542383","RITCO","Ritco Logistics","B","5.0000","1","ES","E","BSE","212.5500","141.7500","","","559861"
"543211","BONLON","Bonlon Industries Limited","T","1.0000","1","ES","E","BSE","36.9200","33.4200","","","463795"
"500282","MODTHREAD","Modern Threads (India) Ltd.","B","1.0000","1","ES","E","BSE","46.4900","42.0700","","","1137147"
"538422","JACKSON","Jackson Investments Ltd","X","1.0000","1","ES","E","BSE","0.4000","0.3800","","","80000"
"538743","MUDUNURU","Mudunuru Limited","XT","1.0000","1","ES","E","BSE","12.2400","11.7600","","","80000"
"539680","GANGAPHARM","Ganga Pharmaceuticals","M","1.0000","8000","ES","E","BSE","14.4000","9.6000","","","80000"
"540358","RMC","Rmc Switchgears","T","5.0000","1","ES","E","BSE","370.9000","335.6000","","","283078"
"543209","BILLWIN","Billwin Industries Limited","M","1.0000","3000","ES","E","BSE","31.1100","20.7500","","","80000"
"539273","PECOS","Pecos Hotels And Pubs","M","5.0000","500","ES","E","BSE","313.3500","208.9500","","","80000"
"539983","SIDH","Sidh Automobiles Limited","XT","1.0000","1","ES","E","BSE","18.7500","1.8800","","","80000"
"24378","RELIABLE","Reliable Data Service Ltd","EQ","1.0000","1","ES","E","NSE","122.2500","100.0300","","","337463"
"514260","SURBHIN","Surbhi Industries Ltd.","XT","1.0000","1","ES","E","BSE","73.3600","66.3800","","","80000"
"542013","DOLFIN","Dolfin Rubbers","B","5.0000","1","ES","E","BSE","204.2000","136.2000","","","80000"
"539314","UNIAUTO","Universal Autofoundry","B","1.0000","1","ES","E","BSE","53.1300","35.4300","","","80000"
"2004","AHLADA","Ahlada Engineers Limited","EQ","1.0000","1","ES","E","NSE","38.4700","25.6500","","","422516"
"15121","SVLL","Shree Vasu Logistics Ltd","EQ","5.0000","1","ES","E","NSE","527.8500","431.9500","","","208369"
"542019","SHUBHAM","Shubham Polyspin","X","1.0000","1","ES","E","BSE","55.8400","50.5400","","","80000"
"542851","GENSOL","Gensol Engineering Limite","Z","1.0000","1","ES","E","BSE","20.5500","18.6100","","","1242679"
"512115","ROSEMER","Rose Merc.Ltd.","X","1.0000","1","ES","E","BSE","83.6400","55.7600","","","80000"
"1274","VASA","Vasa Retail & Oversea","SM","5.0000","4000","ES","E","NSE","4.9500","4.5500","","","195956"
"540402","MANAS","Manas Properties","MT","5.0000","300","ES","E","BSE","409.5000","370.5000","","","80000"
"542727","CPML","City Pulse Multiventures","M","5.0000","50","ES","E","BSE","2933.5000","1955.7000","","","80000"
"3586","MOKSH","Moksh Ornaments Limited","EQ","1.0000","1","ES","E","NSE","10.3500","6.9100","","","2885741"
"540850","JFL","Jhandewalas Foods","MT","1.0000","1000","ES","E","BSE","27.4200","24.8200","","","80000"
"531769","PFLINFOTC","PFL Infotech Ltd.","XT","1.0000","1","ES","E","BSE","4.7400","4.5600","","","80000"
"531286","ADHHATA","Adhata global","X","1.0000","1","ES","E","BSE","24.9900","22.6100","","","80000"
"539116","OPCHAINS","O. P. Chains","MT","1.0000","5000","ES","E","BSE","32.5600","29.4600","","","80000"
"9862","WEWIN","We Win Limited","EQ","1.0000","1","ES","E","NSE","40.7000","33.3000","","","332264"
"5460","PARIN","Parin Furniture","SM","5.0000","250","ES","E","NSE","644.6000","527.4000","","","170639"
"538576","BHANDERI","Bhanderi Infracon","MT","5.0000","1200","ES","E","BSE","147.0000","133.0000","","","80000"
"1354","PARAMPARA","A And M Jumbo Bags Ltd","ST","5.0000","8000","ES","E","NSE","11.8000","10.7000","","","343349"
"537784","KCSL","Karnimata Cold Storage","M","1.0000","6000","ES","E","BSE","11.1800","7.4600","","","80000"
"540756","KAARYAFSL","Kaarya Facilities And Ser","MT","1.0000","6000","ES","E","BSE","28.1700","25.4900","","","80000"
"541352","MEGASTAR","Megastar Foods","B","5.0000","1","ES","E","BSE","265.9000","240.6000","","","369303"
"513629","TULSYAN","Tulsyan Nec Ltd.","X","1.0000","1","ES","E","BSE","29.8200","26.9800","","","80000"
"542918","GIANLIFE","Gian Life Care","Z","1.0000","1","ES","E","BSE","6.4400","5.8400","","","80000"
"850","SMVD","Smvd Poly Pack Limited","ST","5.0000","4040","ES","E","NSE","11.7500","10.6500","","","327984"
"21217","ACCORD","Accord Synergy","SM","5.0000","2000","ES","E","NSE","27.3000","24.7000","","","113534"
"11566","DCI","Dc Infotech And Comun Ltd","EQ","5.0000","1","ES","E","NSE","360.1000","240.1000","","","333215"
"541778","DEEP","Deep Polymers","B","1.0000","1","ES","E","BSE","35.4700","23.6500","","","80000"
"1923","WEALTH","Wealth Frst Port. Mg. Ltd","EQ","5.0000","1","ES","E","NSE","969.3000","646.2000","","","123800"
"539335","CALLISTA","Chpl Industries Ltd.","XT","5.0000","1","ES","E","BSE","225.0500","203.6500","","","80000"
"542771","NOVATEOR","Novateor Research Laborat","MT","1.0000","3000","ES","E","BSE","32.7700","29.6500","","","80000"
"535431","GCMSECU","Gcm Securities","B","1.0000","1","ES","E","BSE","0.6200","0.4200","","","80000"
"573","FELIX","Felix Industries","SM","5.0000","500","ES","E","NSE","190.2000","126.8000","","","562647"
"542477","GLAAMUP","Gleam Fabmat","MT","1.0000","10000","ES","E","BSE","15.6700","14.1900","","","80000"
"526883","SHIKHAR","Shikhar Consultants Ltd.","XT","1.0000","1","ES","E","BSE","14.3300","13.7700","","","80000"
"511246","BOMTALKIES","Bombay Talkies Limited","X","1.0000","1","ES","E","BSE","4.3900","3.9900","","","80000"
"4214","UCL","Ushanti Colour Chem Ltd","ST","5.0000","2000","ES","E","NSE","86.7000","83.3000","","","367440"
"541634","RAWEDGE","Raw Edge Industrial Solut","B","1.0000","1","ES","E","BSE","16.7300","15.1500","","","80000"
"540936","GGL","Gautam Gems","X","1.0000","1","ES","E","BSE","2.8800","1.9200","","","80000"
"540786","SHARIKA","Sharika Enterprises Limit","B","1.0000","1","ES","E","BSE","10.8200","7.2200","","","80000"
"532303","INTEGHIT","Integrated Hitech Ltd.","XT","1.0000","1","ES","E","BSE","4.8900","4.4300","","","80000"
"21698","MANAV","Manav Infra Projects Ltd","ST","5.0000","4000","ES","E","NSE","42.0000","38.0000","","","430331"
"20503","ASLIND","ASL Industries Limited","ST","5.0000","2000","ES","E","NSE","81.0500","73.3500","","","340638"
"541703","RACONTEUR","Ganesh Films India Limite","M","1.0000","1600","ES","E","BSE","14.7000","9.8000","","","80000"
"541865","ASRL","Add-Shop E-Retail","B","1.0000","1","ES","E","BSE","6.6900","4.4700","","","80000"
"1480","REPL","Rudrabhishek Enterp Ltd","EQ","1.0000","1","ES","E","NSE","73.5800","49.0600","","","592605"
"381","SINTERCOM","Sintercom India Limited","EQ","1.0000","1","ES","E","NSE","87.1900","58.1300","","","900159"
"542146","SKIFL","Shree Krishna Infrastruct","MT","1.0000","1250","ES","E","BSE","9.9700","9.0300","","","80000"
"538794","JETSOLAR","Jet solar","MT","1.0000","4000","ES","E","BSE","14.7300","13.3300","","","80000"
"531144","ELFORGE","EL Forge Ltd.","X","1.0000","1","ES","E","BSE","14.8000","9.8800","","","80000"
"8469","MITCON","Mitcon Con & Eng Ser Ltd","EQ","1.0000","1","ES","E","NSE","65.7900","43.8700","","","569582"
"5865","LAGNAM","Lagnam Spintex Limited","EQ","1.0000","1","ES","E","NSE","72.0600","48.0400","","","577776"
"542046","VIVIDM","Vivid Mercantile","T","1.0000","1","ES","E","BSE","8.0600","7.3000","","","80000"
"540144","DRA","Dra Consultants","M","1.0000","2500","ES","E","BSE","15.7200","10.4800","","","80000"
"507","PULZ","Pulz Electronics","SM","5.0000","2000","ES","E","NSE","23.3500","21.1500","","","713121"
"533203","TARAPUR","Tarapur Transformers Ltd","B","1.0000","1","ES","E","BSE","25.5200","23.1000","","","637650"
"519479","OMEAG","Omega Ag-Seeds (Punjab) Ltd.","X","1.0000","1","ES","E","BSE","8.4000","7.6000","","","80000"
"512361","CUPIDALBV","Cupid Breweries And Distilleri","X","1.0000","1","ES","E","BSE","20.3000","18.3800","","","80000"
"531458","BOSTON","Boston Bio Systems Ltd.","XT","1.0000","1","ES","E","BSE","8.2700","7.4900","","","80000"
"19352","PROLIFE","Prolife Industries","SM","5.0000","500","ES","E","NSE","63.0000","57.0000","","","133876"
"541799","SMEL","Sungold Media And Enterta","MT","1.0000","5000","ES","E","BSE","13.3000","12.0400","","","80000"
"541304","INDOUS","Indo Us Bio-Tech","B","1.0000","1","ES","E","BSE","117.4800","78.3200","","","655700"
"540550","YUG","Yug Decor","M","1.0000","5175","ES","E","BSE","17.5200","11.6800","","","80000"
"540072","SHIVAEXPO","Shiva Granito Export Limi","MT","1.0000","10000","ES","E","BSE","13.9600","12.6400","","","80000"
"539760","RELICAB","Relicab Cable Manufacturi","B","1.0000","1","ES","E","BSE","34.6500","31.3500","","","80000"
"500342","PRUDMOULI","Prudential Sugar Corporation L","B","1.0000","1","ES","E","BSE","12.3200","11.1600","","","1054640"
"521246","PARASPETRO","Paras Petrofils Ltd.","T","1.0000","1","ES","E","BSE","2.6300","2.5300","","","10929026"
"8304","PRITI","Priti International Ltd","EQ","1.0000","1","ES","E","NSE","38.6800","25.8000","","","436653"
"541006","ANGEL","Angel Fibers","M","1.0000","4000","ES","E","BSE","11.5500","10.4500","","","80000"
"18700","JETKNIT","JET Knitwears Ltd.","ST","5.0000","750","ES","E","NSE","93.6500","84.7500","","","133520"
"539265","AMRAFIN","Amrapali Fincap","MT","1.0000","1200","ES","E","BSE","13.3500","12.0900","","","80000"
"540416","OCTAWARE","Octaware Technologies Limited","MT","1.0000","1600","ES","E","BSE","66.9400","60.5800","","","80000"
"543193","DJML","Dj Mediaprint & Logistics","T","1.0000","1","ES","E","BSE","86.8400","78.5800","","","1124155"
"590041","KAVDEFENCE","Kavveri Defence & Wireless Technologies","T","1.0000","1","ES","E","BSE","53.9400","48.8200","","","1124038"
"18693","AVSL","Avsl Industries Limited","ST","5.0000","1000","ES","E","NSE","125.6500","113.7500","","","174327"
"526439","AMBIT","Ambitious Plastomac Company Lt","X","1.0000","1","ES","E","BSE","10.6400","9.6400","","","80000"
"15716","PIGL","Power Instrument (G) Ltd","EQ","1.0000","1","ES","E","NSE","107.1400","87.6600","","","583135"
"541353","INNOVATORS","Innovators Facade Systems","M","5.0000","800","ES","E","BSE","127.2000","84.8000","","","80000"
"536073","JULIEN","Julien Agro Infratech Limited","X","1.0000","1","ES","E","BSE","2.1900","1.4700","","","80000"
"538731","HANMAN","Hanman Fit","M","1.0000","4200","ES","E","BSE","4.8000","3.2000","","","80000"
"538319","GCMCAPI","Gcm Capital Advisors","MT","1.0000","1000","ES","E","BSE","3.3400","3.0400","","","80000"
"539041","GANVERSE","SVP Housing","M","1.0000","1250","ES","E","BSE","20.5900","13.7300","","","80000"
"541338","UHZAVERI","U. H. Zaveri","B","1.0000","1","ES","E","BSE","12.6700","11.4700","","","80000"
"540146","ACML","Aditya Consumer Marketing","M","1.0000","1000","ES","E","BSE","38.4600","25.6400","","","80000"
"526841","SHAKTIPR","Shakti Press Ltd.","X","1.0000","1","ES","E","BSE","24.9300","22.5700","","","80000"
"1547","RKEC","Rkec Projects Limited","EQ","1.0000","1","ES","E","NSE","31.2000","20.8000","","","844333"
"539123","VBIND","V B Industries Limited","X","1.0000","1","ES","E","BSE","5.6500","5.1300","","","80000"
"526677","KEEPLEARN","DSJ Keep Learning Limited","B","1.0000","1","ES","E","BSE","1.7700","1.1900","","","5091785"
"759842","BETA","BETA DRUGS LIMITED","EQ","10.0000","1","ES","E","NSE","1427.1000","951.5000","","","84075"
"537573","POLYMAC","Polymac Thermoformers","M","1.0000","800","ES","E","BSE","17.4300","15.7700","","","80000"
"539099","ATHCON","Athena Constructions Limited","M","1.0000","2500","ES","E","BSE","4.2200","2.8200","","","80000"
"511644","OMEGAIN","Omega Interactive Technologies","XT","1.0000","1","ES","E","BSE","69.1600","62.5800","","","80000"
"540681","CHOTHANI","Chothani Foods","M","1.0000","2500","ES","E","BSE","12.3600","11.2000","","","80000"
"21823","CADSYS","Cadsys","SM","5.0000","500","ES","E","NSE","46.6000","42.2000","","","327081"
"523387","TRITON","Triton Corp.Ltd.","XT","1.0000","1","ES","E","BSE","1.3300","1.2100","","","80000"
"20973","VSCL","Vadivarhe Spclty Chem","SM","5.0000","3000","ES","E","NSE","22.2000","20.1000","","","417995"
"539659","KAMATS","Vidli Restaurants","B","1.0000","1","ES","E","BSE","41.9100","27.9500","","","80000"
"539189","ADHBHUTIN","Adhbhut Infrastructure Ltd.","X","1.0000","1","ES","E","BSE","13.5300","11.0700","","","80000"
"2531","CONTI","Continental Seed Chem","SM","5.0000","3333","ES","E","NSE","13.7000","12.4000","","","455916"
"534708","SHANTIGURU","Shanti Guru Industries Limited","MT","1.0000","3000","ES","E","BSE","8.0000","7.2400","","","80000"
"532640","CYBERMEDIA","Cyber Media (India) Ltd.","B","1.0000","1","ES","E","BSE","12.6500","10.3500","","","674295"
"537669","LAXMIPATI","Laxmipati Engineering","M","5.0000","500","ES","E","BSE","300.0000","200.0000","","","80000"
"13616","GOLDKART","Sona Hi Sona Jewell G","SM","5.0000","625","ES","E","NSE","257.2500","232.7500","","","408152"
"541196","LEX","Lex Nimble Solutions Limi","MT","1.0000","2000","ES","E","BSE","87.3100","79.0100","","","80000"
"10770","AHIMSA","Ahimsa Industries Ltd.","ST","5.0000","3000","ES","E","NSE","25.9000","23.5000","","","178999"
"540396","MANOMAY","Manomay Tex India","B","5.0000","1","ES","E","BSE","281.5500","187.7500","","","424524"
"535647","SDC","Sdc Techmedia","MT","1.0000","10000","ES","E","BSE","19.8400","17.9600","","","80000"
"17071","URAVIDEF","Uravi Defence and Technology","EQ","1.0000","1","ES","E","NSE","123.5000","101.0600","","","372779"
"526075","VINRKLB","Rekvina Laboratories Ltd.","XT","1.0000","1","ES","E","BSE","36.8700","35.4300","","","80000"
"11627","NARMADA","Narmada Agrobase Limited","EQ","1.0000","1","ES","E","NSE","36.3400","24.2400","","","1240520"
"538668","MIIL","Meghna Infracon Infrastructure Limited","B","5.0000","1","ES","E","BSE","643.6500","429.1500","","","80000"
"540269","SKL","Super Fine Knitters Limited","MT","1.0000","10000","ES","E","BSE","8.2700","7.4900","","","80000"
"539402","NAKSH","Vaksons Automobiles","B","1.0000","1","ES","E","BSE","3.9100","3.2100","","","80000"
"15030","ASCOM","Ascom Leasin & Invest Ltd","ST","5.0000","500","ES","E","NSE","226.6000","217.8000","","","383053"
"5945","UWCSL","Ultra Wiring Conn Sys","SM","5.0000","1000","ES","E","NSE","97.7000","88.4000","","","170156"
"6141","PANSARI","Pansari Developers Ltd","EQ","5.0000","1","ES","E","NSE","265.4000","240.2000","","","395553"
"531396","WOMENNET","Women Networks Ltd.","X","1.0000","1","ES","E","BSE","7.3800","6.6800","","","80000"
"393","GLOBE","Globe Textiles (I) Ltd.","EQ","1.0000","1","ES","E","NSE","2.4000","1.6000","","","14728694"
"2132","MDL","Marvel Decor","SM","5.0000","1000","ES","E","NSE","68.4000","45.6000","","","580102"
"539985","TITAANIUM","Titaanium Ten Enterprise","M","1.0000","1000","ES","E","BSE","28.4100","25.7100","","","80000"
"540613","GEL","Gautam Exim","M","5.0000","375","ES","E","BSE","361.9000","296.1000","","","80000"
"117","OMFURN","Omfurn India","SM","5.0000","1200","ES","E","NSE","48.0000","32.0000","","","385022"
"513575","STERPOW","Sterling Powergensys Ltd","X","1.0000","1","ES","E","BSE","23.1700","15.4500","","","80000"
"513012","ZJEETMAC","Jeet Machine Tools Ltd.","XT","1.0000","1","ES","E","BSE","1.0200","0.1100","","","80000"
"9422","SILVERTUC","Silver Touch Techno Ltd","EQ","1.0000","1","ES","E","NSE","108.9900","98.6100","","","963375"
"503092","PASUSPG","Pasupati Spg.& Wvg.Mills Ltd.","X","1.0000","1","ES","E","BSE","28.7100","23.4900","","","80000"
"162","MILTON","Milton Industries Limited","ST","5.0000","4400","ES","E","NSE","52.8000","47.8000","","","555736"
"530027","AADIIND","Aadi Industries Ltd.","X","1.0000","1","ES","E","BSE","8.1500","7.3900","","","80000"
"540395","CHEMCRUX","Chemcrux Enterprises Limited","B","1.0000","1","ES","E","BSE","78.9600","52.6400","","","80000"
"2366","GIRIRAJ","Giriraj Civil Devp Ltd","ST","5.0000","250","ES","E","NSE","194.2500","175.7500","","","540531"
"5516","JAIPURKURT","Nandani Creation Limited","EQ","1.0000","1","ES","E","NSE","31.2200","20.8200","","","624266"
"541444","PALMJEWELS","Palm Jewels","B","1.0000","1","ES","E","BSE","17.1100","11.4100","","","80000"
"542446","JONJUA","Jonjua Overseas","M","1.0000","4821","ES","E","BSE","3.1900","2.8900","","","80000"
"489","ICEMAKE","ICE Make Refrigerat Ltd","EQ","5.0000","1","ES","E","NSE","798.4500","532.3500","","","150270"
"18769","DIRL","Dhanuka Infra Realty","SM","5.0000","6000","ES","E","NSE","11.2500","10.2500","","","311959"
"509732","KOTIC","Kothari Industrial Corporation","B","5.0000","1","ES","E","BSE","166.2000","150.4000","","","80000"
"511734","PASUFIN","Pasupati Fincap Ltd.","XT","1.0000","1","ES","E","BSE","11.6000","10.5000","","","80000"
"505343","MONOT","Monotype India Ltd.","X","1.0000","1","ES","E","BSE","0.4500","0.3100","","","80000"
"531572","RANJITSE","Ranjit Securities Ltd.","XT","1.0000","1","ES","E","BSE","90.7800","87.2200","","","80000"
"539788","KDML","Khemani Distributors","MT","5.0000","1200","ES","E","BSE","139.0500","125.8500","","","80000"
"3247","NITIRAJ","Nitiraj Engineers Ltd","EQ","1.0000","1","ES","E","NSE","241.1000","160.7400","","","335207"
"521238","BGDL","Bharat global developers","B","1.0000","1","ES","E","BSE","82.7100","74.8500","","","80000"
"539026","SSPNFIN","Sspn Finance","M","1.0000","4000","ES","E","BSE","11.1100","10.0700","","","80000"
"540694","ANG","Ang Lifesciences India Li","B","1.0000","1","ES","E","BSE","20.2600","16.5800","","","80000"
"511636","DJSSS","DJS Stock & Shares Ltd.","X","1.0000","1","ES","E","BSE","2.3000","1.5400","","","80000"
"526865","JAINCO","Jainco Projects (India) Ltd.","X","1.0000","1","ES","E","BSE","5.2100","4.7300","","","80000"
"759397","SOLEX","SOLEX ENERGY LIMITED","EQ","5.0000","1","ES","E","NSE","1105.5500","737.0500","","","108532"
"538520","SBL","Shivamshree Businesses Limited","X","1.0000","1","ES","E","BSE","2.2500","2.0500","","","80000"
"541967","SKYGOLD","Sky Gold and Diamonds","A","5.0000","1","ES","E","BSE","381.7500","254.5500","","","314084"
"535514","PRIMECAPM","Prime Capital Market Ltd.","X","1.0000","1","ES","E","BSE","5.3700","4.8700","","","80000"
"539401","PJL","Patdiam Jewellery","M","5.0000","750","ES","E","BSE","314.4000","209.6000","","","80000"
"8900","MINDPOOL","Mindpool Technologies","SM","5.0000","1000","ES","E","NSE","74.6500","67.5500","","","138566"
"20929","JALAN","Jalan Transolu. India","SM","5.0000","3000","ES","E","NSE","1.8000","1.7000","","","475367"
"538921","RAFL","Raghuvansh Agrofarms","M","1.0000","625","ES","E","BSE","65.3500","43.5700","","","80000"
"540796","RATNABHUMI","Ratnabhumi Developers Lim","B","5.0000","1","ES","E","BSE","252.0000","228.0000","","","80000"
"541299","DLCL","Dr Lalchandani Labs Limit","M","1.0000","4000","ES","E","BSE","15.5500","14.0700","","","80000"
"540148","BINDALEXPO","Bindal Exports","MT","1.0000","4000","ES","E","BSE","27.9300","25.2700","","","80000"
"540923","ASHOKAMET","Ashoka Metcast","B","1.0000","1","ES","E","BSE","14.5300","9.6900","","","817369"
"519528","NORBTEAEXP","Norben Tea & Exports Ltd.","T","1.0000","1","ES","E","BSE","93.7600","84.8400","","","508292"
"531840","IECEDU","IEC Education Ltd.","XT","1.0000","1","ES","E","BSE","29.9200","27.0800","","","80000"
"517556","PVP","PVP Ventures Ltd.","B","1.0000","1","ES","E","BSE","25.8000","21.1200","","","4257079"
"509024","GOLDLEG","Golden Legand Leasing & Financ","X","1.0000","1","ES","E","BSE","11.1100","7.4100","","","80000"
"539900","DIDL","Dalmia Industrial Development","XT","1.0000","1","ES","E","BSE","9.2800","8.4000","","","80000"
"538496","TARINI","Tarini International","M","1.0000","3000","ES","E","BSE","7.5100","5.0100","","","80000"
"537709","HANSUGAR","Shree Hanuman Sugar & Industri","XT","1.0000","1","ES","E","BSE","4.2300","3.8300","","","80000"
"14462","LEXUS","Lexus Granito (India) Ltd","BE","1.0000","1","ES","E","NSE","25.9000","23.4400","","","679856"
"540151","DIKSAT","Diksat Transworld","MT","5.0000","750","ES","E","BSE","114.4500","103.5500","","","80000"
"537985","INFRONICS","Infronics Systems Ltd","X","1.0000","1","ES","E","BSE","14.6900","12.0300","","","80000"
"539864","GHUSHINE","Ghushine Fintrrade Ocean Limit","M","1.0000","10000","ES","E","BSE","23.5900","21.3500","","","80000"
"540652","CTCL","Captain Technocast Limited","M","5.0000","750","ES","E","BSE","204.0000","136.0000","","","80000"
"18762","ALCODIS","Aurangabad Distillery","SM","5.0000","625","ES","E","NSE","59.2000","39.5000","","","335174"
"10253","EMKAYTOOLS","Emkay Taps and Cutting Tools","SM","5.0000","150","ES","E","NSE","100.9000","67.3000","","","348951"
"504369","GRANDMA","Grandma Trading & Agencies Ltd","X","1.0000","1","ES","E","BSE","0.5000","0.4900","","","80000"
"542012","A1L","A-1 limited","B","1.0000","1","ES","E","BSE","16.6800","15.1000","","","80000"
"540726","TTFL","Trident Texofab","B","1.0000","1","ES","E","BSE","48.1100","43.5300","","","80000"
"541178","BENARA","Benara Bearings And Pisto","MT","1.0000","2000","ES","E","BSE","8.4000","7.6000","","","80000"
"511092","JMDVL","JMD Ventures Limited","X","1.0000","1","ES","E","BSE","5.7900","5.5700","","","80000"
"541973","MACH","Mac Hotels","M","1.0000","1500","ES","E","BSE","85.9900","77.8100","","","80000"
"1426","MHHL","Mohini Health&Hygiene","SM","5.0000","1500","ES","E","NSE","38.3000","34.7000","","","596313"
"531486","FILME","Filmcity Media Ltd.","XT","1.0000","1","ES","E","BSE","3.1400","3.0200","","","80000"
"524622","ISTRNETWK","Istreet Network Limited","XT","1.0000","1","ES","E","BSE","40.1900","36.3700","","","80000"
"538351","AFEL","A.F. Enterprises Ltd","Z","1.0000","1","ES","E","BSE","1.9200","1.7400","","","80000"
"6712","DRSDILIP","DRS Dilip Roadlines Ltd.","ST","5.0000","800","ES","E","NSE","125.4500","113.5500","","","492540"
"540393","SMLT","Sarthak Metals","B","1.0000","1","ES","E","BSE","68.8200","45.8800","","","447654"
"21792","MPTODAY","M P Today Media","SM","5.0000","2000","ES","E","NSE","49.3500","44.6500","","","149373"
"526345","PANJON","Panjon Ltd.","X","1.0000","1","ES","E","BSE","26.6400","17.7600","","","80000"
"2492","SILGO","Silgo Retail Limited","EQ","1.0000","1","ES","E","NSE","86.2800","57.5200","","","804568"
"539398","VISHALBL","Vishal Bearings","B","1.0000","1","ES","E","BSE","47.2900","31.5300","","","80000"
"5631","PAR","PAR Drugs And Chem Ltd","EQ","1.0000","1","ES","E","NSE","94.2900","62.8700","","","402361"
"540735","IRIS","IRIS RegTech Solutions","B","5.0000","1","ES","E","BSE","247.9000","165.3000","","","474118"
"539839","FRANKLIN","Franklin Leasing And Finanance","M","1.0000","4000","ES","E","BSE","9.8100","8.0300","","","80000"
"532676","PBAINFRA","PBA Infrastructure Ltd.","X","1.0000","1","ES","E","BSE","9.3300","6.2300","","","80000"
"531399","GGAUTO","G.G.Automotive Gears Ltd.","X","5.0000","1","ES","E","BSE","175.8000","117.2000","","","80000"
"541083","INFLAME","Inflame Appliances Limite","M","5.0000","250","ES","E","BSE","257.9500","211.0500","","","80000"
"540332","TANVI","Tanvi Foods Limit","M","1.0000","1000","ES","E","BSE","73.8000","49.2000","","","80000"
"537785","RACE","RACE Echo Chain","B","1.0000","1","ES","E","BSE","103.6800","69.1200","","","564310"
"542934","CBPL","Chandra Bhagat Pharma Lim","M","1.0000","1000","ES","E","BSE","32.0200","28.9800","","","80000"
"757955","PASHUPATI","PASHUPATI COTSPIN LIMITED","EQ","5.0000","1","ES","E","NSE","1172.4500","781.6500","","","102343"
"531168","ASSOCER","Associated Ceramics Ltd.","X","5.0000","1","ES","E","BSE","229.8500","153.2500","","","80000"
"7129","ZODIAC","Zodiac Energy Limited","EQ","1.0000","1","ES","E","NSE","256.2000","170.8000","","","468380"
"759747","SHIVAUM","SHIV AUM STEELS LIMITED","EQ","5.0000","1","ES","E","NSE","369.5000","334.4000","","","284125"
"539014","KALPACOMME","Kalpa Commercial Limited","XT","1.0000","1","ES","E","BSE","8.5000","7.7000","","","80000"
"541206","OBCL","Orissa Bengal Carrier Lim","B","1.0000","1","ES","E","BSE","70.7400","47.1600","","","689407"
"540145","VALIANTORG","Valiant Organics","B","5.0000","1","ES","E","BSE","243.0000","162.0000","","","494871"
"758121","PERFECT","PERFECT INFRAENGINEER LTD","SZ","5.0000","3000","ES","E","NSE","1.4500","1.3500","","","572111"
"540874","7SEASL","7Seas Entertainment Limited","X","1.0000","1","ES","E","BSE","88.2400","58.8400","","","80000"
"524204","TEEAI","Teesta Agro Industries Ltd.","X","1.0000","1","ES","E","BSE","120.0000","80.0000","","","80000"
"542668","EVANS","Evans Electric","M","1.0000","1000","ES","E","BSE","77.0000","63.0000","","","80000"
"540455","ESCORP","Escorp Asset Management L","B","5.0000","1","ES","E","BSE","121.2000","80.8000","","","80000"
"8940","E2E","E2E Networks Limited","BE","10.0000","1","ES","E","NSE","2156.7000","1951.3000","","","48674"
"5650","SHANTI","Shanti Overseas India Ltd","EQ","1.0000","1","ES","E","NSE","6.1800","4.1200","","","363166"
"531812","SGNTE","SGN Telecoms Ltd.","X","1.0000","1","ES","E","BSE","0.6300","0.5700","","","80000"
"540737","SGRL","Shree Ganesh Remedies Lim","X","5.0000","1","ES","E","BSE","504.0500","336.0500","","","80000"
"2840","MAHICKRA","Mahickra Chemical Limited","ST","5.0000","750","ES","E","NSE","222.6000","201.4000","","","265594"
"540938","GUJHYSPIN","Gujarat Hy-Spin","M","1.0000","5000","ES","E","BSE","7.1700","6.4900","","","80000"
"531671","KARNAWATI","Karnawati Innovation","X","1.0000","1","ES","E","BSE","1.4200","1.3000","","","80000"
"530217","SWOJAS","Swojas foods","X","1.0000","1","ES","E","BSE","9.3800","8.5000","","","80000"
"538546","BRPL","Bansal Roofing Products L","B","5.0000","1","ES","E","BSE","142.6000","95.1000","","","80000"
"526869","KUMPFIN","Kumbhat Financial Services Ltd","X","1.0000","1","ES","E","BSE","20.9500","18.9700","","","80000"
"539352","PBFL","P. B. Films Limited","MT","1.0000","10000","ES","E","BSE","1.0200","0.1100","","","80000"
"2814","ARVEE","Arvee Laboratories I Ltd","EQ","1.0000","1","ES","E","NSE","147.2400","120.4800","","","360353"
"541402","AFFORDABLE","Affordable Robotic & Auto","B","5.0000","1","ES","E","BSE","144.6500","96.4500","","","367752"
"542248","DECCAN","Deccan Health Care Limite","B","1.0000","1","ES","E","BSE","7.5300","6.1700","","","80000"
"540404","PRIMEFRESH","Prime Fresh","B","5.0000","1","ES","E","BSE","224.1500","183.4500","","","80000"
"541418","NGIL","Nakoda Group Of Industrie","B","1.0000","1","ES","E","BSE","27.2800","18.2000","","","573494"
"1129","GTECJAINX","G-Tec Jainx Education Ltd","EQ","1.0000","1","ES","E","NSE","20.7300","13.8300","","","333183"
"532315","GROARC","Groarc Industries india","X","1.0000","1","ES","E","BSE","5.4600","4.9400","","","80000"
"539337","WAAREE","Waaree Technologies","M","5.0000","175","ES","E","BSE","173.8000","115.9000","","","80000"
"7425","HECPROJECT","HEC Infra Projects Ltd","EQ","1.0000","1","ES","E","NSE","115.0500","76.7100","","","354407"
"542232","SRD","Shankar Lal Rampal Dye-Ch","B","1.0000","1","ES","E","BSE","46.8300","31.2300","","","2091713"
"511016","PREMCAP","Premier Capital Services Ltd.","XT","1.0000","1","ES","E","BSE","9.0900","8.2300","","","80000"
"523467","JAIMATAG","JAI Mata Glass Ltd.","XT","1.0000","1","ES","E","BSE","1.8900","1.7100","","","80000"
"10684","SHAIVAL","Shaival Reality Limited","ST","5.0000","3600","ES","E","NSE","34.6500","31.3500","","","378469"
"531997","IKOMA","IKOMA Technologies","XT","1.0000","1","ES","E","BSE","26.6700","24.1300","","","80000"
"539682","MOBAVENUE","Mobavenue AI Tech","T","5.0000","1","ES","E","BSE","1207.5000","1092.5000","","","80000"
"541983","INNOVATIVE","Innovative Ideals And Ser","MT","1.0000","1000","ES","E","BSE","18.9700","18.2300","","","80000"
"23512","TARACHAND","Tara Chand Infra Soln Ltd","EQ","1.0000","1","ES","E","NSE","64.4800","43.0000","","","1860740"
"542155","DGL","Diksha Greens","MT","1.0000","2000","ES","E","BSE","1.0800","1.0400","","","80000"
"532019","LCCINFOTEC","LCC Infotech Ltd.","T","1.0000","1","ES","E","BSE","5.5100","4.9900","","","4139602"
"540082","RSTL","Riddhi Steel And Tube","MT","5.0000","2250","ES","E","BSE","186.9000","169.1000","","","80000"
"542503","MAHIP","Mahip Industries","MT","1.0000","4000","ES","E","BSE","22.9700","20.7900","","","80000"
"540468","KMSMEDI","Kms Medisurgi","MT","5.0000","1000","ES","E","BSE","132.8000","120.2000","","","80000"
"539098","FILTRA","Filtra Consultants","M","1.0000","2000","ES","E","BSE","56.4000","37.6000","","","80000"
"515018","REGENCERAM","Regency Ceramics Ltd.","B","1.0000","1","ES","E","BSE","45.5000","30.3400","","","864639"
"8266","SOFTTECH","Softtech Engineers Ltd","EQ","1.0000","1","ES","E","NSE","262.3800","174.9200","","","452637"
"524590","HEMORGANIC","Hemo Organic Limited","XT","1.0000","1","ES","E","BSE","12.2800","11.1200","","","80000"
"7780","BCONCEPTS","Brand Concepts Limited","EQ","1.0000","1","ES","E","NSE","239.7000","159.8000","","","408157"
"11796","HPIL","Hindprakash Industry Ltd","EQ","1.0000","1","ES","E","NSE","137.3200","91.5600","","","373568"
"541302","DHRUV","Dhruv Consultancy Service","B","1.0000","1","ES","E","BSE","29.7900","24.3900","","","620206"
"542145","RONI","Roni Households","M","1.0000","1800","ES","E","BSE","48.4100","39.6100","","","80000"
"540795","DYCL","Dynamic Cables","B","5.0000","1","ES","E","BSE","289.0500","192.7500","","","415096"
"539691","RGCORP","Real Growth Corporation Limite","XT","1.0000","1","ES","E","BSE","15.0000","1.5000","","","80000"
"539354","POLYSPIN","Polyspin Exports","X","1.0000","1","ES","E","BSE","30.7200","20.4800","","","80000"
"543227","HAPPSTMNDS","Happiest Minds Technologies","A","5.0000","1","ES","E","BSE","433.2500","288.8500","","","276835"
"48","HAPPSTMNDS","Happiest Minds Technologies","EQ","5.0000","1","ES","E","NSE","433.2500","288.8500","","","276835"
"543228","ROUTE","Route Mobile","B","5.0000","1","ES","E","BSE","498.7500","332.5500","","","240608"
"128","ROUTE","Route Mobile","EQ","5.0000","1","ES","E","NSE","498.7000","332.5000","","","240608"
"201","UNIDT","United Drilling Tools Ltd","EQ","1.0000","1","ES","E","NSE","176.1200","117.4200","","","663912"
"543230","ADVAIT","Advait Energy Transitions","B","5.0000","1","ES","E","BSE","2023.2500","1348.8500","","","59167"
"270","CHEMCON","Chemcon Speciality Chemicals","EQ","1.0000","1","ES","E","NSE","151.1000","100.7400","","","794153"
"245","ADL","Archidply Decor Limited","EQ","1.0000","1","ES","E","NSE","63.0200","42.0200","","","182016"
"543233","CHEMCON","Chemcon Speciality Chemicals","B","5.0000","1","ES","E","BSE","151.3000","100.9000","","","794153"
"543234","SECMARK","Secmark Consultancy Limited","B","5.0000","1","ES","E","BSE","133.4000","89.0000","","","341616"
"543231","ADL","Archidply Decor Limited","B","1.0000","1","ES","E","BSE","63.1200","42.0800","","","182016"
"255","NIRAJ","Niraj Cement Struc Ltd","EQ","1.0000","1","ES","E","NSE","24.8700","16.5900","","","1952004"
"324","ANGELONE","Angel One Limited","EQ","1.0000","1","ES","E","NSE","250.2800","204.7800","","","439073"
"543235","ANGELONE","Angel One Limited","A","5.0000","1","ES","E","BSE","250.3000","204.8000","","","439073"
"330","VALIANTORG","Valiant Organics Limited","EQ","1.0000","1","ES","E","NSE","242.4800","161.6600","","","494871"
"533093","ROML","RAJ Oil Mills Ltd.","B","1.0000","1","ES","E","BSE","45.3200","30.2200","","","490129"
"543236","ATAM","Atam Valves Limited","B","1.0000","1","ES","E","BSE","58.8900","39.2700","","","374840"
"359","ROML","RAJ Oil Mills Limited","EQ","1.0000","1","ES","E","NSE","43.5800","29.0600","","","490129"
"760252","SHRENIK","SHRENIK LIMITED","BZ","1.0000","1","ES","E","NSE","0.3800","0.3600","","","20012399"
"543237","MAZDOCK","Mazagon Dock Shipbuilders","A","5.0000","1","ES","E","BSE","2270.5500","1857.7500","","","48405"
"527","UTIAMC","UTI Asset Management","EQ","5.0000","1","ES","E","NSE","1124.8000","749.9000","","","106671"
"543238","UTIAMC","UTI Asset Management","A","5.0000","1","ES","E","BSE","1124.6000","749.8000","","","106671"
"509","MAZDOCK","Mazagon Dock Shipbuilders","EQ","10.0000","1","ES","E","NSE","2271.7000","1858.7000","","","48405"
"12533","AAATECH","AAA Technologies Limited","EQ","1.0000","1","ES","E","NSE","93.6100","84.7100","","","419436"
"543239","GMPL","G M Polyplast Limited","M","1.0000","700","ES","E","BSE","68.4600","45.6400","","","80000"
"543241","VGIL","Veer Global Infraconstruction","T","1.0000","1","ES","E","BSE","79.3500","71.8100","","","80000"
"701","HEMIPROP","Hemisphere Prop Ind Ltd","EQ","1.0000","1","ES","E","NSE","134.0600","89.3800","","","894899"
"543242","HEMIPROP","Hemisphere Properties India Li","B","5.0000","1","ES","E","BSE","134.0000","89.4000","","","894899"
"896","KHAICHEM","Khaitan Chem & Fert Ltd","EQ","1.0000","1","ES","E","NSE","51.8800","34.6000","","","2312610"
"913","EQUITASBNK","Equitas Small Finance Bank","EQ","1.0000","1","ES","E","NSE","62.0700","41.3900","","","1932926"
"926","ORCHPHARMA","Orchid Pharma Limited","EQ","5.0000","1","ES","E","NSE","578.9000","386.0000","","","207238"
"524372","ORCHPHARMA","Orchid Pharma Limited","B","5.0000","1","ES","E","BSE","574.0000","382.7000","","","207238"
"543243","EQUITASBNK","Equitas Small Finance Bank","A","1.0000","1","ES","E","BSE","62.0000","41.3400","","","1932926"
"967","SUBEXLTD","Subex Ltd","EQ","1.0000","1","ES","E","NSE","8.0100","5.3500","","","14969510"
"532348","SUBEXLTD","Subex","B","1.0000","1","ES","E","BSE","8.0200","5.3600","","","14969510"
"543229","SAMRATFORG","Samrat Forgings Limited","X","5.0000","1","ES","E","BSE","178.4500","146.0500","","","80000"
"1186","GLAND","Gland Pharma","EQ","10.0000","1","ES","E","NSE","2035.3000","1356.9000","","","58818"
"543245","GLAND","Gland Pharma","A","5.0000","1","ES","E","BSE","2036.7500","1357.8500","","","58818"
"506935","CONTCHM","Continental Chemicals","X","1.0000","1","ES","E","BSE","63.6500","57.5900","","","80000"
"543248","RBA","Restaurant Brands Asia","A","1.0000","1","ES","E","BSE","68.7800","45.8600","","","1746121"
"1494","RBA","Restaurant Brands Asia","EQ","1.0000","1","ES","E","NSE","68.7100","45.8100","","","1746121"
"543249","TARC","Tarc Limited","B","5.0000","1","ES","E","BSE","133.8500","89.2500","","","895912"
"1581","TARC","Tarc Limited","EQ","1.0000","1","ES","E","NSE","133.9000","89.2800","","","895912"
"1565","RVHL","Ravinder Heights Limited","EQ","1.0000","1","ES","E","NSE","35.2500","23.5100","","","2005351"
"543251","RVHL","Ravinder Heights Limited","B","1.0000","1","ES","E","BSE","35.7600","23.8400","","","2005351"
"1614","FAIRCHEMOR","Fairchem Organics Limited","EQ","5.0000","1","ES","E","NSE","519.6000","346.4000","","","230945"
"543252","FAIRCHEMOR","Fairchem Organics Limited","B","5.0000","1","ES","E","BSE","520.2500","346.8500","","","230945"
"1797","AWHCL","Antony Waste Hdg Cell Ltd","EQ","5.0000","1","ES","E","NSE","450.9000","300.6000","","","266110"
"543254","AWHCL","Antony Waste Handling Cell Lim","B","5.0000","1","ES","E","BSE","455.1000","303.4000","","","266110"
"1782","KANPRPLA","Kanpur Plastipack Limited","EQ","1.0000","1","ES","E","NSE","189.4600","126.3200","","","633328"
"1879","CARYSIL","Carysil Limited","EQ","5.0000","1","ES","E","NSE","904.0500","602.7500","","","132713"
"543256","RFLL","Rita Finance And Leasing Limit","X","1.0000","1","ES","E","BSE","16.8200","15.2200","","","80000"
"2029","IRFC","IRFC","EQ","1.0000","1","ES","E","NSE","95.9500","78.5100","","","1136960"
"543257","IRFC","IRFC","A","1.0000","1","ES","E","BSE","95.9700","78.5300","","","1136960"
"2048","INDIGOPNTS","Indigo Paints","EQ","5.0000","1","ES","E","NSE","852.9500","568.6500","","","140643"
"543258","INDIGOPNTS","Indigo Paints","B","5.0000","1","ES","E","BSE","854.2000","569.5000","","","140643"
"543259","HOMEFIRST","Home First Finance","A","5.0000","1","ES","E","BSE","1083.3000","722.2000","","","110483"
"2056","HOMEFIRST","Home First Finance","EQ","5.0000","1","ES","E","NSE","1085.7500","723.8500","","","110483"
"543260","STOVEKRAFT","Stove Kraft","B","5.0000","1","ES","E","BSE","547.2000","364.8000","","","220494"
"2107","STOVEKRAFT","Stove Kraft","EQ","5.0000","1","ES","E","NSE","544.2000","362.8000","","","220494"
"2188","GENCON","Generic Eng Cons Proj Ltd","EQ","1.0000","1","ES","E","NSE","49.1800","32.8000","","","1863449"
"531432","SYTIXSE","Systematix Securities Ltd.","XT","1.0000","1","ES","E","BSE","11.8900","10.7700","","","80000"
"543262","MRP","MRP Agro Limited","M","1.0000","1000","ES","E","BSE","100.8000","67.2000","","","80000"
"2320","SMCGLOBAL","SMC Global Securities Ltd","EQ","1.0000","1","ES","E","NSE","66.7000","44.4800","","","1798745"
"543263","SMCGLOBAL","SMC Global Securities Limited","B","1.0000","1","ES","E","BSE","66.6000","44.4000","","","1798745"
"543264","NURECA","Nureca Limited","B","5.0000","1","ES","E","BSE","226.7000","185.5000","","","312020"
"2350","NURECA","Nureca Limited","EQ","1.0000","1","ES","E","NSE","227.4200","186.0800","","","312020"
"2431","RAILTEL","RailTel Corporation","EQ","1.0000","1","ES","E","NSE","295.3200","196.8800","","","406308"
"543265","RAILTEL","RailTel Corporation","A","5.0000","1","ES","E","BSE","295.0500","196.7500","","","406308"
"2614","HERANBA","Heranba Industries","EQ","1.0000","1","ES","E","NSE","189.0200","126.0200","","","634813"
"2599","PARTYCRUS","Party Cruisers Limited","SM","5.0000","1000","ES","E","NSE","90.1500","60.1500","","","391913"
"543266","HERANBA","Heranba Industries","B","5.0000","1","ES","E","BSE","188.5500","125.7500","","","634813"
"523309","SHRIGANG","Shri Gang Industries And Allie","X","1.0000","1","ES","E","BSE","98.0700","65.3900","","","80000"
"2709","MTARTECH","MTAR Technologies","EQ","10.0000","1","ES","E","NSE","4161.2000","2774.2000","","","28821"
"543270","MTARTECH","MTAR Technologies","A","5.0000","1","ES","E","BSE","4163.1500","2775.4500","","","28821"
"543271","JUBLINGREA","Jubilant Ingrevia Limited","A","5.0000","1","ES","E","BSE","652.3500","434.9500","","","183810"
"2783","JUBLINGREA","Jubilant Ingrevia Limited","EQ","5.0000","1","ES","E","NSE","652.4000","435.0000","","","183810"
"2829","ANURAS","Anupam Rasayan","EQ","10.0000","1","ES","E","NSE","1477.0000","984.8000","","","81173"
"543275","ANURAS","Anupam Rasayan","A","5.0000","1","ES","E","BSE","1468.3500","978.9500","","","81173"
"2841","LXCHEM","Laxmi Organic Industries","EQ","1.0000","1","ES","E","NSE","129.7300","86.4900","","","924842"
"2854","CRAFTSMAN","Craftsman Automation","EQ","50.0000","1","ES","E","NSE","8372.0000","5582.0000","","","14313"
"543276","CRAFTSMAN","Craftsman Automation","A","5.0000","1","ES","E","BSE","8386.9500","5591.3500","","","14313"
"526717","HPBL","Gopala Polyplast","X","5.0000","1","ES","E","BSE","189.7000","126.5000","","","80000"
"543277","LXCHEM","Laxmi Organic Industries","A","5.0000","1","ES","E","BSE","129.5000","86.4000","","","924842"
"2970","SURYODAY","Suryoday Small Fin Bank","EQ","1.0000","1","ES","E","NSE","142.5300","95.0300","","","841815"
"2955","KALYANKJIL","Kalyan Jewellers","EQ","5.0000","1","ES","E","NSE","413.4500","338.3500","","","265414"
"543279","SURYODAY","Suryoday Small Fin Bank","B","5.0000","1","ES","E","BSE","142.5000","95.0000","","","841815"
"543278","KALYANKJIL","Kalyan Jewellers","A","5.0000","1","ES","E","BSE","413.4000","338.3000","","","265414"
"2980","ORTINGLOBE","Ortin Global Limited","BE","1.0000","1","ES","E","NSE","14.2300","12.8900","","","265896"
"539287","ORTINGLOBE","Ortin Laboratories","T","1.0000","1","ES","E","BSE","14.8500","13.4500","","","265896"
"2998","SUVIDHAA","Suvidhaa Infoserve Ltd","EQ","1.0000","1","ES","E","NSE","2.7100","1.8100","","","6860678"
"543281","SUVIDHAA","Suvidhaa Infoserve Limited","B","1.0000","1","ES","E","BSE","2.7300","1.8300","","","6860678"
"543284","EKI","EKI Energy Services Limited","B","1.0000","1","ES","E","BSE","74.4800","49.6600","","","80000"
"3148","SIDDHIKA","Siddhika Coatings Limited","SM","5.0000","1000","ES","E","NSE","216.3000","195.7000","","","202053"
"3127","UFBL","Barbeque Nation","EQ","1.0000","1","ES","E","NSE","214.8300","175.7700","","","512031"
"543283","UFBL","United Foodbrands","B","5.0000","1","ES","E","BSE","213.8000","175.0000","","","512031"
"3188","VMARCIND","V Marc India Limited","SM","5.0000","250","ES","E","NSE","696.3500","464.2500","","","172312"
"531512","ORIENTTR","Orient Tradelink","X","1.0000","1","ES","E","BSE","14.4900","11.8700","","","80000"
"500940","FINPIPE","Finolex Industries","A","5.0000","1","ES","E","BSE","179.1000","119.4000","","","666392"
"543285","RCAN","Rajeshwari Cans Limited","MT","1.0000","400","ES","E","BSE","18.0000","16.3000","","","80000"
"3220","LODHA","Macrotech Developers","EQ","5.0000","1","ES","E","NSE","744.7000","609.3000","","","146837"
"543286","JETMALL","Jetmall Spices And Masala Limi","M","1.0000","6000","ES","E","BSE","31.3700","25.6700","","","80000"
"543287","LODHA","Macrotech Developers","A","5.0000","1","ES","E","BSE","744.5000","609.2000","","","146837"
"3316","MODISONLTD","Modison","EQ","1.0000","1","ES","E","NSE","139.0000","92.6800","","","863234"
"3329","ISGEC","Isgec Heavy Eng Ltd","EQ","5.0000","1","ES","E","NSE","1034.7000","689.8000","","","115956"
"3482","CLSEL","Chaman Lal Setia Exp Ltd","EQ","1.0000","1","ES","E","NSE","246.3000","164.2000","","","487161"
"3553","EQUIPPP","Equippp Soc Imp Tech Ltd","BE","1.0000","1","ES","E","NSE","15.4500","13.9900","","","3371213"
"590057","EQUIPPP","Equippp Social Impact Tech","T","1.0000","1","ES","E","BSE","15.3000","13.8600","","","3371213"
"507265","EMERALL","Emerald Leisures","X","5.0000","1","ES","E","BSE","208.5000","139.0000","","","80000"
"508670","NEAGI","Neelamalai Agro Ind.","X","5.0000","1","ES","E","BSE","3410.0000","2790.0000","","","80000"
"512439","ESQRMON","Esquire Money Guarantees Ltd.","XT","1.0000","1","ES","E","BSE","8.2500","0.8300","","","80000"
"3727","ANMOL","Anmol India Limited","EQ","1.0000","1","ES","E","NSE","10.2200","6.8200","","","1861092"
"505302","LAKSHMIEW","Lakshmi Automatic Loom Works","X","5.0000","1","ES","E","BSE","2460.2000","1640.2000","","","80000"
"543298","VINEETLAB","Vineet Laboratories Limited","B","1.0000","1","ES","E","BSE","34.7700","23.1900","","","628044"
"3807","VINEETLAB","Vineet Laboratories Ltd","EQ","1.0000","1","ES","E","NSE","34.8700","23.2500","","","628044"
"4626","AILIMITED","Abhishek Integrations Ltd","SM","5.0000","1500","ES","E","NSE","37.8000","34.2000","","","196905"
"4693","SHYAMMETL","Shyam Metalics and Energy","EQ","5.0000","1","ES","E","NSE","925.3000","616.9000","","","129517"
"543300","SONACOMS","Sona BLW Precision","A","5.0000","1","ES","E","BSE","529.9000","433.6000","","","207075"
"4684","SONACOMS","Sona BLW Precision","EQ","5.0000","1","ES","E","NSE","529.6500","433.3500","","","207075"
"543299","SHYAMMETL","Shyam Metalics And Energy Limi","A","5.0000","1","ES","E","BSE","923.7500","615.8500","","","129517"
"4656","SBCL","Shivalik Bimetal Con. Ltd","EQ","5.0000","1","ES","E","NSE","465.4000","310.3000","","","257778"
"543309","ADESHWAR","Adeshwar Meditex Limited","M","1.0000","6000","ES","E","BSE","20.3700","13.5900","","","80000"
"4822","DODLA","Dodla Dairy","EQ","5.0000","1","ES","E","NSE","1165.3000","776.9000","","","102919"
"543306","DODLA","Dodla Dairy","A","5.0000","1","ES","E","BSE","1165.3000","776.9000","","","102919"
"543310","TIMESGREEN","Times Green Energy (India) Lim","M","1.0000","4000","ES","E","BSE","45.1500","40.8500","","","80000"
"526873","RAJSEC","Rajasthan Securities","X","1.0000","1","ES","E","BSE","55.2600","36.8400","","","80000"
"4934","IPL","India Pesticides","EQ","1.0000","1","ES","E","NSE","150.4300","100.2900","","","797622"
"543311","IPL","India Pesticides","B","5.0000","1","ES","E","BSE","150.1500","100.1500","","","797622"
"543312","FOCUS","Focus Business Solution Limite","M","5.0000","2133","ES","E","BSE","157.3000","128.7000","","","80000"
"5013","WALPAR","Walpar Nutritions Limited","SM","5.0000","2000","ES","E","NSE","47.7500","43.2500","","","307067"
"5020","SVPGLOB","SVP Global Textiles Ltd","EQ","1.0000","1","ES","E","NSE","2.4600","2.0200","","","4136549"
"543318","CLEAN","Clean Science & Tech","A","5.0000","1","ES","E","BSE","788.0000","525.4000","","","152294"
"5054","GRINFRA","G R Infraprojects","EQ","5.0000","1","ES","E","NSE","955.1000","636.8000","","","125595"
"5049","CLEAN","Clean Science & Tech","EQ","5.0000","1","ES","E","NSE","787.6500","525.1500","","","152294"
"543317","GRINFRA","G R Infraprojects","A","5.0000","1","ES","E","BSE","958.9500","639.3500","","","125595"
"543319","AAPLUSTRAD","Aa Plus Tradelink Limited","M","1.0000","80000","ES","E","BSE","1.2400","1.1400","","","80000"
"5097","ETERNAL","Eternal (formerly Zomato)","EQ","1.0000","1","ES","E","NSE","251.8700","206.0900","","","434265"
"543320","ETERNAL","Eternal (formerly Zomato)","A","5.0000","1","ES","E","BSE","251.9500","206.1500","","","434265"
"590005","VEEDOL","Veedol Corporation","B","5.0000","1","ES","E","BSE","1489.1000","992.8000","","","80237"
"5114","SGIL","Synergy Green Ind. Ltd","EQ","5.0000","1","ES","E","NSE","573.1000","382.1000","","","209379"
"543321","TATVA","Tatva Chintan Pharma","B","5.0000","1","ES","E","BSE","1261.0500","840.7500","","","95018"
"5162","TATVA","Tatva Chintan Pharma","EQ","10.0000","1","ES","E","NSE","1262.8000","842.0000","","","95018"
"5186","STYLAMIND","Stylam Industries","EQ","10.0000","1","ES","E","NSE","2596.8000","1731.2000","","","46200"
"543322","ALIVUS","Glenmark Life Science","A","5.0000","1","ES","E","BSE","1169.0000","779.4000","","","102730"
"5265","ALIVUS","Glenmark Life Science","EQ","5.0000","1","ES","E","NSE","1167.2000","778.2000","","","102730"
"5245","AAREYDRUGS","Aarey Drugs & Pharma","EQ","1.0000","1","ES","E","NSE","53.2800","48.2200","","","927185"
"543324","GCSL","Gretex Corporate Services Limi","B","5.0000","1","ES","E","BSE","381.9000","312.5000","","","289036"
"5279","ROLEXRINGS","Rolex Rings","EQ","1.0000","1","ES","E","NSE","133.2000","88.8000","","","900877"
"543325","ROLEXRINGS","Rolex Rings","B","5.0000","1","ES","E","BSE","133.1000","88.8000","","","900877"
"5309","REXPIPES","REX Pipes And Cables Ltd","SM","5.0000","1000","ES","E","NSE","204.7500","185.2500","","","309014"
"5292","PRITIKAUTO","Pritika Auto Indus Ltd","EQ","1.0000","1","ES","E","NSE","12.6400","8.4400","","","5444964"
"756324","NPST","NETWORK PEOPLE SRV TECH L","EQ","5.0000","1","ES","E","NSE","1151.1500","767.4500","","","104232"
"530787","INLANPR","Inland Printers","XT","1.0000","1","ES","E","BSE","51.2200","46.3600","","","80000"
"5313","UGROCAP","Ugro Capital Limited","EQ","1.0000","1","ES","E","NSE","97.5600","65.0400","","","1229898"
"541161","DHARAN","Karda Constructions","Z","1.0000","1","ES","E","BSE","0.2000","0.1900","","","170980401"
"759203","DHARAN","DHARAN INFRA-EPC LIMITED","BZ","1.0000","1","ES","E","NSE","0.1200","0.1000","","","170980401"
"543330","DEVYANI","Devyani International","A","1.0000","1","ES","E","BSE","113.4000","75.6000","","","1056629"
"5366","WINDLAS","Windlas Biotech","EQ","5.0000","1","ES","E","NSE","884.1000","589.4000","","","135713"
"5359","KRSNAA","Krsnaa Diagnostics","EQ","5.0000","1","ES","E","NSE","624.3500","416.2500","","","192166"
"5352","EXXARO","Exxaro Tiles Limited","EQ","1.0000","1","ES","E","NSE","6.5100","5.8900","","","14630329"
"543327","EXXARO","Exxaro Tiles Limited","B","1.0000","1","ES","E","BSE","6.6400","6.0200","","","14630329"
"543328","KRSNAA","Krsnaa Diagnostics","B","5.0000","1","ES","E","BSE","625.3000","416.9000","","","192166"
"543329","WINDLAS","Windlas Biotech","B","5.0000","1","ES","E","BSE","885.1500","590.1500","","","135713"
"5373","DEVYANI","Devyani International","EQ","1.0000","1","ES","E","NSE","113.5000","75.6800","","","1056629"
"543332","EPIGRAL","Epigral Limited","A","5.0000","1","ES","E","BSE","971.4500","647.6500","","","123384"
"543331","MOL","Meghmani Organics Limited","B","1.0000","1","ES","E","BSE","43.9800","29.3200","","","2721670"
"5382","EPIGRAL","Epigral Limited","EQ","5.0000","1","ES","E","NSE","972.5000","648.4000","","","123384"
"5394","MOL","Meghmani Organics Limited","EQ","1.0000","1","ES","E","NSE","44.0800","29.4000","","","2721670"
"5401","NGIL","Nakoda Group Of Ind. Ltd","EQ","1.0000","1","ES","E","NSE","27.1200","18.0800","","","573494"
"5407","CARTRADE","Cartrade Tech","EQ","10.0000","1","ES","E","NSE","1980.0000","1320.0000","","","60569"
"543333","CARTRADE","Cartrade Tech","A","5.0000","1","ES","E","BSE","1979.9000","1320.0000","","","60569"
"5426","NUVOCO","Nuvoco Vistas Corp","EQ","5.0000","1","ES","E","NSE","337.3000","224.9000","","","355727"
"543334","NUVOCO","Nuvoco Vistas Corp","A","5.0000","1","ES","E","BSE","337.3500","224.9500","","","355727"
"5435","APTUS","Aptus Value Housing","EQ","1.0000","1","ES","E","NSE","233.4800","155.6600","","","513762"
"543336","CHEMPLASTS","Chemplast Sanmar","B","5.0000","1","ES","E","BSE","317.1500","211.4500","","","378356"
"543335","APTUS","Aptus Value Housing","A","5.0000","1","ES","E","BSE","233.7000","155.8000","","","513762"
"5449","CHEMPLASTS","Chemplast Sanmar","EQ","5.0000","1","ES","E","NSE","317.1000","211.4000","","","378356"
"539494","SMARTFIN","Smart Finsec","X","1.0000","1","ES","E","BSE","7.7700","5.1900","","","80000"
"543346","AASHKA","Aashka Hospitals Limited","M","1.0000","1000","ES","E","BSE","70.8000","47.2000","","","80000"
"5501","YUKEN","Yuken India Limited","EQ","5.0000","1","ES","E","NSE","712.7000","475.2000","","","168360"
"543341","SHARPLINE","Sharpline Broadcast Limited","X","1.0000","1","ES","E","BSE","12.4500","8.3100","","","80000"
"5551","ABMINTLLTD","ABM International Ltd","BE","1.0000","1","ES","E","NSE","43.4100","41.7100","","","307641"
"543350","VIJAYA","Vijaya Diagnostic","A","5.0000","1","ES","E","BSE","1033.7000","689.2000","","","116067"
"5585","VIJAYA","Vijaya Diagnostic","EQ","5.0000","1","ES","E","NSE","1033.6500","689.1500","","","116067"
"5662","BEWLTD","BEW Engineering Limited","SM","5.0000","500","ES","E","NSE","78.3500","52.2500","","","427497"
"543352","POBS","Platinumone Business Services","M","5.0000","600","ES","E","BSE","145.0000","96.7000","","","80000"
"5614","GANESHBE","Ganesh Benzoplast Limited","EQ","1.0000","1","ES","E","NSE","86.4700","57.6500","","","1387668"
"5606","INTLCONV","Intl Conveyors Limited","EQ","1.0000","1","ES","E","NSE","72.1300","48.0900","","","1663599"
"542919","ARTEMISMED","Artemis Medicare Services","B","5.0000","1","ES","E","BSE","246.3000","164.2000","","","486475"
"5751","SANSERA","Sansera Engineering","EQ","10.0000","1","ES","E","NSE","2489.4000","1659.6000","","","48161"
"16913","ARTEMISMED","Artemis Medicare Services","EQ","1.0000","1","ES","E","NSE","246.6100","164.4100","","","486475"
"543358","SANSERA","Sansera Engineering","A","5.0000","1","ES","E","BSE","2490.6000","1660.4000","","","48161"
"14912","KPRMILL","Kpr Mill","EQ","5.0000","1","ES","E","NSE","995.3000","663.6000","","","120318"
"532889","KPRMILL","Kpr Mill","A","5.0000","1","ES","E","BSE","995.0000","663.4000","","","120318"
"543363","PREVEST","Prevest Denpro Limited","M","5.0000","200","ES","E","BSE","410.1500","273.4500","","","80000"
"543364","MARKOLINES","Markolines Pavement Tech","B","5.0000","1","ES","E","BSE","170.1500","113.4500","","","704471"
"539872","BAJAJHCARE","Bajaj Healthcare","B","5.0000","1","ES","E","BSE","347.7000","231.8000","","","344699"
"543366","SBLI","SBL Infratech Limited","M","1.0000","1200","ES","E","BSE","42.6000","28.4000","","","80000"
"504365","RIDHISYN","Ridhi Synthetics","XT","1.0000","1","ES","E","BSE","4.3100","3.9100","","","80000"
"511254","SAGARSYST","Sagar Systech","XT","1.0000","1","ES","E","BSE","64.8300","58.6700","","","80000"
"5870","QUADPRO","Quadpro Ites Limited","SM","5.0000","12000","ES","E","NSE","1.9000","1.8000","","","1652984"
"540403","CLEDUCATE","Cl Educate","T","1.0000","1","ES","E","BSE","46.7300","42.2900","","","1773123"
"20233","CLEDUCATE","Cl Educate Limited","BE","1.0000","1","ES","E","NSE","46.6800","42.2400","","","1773123"
"530109","ANUPAM","Anupam Finserv","X","1.0000","1","ES","E","BSE","2.2600","1.5200","","","80000"
"503639","INDSOYA","Indsoya Ltd.","XT","1.0000","1","ES","E","BSE","20.9800","19.0000","","","80000"
"542752","AFFLE","Affle 3i","A","5.0000","1","ES","E","BSE","1738.5500","1159.0500","","","68971"
"542770","ALPHALOGIC","Alphalogic Techsys Limite","B","1.0000","1","ES","E","BSE","42.8800","35.1000","","","80000"
"6012","JAINAM","Jainam Fer Alloys (I) Ltd","SM","5.0000","500","ES","E","NSE","182.7000","165.3000","","","382956"
"22284","TIRUPATIFL","Tirupati Forge Limited","BE","1.0000","1","ES","E","NSE","42.5000","38.4600","","","2470304"
"11343","AFFLE","Affle 3i","EQ","10.0000","1","ES","E","NSE","1738.9000","1159.3000","","","68971"
"523369","DCMSRIND","DCM Shriram Industries","B","1.0000","1","ES","E","BSE","41.1200","27.4200","","","2844644"
"543374","ABSLAMC","Aditya Birla Sun Life AMC","A","5.0000","1","ES","E","BSE","1055.4000","703.6000","","","113781"
"543373","SVRL","Shri Venkatesh Refineries Limi","M","5.0000","500","ES","E","BSE","309.4500","206.3500","","","80000"
"6018","ABSLAMC","Aditya Birla Sun Life AMC","EQ","5.0000","1","ES","E","NSE","1053.9500","702.6500","","","113781"
"6045","PASUPTAC","Pasupati Acrylon Limited","EQ","1.0000","1","ES","E","NSE","49.0600","32.7200","","","2445545"
"543375","PROMAX","Promax Power Limited","M","1.0000","2500","ES","E","BSE","14.4900","9.6700","","","80000"
"6052","BMETRICS","Bombay Metrics S C Ltd","SM","5.0000","800","ES","E","NSE","48.0000","32.0000","","","402665"
"6079","DYNAMIC","Dynamic Srvcs & Sec Ltd","SM","5.0000","500","ES","E","NSE","93.1500","76.2500","","","449500"
"540268","TRU","TruCap Finance Limited","B","1.0000","1","ES","E","BSE","4.9400","4.4800","","","3886783"
"543377","ADISHAKTI","Adishakti Loha And Ispat Limit","M","1.0000","10000","ES","E","BSE","14.4500","11.8300","","","80000"
"6087","DESTINY","Destiny Logistics & I Ltd","SM","5.0000","1500","ES","E","NSE","129.6000","117.3000","","","503187"
"543376","SAMOR","Samor Reality Limited","B","1.0000","1","ES","E","BSE","81.5200","73.7600","","","80000"
"539963","ZEAL","Zeal Aqua","XT","1.0000","1","ES","E","BSE","11.7400","10.6400","","","80000"
"506042","ZPRBHSTE","Prabhu Steel Industries Ltd.","XT","5.0000","1","ES","E","BSE","188.2000","170.3000","","","80000"
"513422","BLOIN","Bloom Industries","X","1.0000","1","ES","E","BSE","33.8500","27.7100","","","80000"
"6127","DIGJAMLMTD","Digjam Ltd","EQ","1.0000","1","ES","E","NSE","41.9300","34.3100","","","653999"
"506680","TECILCHEM","Tecil Chemicals & Hydro Power","B","1.0000","1","ES","E","BSE","14.3200","9.5600","","","620112"
"539979","DIGJAMLMTD","Digjam","B","1.0000","1","ES","E","BSE","41.1600","33.6800","","","653999"
"524636","OXYGENTAPH","Oxygenta Pharmaceutical Limite","X","1.0000","1","ES","E","BSE","58.0500","38.7100","","","80000"
"513721","MFSINTRCRP","MFS Intercorp Ltd.","XT","1.0000","1","ES","E","BSE","15.2700","13.8300","","","80000"
"539177","AIIL","Authum investment & infrastructure","A","5.0000","1","ES","E","BSE","516.4000","344.3000","","","231838"
"500262","HYBRIDFIN","Hybrid Financial Services Limi","B","1.0000","1","ES","E","BSE","19.0500","15.5900","","","962566"
"526675","TIRTPLS","Tirth Plastic Ltd.","XT","1.0000","1","ES","E","BSE","26.3600","23.8600","","","80000"
"542852","VISHWARAJ","Vishwaraj Sugar Industries","B","1.0000","1","ES","E","BSE","5.0200","3.3600","","","7122965"
"509046","TRILIANCE","Leena Consultancy","XT","1.0000","1","ES","E","BSE","37.4100","33.8500","","","80000"
"13702","VISHWARAJ","Vishwaraj Sugar Industries","EQ","1.0000","1","ES","E","NSE","5.0100","3.3500","","","7122965"
"501314","PRISMX","Prismx Global Ventures","X","1.0000","1","ES","E","BSE","0.6000","0.4000","","","80000"
"532628","3IINFOLTD","3I Infotech","B","1.0000","1","ES","E","BSE","16.5700","11.0500","","","6781857"
"6249","DKEGL","D K Enterprises Global L","SM","5.0000","1500","ES","E","NSE","75.6000","50.4000","","","245511"
"6232","3IINFOLTD","3I Infotech Limited","EQ","1.0000","1","ES","E","NSE","16.5100","11.0100","","","6781857"
"6262","SELMC","SEL Manufacturing Co Ltd","EQ","1.0000","1","ES","E","NSE","28.1500","25.4700","","","1083504"
"532886","SELMC","Sel Manufacturing Company","B","1.0000","1","ES","E","BSE","28.2900","25.6100","","","1083504"
"524342","INDOBORAX","Indo Borax & Chemicals","B","5.0000","1","ES","E","BSE","290.8000","193.9000","","","411329"
"6278","MEDICAMEQ","Medicamen Biotech Limited","EQ","1.0000","1","ES","E","NSE","267.9600","178.6400","","","443504"
"514316","RAGHUSYN","Raghuvir Synthetics","X","1.0000","1","ES","E","BSE","110.4000","73.6000","","","80000"
"504058","NIPPOBATRY","Indo-National","B","5.0000","1","ES","E","BSE","312.7500","208.5500","","","245249"
"538119","RNBDENIMS","R&B Denims","T","1.0000","1","ES","E","BSE","68.0900","61.6100","","","1549882"
"542830","IRCTC","IRCTC","A","5.0000","1","ES","E","BSE","593.2500","395.5500","","","201599"
"6782","NIPPOBATRY","Indo-National","EQ","5.0000","1","ES","E","NSE","311.1000","207.4000","","","245249"
"13611","IRCTC","IRCTC","EQ","5.0000","1","ES","E","NSE","593.4000","395.6000","","","201599"
"6417","KRITI","Kriti Industries Ind Ltd","EQ","1.0000","1","ES","E","NSE","77.7700","51.8500","","","1542938"
"761335","KOTYARK","KOTYARK INDUSTRIES LTD","EQ","5.0000","1","ES","E","NSE","485.2500","323.5500","","","247274"
"6422","MANORG","Mangalam Organics Limited","EQ","5.0000","1","ES","E","NSE","440.4500","293.6500","","","272434"
"507530","THAKKERS","Thakkers Group Limited","X","1.0000","1","ES","E","BSE","22.0800","19.9800","","","80000"
"6489","IRIS","IRIS RegTech Solutions","EQ","1.0000","1","ES","E","NSE","253.0900","168.7300","","","474118"
"543384","NYKAA","Nykaa","A","5.0000","1","ES","E","BSE","258.7000","211.7000","","","423732"
"6545","NYKAA","Nykaa","EQ","1.0000","1","ES","E","NSE","258.5000","211.5000","","","423732"
"531449","GRMOVER","Grm Overseas","B","5.0000","1","ES","E","BSE","183.1000","122.1000","","","654687"
"542862","SHAHLON","Shahlon Silk Industries L","X","1.0000","1","ES","E","BSE","20.2000","18.2800","","","80000"
"543386","FINOPB","Fino Payments Bank Limited","B","5.0000","1","ES","E","BSE","129.7000","106.2000","","","846580"
"6592","NIDAN","Nidan Labs And Health Ltd","SM","5.0000","1000","ES","E","NSE","15.3000","10.2000","","","454529"
"6579","FINOPB","Fino Payments Bank Limited","EQ","1.0000","1","ES","E","NSE","129.9300","106.3100","","","846580"
"543387","SJS","SJS Enterprises Limited","A","5.0000","1","ES","E","BSE","1859.3000","1239.6000","","","64464"
"543390","POLICYBZR","Policy Bazaar","A","5.0000","1","ES","E","BSE","1571.0000","1285.4000","","","69866"
"6656","POLICYBZR","Policy Bazaar","EQ","10.0000","1","ES","E","NSE","1570.5000","1285.1000","","","69866"
"6643","SJS","SJS Enterprises Limited","EQ","10.0000","1","ES","E","NSE","1861.0000","1240.8000","","","64464"
"540061","BIGBLOC","Bigbloc Construction Limi","B","1.0000","1","ES","E","BSE","45.8500","30.5700","","","2610939"
"6673","FOODSIN","Foods & Inns Limited","EQ","1.0000","1","ES","E","NSE","54.9900","36.6700","","","2181975"
"543391","SGFRL","Suyog Gurbaxani Funicular Rope","M","1.0000","750","ES","E","BSE","106.3100","86.9900","","","80000"
"18431","BIGBLOC","Bigbloc Construction","EQ","1.0000","1","ES","E","NSE","45.9600","30.6400","","","2610939"
"543244","SHINEFASH","Shine Fashions (India) Limited","M","1.0000","4000","ES","E","BSE","22.8000","15.2000","","","80000"
"6705","PAYTM","Paytm","EQ","5.0000","1","ES","E","NSE","1054.9000","863.1000","","","103687"
"543396","PAYTM","Paytm","A","5.0000","1","ES","E","BSE","1054.5000","862.8000","","","103687"
"543398","LATENTVIEW","Latent View Analytics","A","5.0000","1","ES","E","BSE","301.5000","201.0000","","","398123"
"6818","LATENTVIEW","Latent View Analytics","EQ","5.0000","1","ES","E","NSE","301.3500","200.9500","","","398123"
"6843","SMLT","Sarthak Metals Limited","EQ","1.0000","1","ES","E","NSE","68.8900","45.9300","","","447654"
"6858","DHRUV","Dhruv Consultancy Ser Ltd","EQ","1.0000","1","ES","E","NSE","30.1100","24.6500","","","620206"
"6863","BAJAJHCARE","Bajaj Healthcare Limited","EQ","5.0000","1","ES","E","NSE","348.1000","232.1000","","","344699"
"543399","TARSONS","Tarsons Products","B","5.0000","1","ES","E","BSE","200.1000","133.4000","","","600698"
"512153","MLINDLTD","M Lakhamsi industries","XT","1.0000","1","ES","E","BSE","11.0700","10.0300","","","80000"
"530361","PRABHHANS","Sea Gold Aqua Farms","X","1.0000","1","ES","E","BSE","30.4100","27.5300","","","80000"
"6943","TARSONS","Tarsons Products","EQ","1.0000","1","ES","E","NSE","199.7500","133.1700","","","600698"
"543400","OMNIPOTENT","Omnipotent Industries Limited","M","1.0000","2000","ES","E","BSE","4.0100","3.6300","","","80000"
"543401","GOCOLORS","Go Fashion","B","5.0000","1","ES","E","BSE","299.1000","199.4000","","","401232"
"6964","GOCOLORS","Go Fashion","EQ","1.0000","1","ES","E","NSE","299.0400","199.3600","","","401232"
"530557","NCLRESE","NCL Research & Financial","X","1.0000","1","ES","E","BSE","0.4600","0.3200","","","80000"
"530907","SICAPIT","SI Capital & Financial","X","1.0000","1","ES","E","BSE","41.8900","37.9100","","","80000"
"543410","DMR","DMR Engineering","M","1.0000","1950","ES","E","BSE","42.3800","28.2600","","","80000"
"7030","ASIANENE","Asian Energy Services Ltd","EQ","1.0000","1","ES","E","NSE","286.6200","191.0800","","","418634"
"7016","SHIVALIK","Shivalik Rasayan Limited","EQ","1.0000","1","ES","E","NSE","264.3000","176.2000","","","454020"
"543412","STARHEALTH","Star health","A","5.0000","1","ES","E","BSE","548.7000","365.8000","","","218295"
"7083","STARHEALTH","Star Health","EQ","5.0000","1","ES","E","NSE","549.0000","366.0000","","","218295"
"543413","TEGA","Tega Industries","A","5.0000","1","ES","E","BSE","1987.0000","1324.7000","","","60177"
"532993","SEJALLTD","Sezal Glass","B","5.0000","1","ES","E","BSE","450.3000","407.5000","","","236880"
"7091","SEJALLTD","Sejal Glass Limited","EQ","5.0000","1","ES","E","NSE","443.2500","401.0500","","","236880"
"7105","TEGA","Tega Industries","EQ","10.0000","1","ES","E","NSE","1992.9000","1328.7000","","","60177"
"543415","ANANDRATHI","Anandrathi","A","5.0000","1","ES","E","BSE","3643.0000","2428.7000","","","32876"
"517506","TTKPRESTIG","TTK Prestige","A","5.0000","1","ES","E","BSE","515.5500","343.7500","","","233227"
"543416","ZODIAC","Zodiac Energy Limited","B","5.0000","1","ES","E","BSE","256.6000","171.1000","","","468380"
"7145","ANANDRATHI","Anandrathi","EQ","10.0000","1","ES","E","NSE","3642.4000","2428.4000","","","32876"
"3546","TTKPRESTIG","TTK Prestige","EQ","5.0000","1","ES","E","NSE","514.4000","343.0000","","","233227"
"543417","RATEGAIN","RateGain Travel Technologies","A","5.0000","1","ES","E","BSE","526.9500","351.3500","","","228215"
"7177","RATEGAIN","RateGain Travel Technologies","EQ","5.0000","1","ES","E","NSE","525.7500","350.5500","","","228215"
"532850","MICEL","Mic Electronics","B","1.0000","1","ES","E","BSE","31.5000","28.5000","","","3336564"
"7169","MICEL","MIC Electronics Ltd","EQ","1.0000","1","ES","E","NSE","31.4600","28.4800","","","3336564"
"543419","SHRIRAMPPS","Shriram Properties Limited","B","1.0000","1","ES","E","BSE","73.7800","49.2000","","","1635722"
"7200","SHRIRAMPPS","Shriram Properties Limited","EQ","1.0000","1","ES","E","NSE","73.3500","48.9100","","","1635722"
"543425","MAPMYINDIA","MapmyIndia","A","5.0000","1","ES","E","BSE","962.2500","641.5500","","","124800"
"7227","MAPMYINDIA","MapmyIndia","EQ","5.0000","1","ES","E","NSE","961.3000","640.9000","","","124800"
"543426","METROBRAND","Metro Brands","A","5.0000","1","ES","E","BSE","1071.1000","714.1000","","","111443"
"7242","METROBRAND","Metro Brands","EQ","5.0000","1","ES","E","NSE","1075.3000","716.9000","","","111443"
"543427","MEDPLUS","Medplus Health","A","5.0000","1","ES","E","BSE","1005.3000","670.2000","","","118974"
"13675","NRL","Nupur Recyclers Limited","EQ","1.0000","1","ES","E","NSE","56.1000","37.4000","","","2138997"
"7254","MEDPLUS","Medplus Health","EQ","5.0000","1","ES","E","NSE","1007.8500","671.9500","","","118974"
"14101","PTL","PTL Enterprises","EQ","1.0000","1","ES","E","NSE","43.4700","28.9900","","","2760060"
"757953","EUROBOND","EURO PANEL PRODUCTS LTD","EQ","1.0000","1","ES","E","NSE","164.0100","109.3500","","","731618"
"543428","DATAPATTNS","Data Patterns","A","5.0000","1","ES","E","BSE","3641.1500","2427.4500","","","32918"
"509220","PTL","PTL Enterprises","B","1.0000","1","ES","E","BSE","43.7400","29.1600","","","2760060"
"7358","DATAPATTNS","Data Patterns","EQ","10.0000","1","ES","E","NSE","3642.3000","2428.3000","","","32918"
"7325","DCMSRIND","DCM Shriram Ind Ltd","EQ","1.0000","1","ES","E","NSE","41.1300","27.4300","","","2844644"
"7385","FOCE","Foce India Limited","SM","5.0000","240","ES","E","NSE","574.9500","520.2500","","","182603"
"543434","SUPRIYA","Supriya Lifescience","A","5.0000","1","ES","E","BSE","678.1000","452.1000","","","177947"
"7390","SUPRIYA","Supriya Lifescience","EQ","5.0000","1","ES","E","NSE","674.2500","449.5500","","","177947"
"506580","PBGLOBAL","PB Global Limited","XT","1.0000","1","ES","E","BSE","4.3500","0.4400","","","80000"
"543435","CLARA","Clara Industries Limited","M","1.0000","4150","ES","E","BSE","36.8500","24.5700","","","80000"
"7610","VIVO","Vivo Collab Solutions Ltd","SM","5.0000","1600","ES","E","NSE","79.8000","72.2000","","","65890"
"543441","CMSINFO","CMS Info Systems","A","5.0000","1","ES","E","BSE","318.6000","212.4000","","","376361"
"7603","CMSINFO","CMS Info Systems","EQ","5.0000","1","ES","E","NSE","318.7000","212.5000","","","376361"
"7679","MONARCH","Monarch Networth Cap Ltd","EQ","1.0000","1","ES","E","NSE","299.7000","199.8000","","","400356"
"524494","IPCALAB","IPCA Laboratories","A","5.0000","1","ES","E","BSE","1923.6000","1282.4000","","","62411"
"500270","BARODARY","Baroda Rayon Corporation Ltd.","X","5.0000","1","ES","E","BSE","121.0500","80.7500","","","80000"
"543442","BCONCEPTS","Brand Concepts Limited","B","5.0000","1","ES","E","BSE","239.1000","159.4000","","","408157"
"759130","ABCOTS","A B Cotspin lndia","EQ","5.0000","1","ES","E","NSE","483.1000","322.1000","","","248364"
"1633","IPCALAB","IPCA Laboratories","EQ","10.0000","1","ES","E","NSE","1921.4000","1281.0000","","","62411"
"7800","TIMESCAN","Timescan Logistics Ind L","SM","5.0000","2000","ES","E","NSE","45.0500","40.8500","","","228507"
"543444","FABINO","Fabino enterprises","M","1.0000","3000","ES","E","BSE","15.9400","14.4400","","","80000"
"524648","INDOAMIN","Indo Amines","B","1.0000","1","ES","E","BSE","100.6200","67.0800","","","1187169"
"519574","HINDUST","Hindustan Agrigenetics Ltd.","X","1.0000","1","ES","E","BSE","52.1400","34.7600","","","80000"
"9939","ONEPOINT","One Point One Sol","EQ","1.0000","1","ES","E","NSE","49.6600","33.1200","","","2415979"
"531025","VISAGAR","Visagar Financial Service","X","1.0000","1","ES","E","BSE","0.3100","0.2100","","","80000"
"2717","PRECWIRE","Precision Wires India","EQ","5.0000","1","ES","E","NSE","350.5000","233.7000","","","342216"
"542332","HIKLASS","Hi-Klass Trading And Inve","XT","1.0000","1","ES","E","BSE","59.0300","53.4100","","","80000"
"523539","PRECWIRE","Precision Wires India","B","5.0000","1","ES","E","BSE","350.5000","233.7000","","","342216"
"512221","SPVGLOBAL","SPV Global Trading Limite","XT","1.0000","1","ES","E","BSE","15.1700","13.7300","","","80000"
"511632","OLYMTFI","Olympic Management & Financial","X","1.0000","1","ES","E","BSE","5.9500","5.3900","","","80000"
"506852","PRIMO","Primo Chemicals","B","1.0000","1","ES","E","BSE","21.7900","14.5300","","","5546266"
"7886","MHLXMIRU","Mahalaxmi Rubtech Limited","EQ","1.0000","1","ES","E","NSE","187.9000","125.2800","","","347282"
"759202","AGSTRA","AGS TRANSACT TECH LTD","BZ","1.0000","1","ES","E","NSE","2.4900","2.2700","","","4199761"
"543451","AGSTRA","AGS Transact Technologies","Z","1.0000","1","ES","E","BSE","2.5200","2.2800","","","4199761"
"540717","PQIF","Polo Queen Industrial","B","1.0000","1","ES","E","BSE","17.5900","11.7300","","","80000"
"136","ANDHRSUGAR","Andhra Sugars","EQ","1.0000","1","ES","E","NSE","85.7500","57.1700","","","1399267"
"590062","ANDHRSUGAR","Andhra Sugars","B","1.0000","1","ES","E","BSE","85.7200","57.1600","","","1399267"
"7950","PRECISION","Precision Metaliks Ltd","SM","5.0000","2000","ES","E","NSE","7.4500","6.7500","","","750761"
"543453","ALKOSIGN","Alkosign Limited","M","1.0000","1125","ES","E","BSE","67.2000","44.8000","","","80000"
"7965","MALLCOM","Mallcom (India) Limited","EQ","5.0000","1","ES","E","NSE","1126.0500","750.7500","","","106560"
"532029","SINDHUTRAD","Sindhu Trade Links Limited","B","1.0000","1","ES","E","BSE","24.9900","16.6700","","","4801566"
"535958","ESSENTIA","Integra Garments And Text","B","1.0000","1","ES","E","BSE","1.2200","0.8200","","","34913480"
"240","AAKASH","Aakash Exploration Ser L","BE","1.0000","1","ES","E","NSE","8.3000","7.5200","","","3310874"
"30323","ESSENTIA","Integra Garment & Tex","EQ","1.0000","1","ES","E","NSE","1.2100","0.8100","","","34913480"
"532154","JOHNPHARMA","Johnson Pharm","X","1.0000","1","ES","E","BSE","0.5700","0.3900","","","80000"
"505790","SCHAEFFLER","Schaeffler India","A","5.0000","1","ES","E","BSE","4613.6000","3075.8000","","","25946"
"8110","AWL","Adani Wilmar Limited","EQ","1.0000","1","ES","E","NSE","213.3200","142.2200","","","561461"
"543458","AWL","AWL Agri Business","A","5.0000","1","ES","E","BSE","213.4500","142.3500","","","561461"
"1011","SCHAEFFLER","Schaeffler India","EQ","10.0000","1","ES","E","NSE","4613.7000","3075.9000","","","25946"
"543460","QRIL","Quality Ro Industries Limited","M","1.0000","500","ES","E","BSE","53.5500","48.4500","","","80000"
"543461","SSTL","Safa Systems & Technologies Li","M","1.0000","5000","ES","E","BSE","19.1100","17.2900","","","80000"
"538979","GREENLAM","Greenlam Industries","B","5.0000","1","ES","E","BSE","245.5500","163.7500","","","489373"
"539470","SHREEGANES","Shree Ganesh Biotech","X","1.0000","1","ES","E","BSE","0.6400","0.4400","","","80000"
"531328","KRETTOSYS","Kretto Syscon","X","1.0000","1","ES","E","BSE","0.5500","0.5100","","","80000"
"6848","GREENLAM","Greenlam Industries","EQ","1.0000","1","ES","E","NSE","245.1100","163.4100","","","489373"
"523329","ELDEHSG","Eldeco Housing & Industri","B","5.0000","1","ES","E","BSE","906.0000","604.0000","","","128340"
"543464","SPITZE","Maruti Interior Products Limit","MT","1.0000","1000","ES","E","BSE","71.7000","68.9000","","","80000"
"543463","MANYAVAR","Manyavar","A","5.0000","1","ES","E","BSE","420.8000","280.6000","","","284764"
"8167","MANYAVAR","Manyavar","EQ","5.0000","1","ES","E","NSE","421.2000","280.8000","","","284764"
"8162","FIBERWEB","Fiberweb India Limited","BE","1.0000","1","ES","E","NSE","33.1900","30.0300","","","941488"
"540361","DANUBE","Danube Industries","X","1.0000","1","ES","E","BSE","4.0500","3.3300","","","80000"
"8153","MEGASTAR","Megastar Foods Limited","EQ","5.0000","1","ES","E","NSE","267.2500","241.8500","","","369303"
"540956","BHATIA","Bhatia Communications & R","X","1.0000","1","ES","E","BSE","24.6100","16.4100","","","80000"
"8208","RICHA","Richa Info Systems Ltd","SM","5.0000","1000","ES","E","NSE","62.2000","56.3000","","","441522"
"6792","SBC","SBC Exports Limited","EQ","1.0000","1","ES","E","NSE","36.2500","24.1700","","","3309996"
"8259","MADHAVBAUG","Vaidya Sane Ayur Lab Ltd","SM","5.0000","400","ES","E","NSE","199.9000","133.3000","","","343789"
"542725","SBC","Sbc Exports","B","1.0000","1","ES","E","BSE","36.0100","24.0100","","","3309996"
"512147","KAJALSY","Kajal Synthetics & Silk Mills","XT","1.0000","1","ES","E","BSE","0.0200","0.0100","","","80000"
"543470","SOFTTECH","Softtech Engineers Limited","B","5.0000","1","ES","E","BSE","271.8500","181.2500","","","452637"
"539835","SUPERIOR","Superior Finlease","X","1.0000","1","ES","E","BSE","1.9800","1.3200","","","80000"
"540597","CONTAINER","Containerway Internationa","X","1.0000","1","ES","E","BSE","15.3400","13.8800","","","80000"
"758997","SUPREMEENG","SUPREME ENGINEERING LTD","BZ","1.0000","1","ES","E","NSE","0.9800","0.9000","","","8173364"
"543475","EKENNIS","Ekennis Software Service Limit","M","5.0000","800","ES","E","BSE","157.7500","142.7500","","","80000"
"539219","MUL","Mauria Udyog","X","1.0000","1","ES","E","BSE","9.4200","6.2800","","","80000"
"539621","BCLENTERPR","Bcl Enterprises","X","1.0000","1","ES","E","BSE","0.4900","0.4500","","","80000"
"8398","SHIGAN","Shigan Quantum Tech Ltd","ST","5.0000","1500","ES","E","NSE","49.4000","44.7000","","","664705"
"538706","ULTRACAB","Ultracab","X","1.0000","1","ES","E","BSE","6.5200","4.3600","","","80000"
"532527","RKFORGE","Ramkrishna Forgings","A","5.0000","1","ES","E","BSE","560.3000","373.6000","","","214159"
"11411","RKFORGE","Ramkrishna Forgings","EQ","5.0000","1","ES","E","NSE","559.9000","373.3000","","","214159"
"534064","AIML","Alliance Integrated Metal","X","1.0000","1","ES","E","BSE","1.5900","1.0700","","","80000"
"517522","RAJRATAN","Rajratan Global Wire","B","5.0000","1","ES","E","BSE","396.8000","264.6000","","","303153"
"511038","ZARCOLEA","Arco Leasing Ltd.","X","1.0000","1","ES","E","BSE","4.5000","3.0000","","","80000"
"543268","DRCSYSTEMS","DRC Systems India Limited","B","1.0000","1","ES","E","BSE","16.3600","10.9200","","","4711459"
"18962","RAJRATAN","Rajratan Global Wire Ltd","EQ","5.0000","1","ES","E","NSE","395.8000","263.9000","","","303153"
"530699","RAJRILTD","Raj Rayon Industries Limi","T","1.0000","1","ES","E","BSE","20.3300","19.5500","","","5014751"
"543482","EUREKAFORB","Eureka Forbes Limited","A","5.0000","1","ES","E","BSE","528.1500","352.1500","","","227056"
"8428","RAJRILTD","RAJ Rayon Industries Ltd","BE","1.0000","1","ES","E","NSE","20.3300","19.5500","","","5014751"
"2645","DRCSYSTEMS","DRC Systems India Limited","EQ","1.0000","1","ES","E","NSE","17.3500","11.5700","","","4711459"
"8510","GATEWAY","Gateway Distriparks Ltd","EQ","1.0000","1","ES","E","NSE","60.6600","40.4400","","","1978089"
"543489","GATEWAY","Gateway Distriparks Limited","B","1.0000","1","ES","E","BSE","60.5800","40.4000","","","1978089"
"8521","SPRL","Sp Refractories Limited","SM","5.0000","800","ES","E","NSE","121.6500","110.1500","","","58516"
"543490","GMRP&UI","GMR Power And Urban Infra Limi","A","1.0000","1","ES","E","BSE","107.5200","71.6800","","","1113730"
"8529","GMRP&UI","GMR Pow And Urban Infra L","EQ","1.0000","1","ES","E","NSE","107.6800","71.8000","","","1113730"
"543497","BCCL","Bhatia Colour Chem Limited","M","5.0000","400","ES","E","BSE","154.5000","139.8000","","","80000"
"502986","VTL","Vardhman Textiles","A","5.0000","1","ES","E","BSE","629.9000","420.0000","","","190925"
"2073","VTL","Vardhman Textiles","EQ","5.0000","1","ES","E","NSE","628.4000","419.0000","","","190925"
"1607","AURIGROW","Godha Cabcon Insulat Ltd","EQ","1.0000","1","ES","E","NSE","0.2600","0.2400","","","48273047"
"760923","KNAGRI","KN AGRI RESOURCES LIMITED","EQ","1.0000","1","ES","E","NSE","180.5800","163.4000","","","581424"
"8612","SWARAJ","Swaraj Suiting Limited","ST","5.0000","500","ES","E","NSE","283.2500","256.3500","","","370633"
"8596","MSUMI","Motherson Sumi Wiring","EQ","1.0000","1","ES","E","NSE","44.2800","29.5200","","","2705718"
"526729","GOLDIAM","Goldiam International","A","5.0000","1","ES","E","BSE","321.9000","214.6000","","","372177"
"543498","MSUMI","Motherson Sumi Wiring","A","1.0000","1","ES","E","BSE","44.2600","29.5200","","","2705718"
"540135","ARCFIN","Arc Finance","X","1.0000","1","ES","E","BSE","0.5400","0.3600","","","80000"
"11971","GOLDIAM","Goldiam International","EQ","5.0000","1","ES","E","NSE","322.3500","214.9500","","","372177"
"8614","INDOBORAX","Indo Borax & Chemical Ltd","EQ","1.0000","1","ES","E","NSE","291.7300","194.4900","","","411329"
"538788","GILADAFINS","Gilada Finance & Invt.","X","1.0000","1","ES","E","BSE","13.2000","10.8000","","","80000"
"543500","EVOQ","Evoq Remedies Limited","M","1.0000","4000","ES","E","BSE","2.5300","2.0700","","","80000"
"756782","KRISHIVAL","KRISHIVAL FOODS LIMITED","EQ","5.0000","1","ES","E","NSE","382.6000","255.1000","","","313625"
"8735","PROPEQUITY","P. E. Analytics Limited","SM","5.0000","600","ES","E","NSE","196.8000","131.2000","","","342764"
"531465","NOUVEAU","Nouveau Global Ventures L","X","1.0000","1","ES","E","BSE","0.5000","0.4900","","","80000"
"761192","KRISHNADEF","KRISHNA DEF AND ALD IND L","EQ","5.0000","1","ES","E","NSE","966.4500","644.3500","","","124161"
"543513","UMAEXPORTS","Uma Exports Limited","B","1.0000","1","ES","E","BSE","22.4400","14.9600","","","1105581"
"543512","AVROIND","Avro India Limited","B","5.0000","1","ES","E","BSE","116.3500","105.3500","","","435271"
"8797","OBCL","Orissa Bengal Carrier Ltd","EQ","1.0000","1","ES","E","NSE","68.6800","45.8000","","","689407"
"8842","UMAEXPORTS","UMA Exports Limited","EQ","1.0000","1","ES","E","NSE","22.2300","14.8300","","","1105581"
"8866","CHOICEIN","Choice International Ltd","EQ","5.0000","1","ES","E","NSE","732.1000","488.1000","","","163740"
"531779","PADALPO","Padmanabh Alloys & Polymers Lt","X","1.0000","1","ES","E","BSE","18.7100","15.3100","","","80000"
"506590","PCBL","Phillips Carbon Black","A","5.0000","1","ES","E","BSE","290.7000","193.8000","","","413135"
"543514","VERANDA","Veranda Learning Solutions","B","5.0000","1","ES","E","BSE","160.8000","107.2000","","","747045"
"8890","VERANDA","Veranda Learning Solutions","EQ","1.0000","1","ES","E","NSE","160.6300","107.0900","","","747045"
"503893","ZSATYASL","Satyam Silk Mills","XT","1.0000","1","ES","E","BSE","3.6500","3.3100","","","80000"
"543516","DHYAANITR","Dhyaani Tradeventtures Limited","M","1.0000","2800","ES","E","BSE","5.9900","5.4300","","","80000"
"8944","RITCO","Ritco Logistics Limited","EQ","1.0000","1","ES","E","NSE","214.3300","142.8900","","","559861"
"539506","ADCON","Adcon Capital Services","X","1.0000","1","ES","E","BSE","0.4300","0.3900","","","80000"
"543515","SEML","Sunrise Efficient Marketing Li","M","1.0000","375","ES","E","BSE","78.0900","70.6700","","","80000"
"2649","PCBL","Philips Carbon Black","EQ","1.0000","1","ES","E","NSE","290.3400","193.5600","","","413135"
"8953","ELDEHSG","Eldeco Hsg & Ind Ltd.","EQ","5.0000","1","ES","E","NSE","934.9500","623.3500","","","128340"
"511605","ARIHANTCAP","Arihant Capital Markets","B","1.0000","1","ES","E","BSE","69.9900","46.6700","","","1718399"
"511724","BAIDFIN","Baid Finserv","B","1.0000","1","ES","E","BSE","10.8700","7.2500","","","4907791"
"543517","HARIOMPIPE","Hariom Pipe Industries","B","5.0000","1","ES","E","BSE","330.7000","220.5000","","","363432"
"3813","ARIHANTCAP","Arihant Capital Mkts Ltd","EQ","1.0000","1","ES","E","NSE","69.8200","46.5600","","","1718399"
"8968","HARIOMPIPE","Hariom Pipe Industries","EQ","5.0000","1","ES","E","NSE","330.1500","220.1500","","","363432"
"543518","EIGHTY","Eighty Jewellers Limited","M","1.0000","3000","ES","E","BSE","33.2400","22.1600","","","80000"
"531153","DILIGENT","Diligent Industries Ltd.","X","1.0000","1","ES","E","BSE","2.4400","1.6400","","","80000"
"758115","JSLL","Jeena Sikho Lifecare","EQ","5.0000","1","ES","E","NSE","647.6000","431.8000","","","185208"
"533155","JUBLFOOD","Jubilant Foodworks","A","5.0000","1","ES","E","BSE","477.9500","391.0500","","","230285"
"18096","JUBLFOOD","Jubilant Foodworks","EQ","5.0000","1","ES","E","NSE","477.5000","390.7000","","","230285"
"532163","SAREGAMA","Saregama India","A","5.0000","1","ES","E","BSE","382.9000","255.3000","","","313122"
"4892","SAREGAMA","Saregama India","EQ","5.0000","1","ES","E","NSE","383.1500","255.4500","","","313122"
"511557","PROFINC","Pro Fin Capital Services","X","1.0000","1","ES","E","BSE","3.1100","2.8300","","","80000"
"9087","PIXTRANS","PIX Transmissions Limited","EQ","10.0000","1","ES","E","NSE","1728.9000","1152.7000","","","69393"
"9116","INDOAMIN","Indo Amines Limited","EQ","1.0000","1","ES","E","NSE","101.0700","67.3900","","","1187169"
"511018","ZMILGFIN","Milgrey Finance & Investments","X","1.0000","1","ES","E","BSE","58.2000","38.8000","","","80000"
"543519","SFSL","Shashwat Furnishing Solutions","M","1.0000","1500","ES","E","BSE","100.5300","90.9700","","","80000"
"543520","GLHRL","Global Longlife Hospital And R","MT","1.0000","1000","ES","E","BSE","14.3400","12.9800","","","80000"
"9305","STARTECK","Starteck Finance Limited","EQ","1.0000","1","ES","E","NSE","259.2000","172.8000","","","324067"
"543521","FONE4","Fone4 Communications (India) L","M","1.0000","10000","ES","E","BSE","10.2400","9.2800","","","80000"
"543522","NVENTURES","Nanavati Ventures Limited","M","5.0000","750","ES","E","BSE","111.3000","100.7000","","","80000"
"9362","CAMPUS","Campus Activewear","EQ","1.0000","1","ES","E","NSE","262.6200","175.0800","","","456861"
"543523","CAMPUS","Campus Activewear","A","5.0000","1","ES","E","BSE","263.1500","175.4500","","","456861"
"760300","LEMERITE","Le Merite Exports","EQ","5.0000","1","ES","E","NSE","528.3500","352.2500","","","227104"
"9378","TRU","TruCap Finance Limited","EQ","1.0000","1","ES","E","NSE","4.8600","4.4000","","","3886783"
"9408","RAINBOW","Rainbow Children's Med","EQ","10.0000","1","ES","E","NSE","1395.7000","930.5000","","","85919"
"543524","RAINBOW","Rainbow Children's Med","A","5.0000","1","ES","E","BSE","1395.9500","930.6500","","","85919"
"543525","SILVERTUC","Silver Touch Technologies Limi","B","5.0000","1","ES","E","BSE","109.4500","99.0500","","","963375"
"9458","SONUINFRA","Sonu Infratech Limited","SM","5.0000","1500","ES","E","NSE","39.9000","36.1000","","","384707"
"500463","BBOX","Black Box","A","5.0000","1","ES","E","BSE","536.1500","357.4500","","","223513"
"540252","VSL","Viram Suvarn","B","1.0000","1","ES","E","BSE","13.2000","8.8000","","","80000"
"9480","LICI","LIC","EQ","5.0000","1","ES","E","NSE","798.2000","653.1000","","","132824"
"543526","LICI","LIC","A","5.0000","1","ES","E","BSE","797.9500","652.9500","","","132824"
"3435","BBOX","Black Box Limited","EQ","5.0000","1","ES","E","NSE","536.5500","357.7500","","","223513"
"539216","GARMNTMNTR","Garment Mantra Lifestyle","X","1.0000","1","ES","E","BSE","1.6800","1.1200","","","80000"
"543420","JETFREIGHT","Jet Freight Logistics","B","1.0000","1","ES","E","BSE","20.9400","13.9600","","","1517403"
"9553","PRUDENT","Prudent Corporate Advisory","EQ","10.0000","1","ES","E","NSE","2610.0000","1740.0000","","","45961"
"7211","JETFREIGHT","Jet Freight Logistics","EQ","1.0000","1","ES","E","NSE","20.4700","13.6500","","","1517403"
"505693","LATIMMETAL","La Tim Metal & Ind.","X","1.0000","1","ES","E","BSE","11.1600","7.4400","","","80000"
"543527","PRUDENT","Prudent Corporate Advisory","A","5.0000","1","ES","E","BSE","2611.0000","1740.7000","","","45961"
"504370","ZARDIINV","Ardi Investment & Trading Ltd.","XT","1.0000","1","ES","E","BSE","4.1200","0.4200","","","80000"
"9592","VENUSPIPES","Venus Pipes & Tubes Limited","EQ","5.0000","1","ES","E","NSE","1072.8000","715.2000","","","111846"
"9599","DELHIVERY","Delhivery Limited","EQ","5.0000","1","ES","E","NSE","458.3500","375.0500","","","239554"
"543529","DELHIVERY","Delhivery Limited","A","5.0000","1","ES","E","BSE","458.2500","374.9500","","","239554"
"524444","EVEXIA","Evexia Lifecare","X","1.0000","1","ES","E","BSE","0.5500","0.5100","","","80000"
"543528","VENUSPIPES","Venus Pipes & Tubes Limited","B","5.0000","1","ES","E","BSE","1071.2000","714.2000","","","111846"
"9652","RELCHEMQ","Reliance Chemotex Ind Ltd","EQ","1.0000","1","ES","E","NSE","130.5800","87.0600","","","246674"
"506640","ZR2","ZR2 Bioenergy","X","1.0000","1","ES","E","BSE","103.3700","93.5300","","","80000"
"9741","PARADEEP","Paradeep Phosphates","EQ","1.0000","1","ES","E","NSE","128.6800","85.8000","","","932277"
"531893","SAWACA","Sawaca Business Machines","XT","1.0000","1","ES","E","BSE","0.3300","0.3100","","","80000"
"543530","PARADEEP","Paradeep Phosphates","A","5.0000","1","ES","E","BSE","128.7000","85.8000","","","932277"
"543531","TIERRA","Tierra Agrotech Limited","X","1.0000","1","ES","E","BSE","39.2400","35.5200","","","80000"
"543532","ETHOSLTD","Ethos","A","5.0000","1","ES","E","BSE","2610.1000","1740.1000","","","45782"
"9750","ETHOSLTD","Ethos","EQ","10.0000","1","ES","E","NSE","2619.9000","1746.7000","","","45782"
"543533","EMUDHRA","eMudhra Limited","B","5.0000","1","ES","E","BSE","444.0500","296.0500","","","267233"
"9756","EMUDHRA","eMudhra Limited","EQ","5.0000","1","ES","E","NSE","448.9000","299.3000","","","267233"
"9768","GSTL","Globesecure Techno Ltd","ST","5.0000","1000","ES","E","NSE","37.7500","36.3500","","","521216"
"9810","AETHER","Aether Industries","EQ","10.0000","1","ES","E","NSE","1313.4000","875.6000","","","91279"
"543534","AETHER","Aether Industries","A","5.0000","1","ES","E","BSE","1313.7000","875.8000","","","91279"
"540614","GGENG","G G Engineering","X","1.0000","1","ES","E","BSE","0.4200","0.2800","","","80000"
"9854","RILINFRA","Rachana Infra Ltd","SM","5.0000","100","ES","E","NSE","41.1000","27.4000","","","608383"
"9858","FIDEL","Fidel Softech Limited","SM","5.0000","1000","ES","E","NSE","150.0000","100.0000","","","449643"
"540821","CRYSTAL","Crystal Business System","X","1.0000","1","ES","E","BSE","1.9200","1.2800","","","80000"
"539884","DARSHANORNA","Darshan Orna","X","1.0000","1","ES","E","BSE","2.9000","1.9400","","","80000"
"543535","WEWIN","We Win Limited","B","1.0000","1","ES","E","BSE","40.4100","33.0700","","","332264"
"519216","AJANTSOY","Ajanta Soya","X","1.0000","1","ES","E","BSE","19.6200","13.0800","","","80000"
"542802","GALACTICO","Galactico Corporate Servi","B","1.0000","1","ES","E","BSE","1.8400","1.2400","","","80000"
"543536","SILVERPRL","Silver Pearl Hospitality & Lux","M","1.0000","8000","ES","E","BSE","8.4000","5.6000","","","80000"
"9879","CHEVIOT","Cheviot Company Limited","EQ","5.0000","1","ES","E","NSE","1085.2500","723.5500","","","110569"
"531494","NAVKARURB","Navkar Builders","B","1.0000","1","ES","E","BSE","0.7600","0.7000","","","36692356"
"541702","ASHNI","Ashnisha Industries Limit","X","1.0000","1","ES","E","BSE","3.4800","3.1600","","","80000"
"540642","SALASAR","Salasar Techno Engg.","B","1.0000","1","ES","E","BSE","6.7900","4.5300","","","17729459"
"543537","SCARNOSE","Scarnose International Limited","M","1.0000","1000","ES","E","BSE","83.6000","68.4000","","","80000"
"21362","SALASAR","Salasar Techno Engg.","EQ","1.0000","1","ES","E","NSE","6.7600","4.5200","","","17729459"
"543538","GOEL","Goel Food Products Limited","M","1.0000","2000","ES","E","BSE","10.4500","6.9700","","","80000"
"532900","PAISALO","Paisalo Digital","A","1.0000","1","ES","E","BSE","40.5000","27.0000","","","2965950"
"5457","DUGLOBAL","Dudigital Global Limited","SM","5.0000","2500","ES","E","NSE","32.8500","21.9500","","","2350212"
"25468","PAISALO","Paisalo Digital","EQ","1.0000","1","ES","E","NSE","40.4500","26.9700","","","2965950"
"521137","EUREKAI","Eureka Industries","X","1.0000","1","ES","E","BSE","4.0700","3.6900","","","80000"
"543539","MODIS","Modis Navnirman","B","5.0000","1","ES","E","BSE","356.2000","237.5000","","","333442"
"517360","SBECSYS","Sbec Systems","X","1.0000","1","ES","E","BSE","17.1000","14.0000","","","80000"
"543540","PGCRL","Pearl Green Clubs And Resorts","M","5.0000","600","ES","E","BSE","140.2500","114.7500","","","80000"
"10277","NGLFINE","NGL Fine Chem Limited","EQ","10.0000","1","ES","E","NSE","2468.5000","1645.7000","","","48608"
"543541","SAILANI","Sailani Tours N Travels Limite","M","1.0000","1600","ES","E","BSE","17.9500","16.2500","","","80000"
"759169","MWL","MANGALAM WORLDWIDE LTD","EQ","5.0000","1","ES","E","NSE","304.4000","203.0000","","","394157"
"534748","STEELXIND","Steel Exchange India","B","1.0000","1","ES","E","BSE","8.4900","5.6700","","","14063658"
"543542","KESAR","Kesar India Limited","M","5.0000","200","ES","E","BSE","1362.0000","908.0000","","","80000"
"10325","SKP","SKP Bearing Industri. Ltd","SM","5.0000","500","ES","E","NSE","168.0000","112.0000","","","542819"
"21339","STEELXIND","Steel Exchange India","EQ","1.0000","1","ES","E","NSE","8.5300","5.6900","","","14063658"
"543544","JAYANT","Jayant Infratech Limited","M","1.0000","750","ES","E","BSE","50.9600","41.7000","","","80000"
"543543","BRRL","B-Right Realestate Limited","MT","5.0000","400","ES","E","BSE","1028.0500","987.7500","","","80000"
"531273","RADHEDE","Radhe Developers","X","1.0000","1","ES","E","BSE","1.5100","1.0100","","","80000"
"532923","RGL","Renaissance Global Limited","B","1.0000","1","ES","E","BSE","116.2200","77.4800","","","1027856"
"506979","APTPACK","APT Packaging Ltd.","X","5.0000","1","ES","E","BSE","187.8000","170.0000","","","80000"
"15129","RGL","Renaissance Global","EQ","1.0000","1","ES","E","NSE","116.7300","77.8300","","","1027856"
"10350","CSLFINANCE","CSL Finance Limited","EQ","1.0000","1","ES","E","NSE","264.0000","176.0000","","","454536"
"540386","ONTIC","Ontic Finserve","X","1.0000","1","ES","E","BSE","1.3300","1.2100","","","80000"
"519126","HNDFDS","Hindustan Foods","B","5.0000","1","ES","E","BSE","612.1000","408.1000","","","196308"
"539921","SEIL","Shanti Educational Initiative","B","5.0000","1","ES","E","BSE","179.1000","119.4000","","","80000"
"12173","HNDFDS","Hindustan Foods","EQ","5.0000","1","ES","E","NSE","611.2000","407.5000","","","196308"
"543546","HEALTHYLIFE","Healthy Life Agritec Limited","M","1.0000","2000","ES","E","BSE","6.7600","6.1200","","","80000"
"543547","DDEVPLSTIK","Ddev Plastiks Industries","B","5.0000","1","ES","E","BSE","226.9500","151.3500","","","528041"
"10417","DYCL","Dynamic Cables Limited","EQ","1.0000","1","ES","E","NSE","289.0800","192.7200","","","415096"
"500470","TATASTEEL","Tata Steel","A","5.0000","1","ES","E","BSE","210.9500","172.6500","","","511824"
"3499","TATASTEEL","Tata Steel","EQ","1.0000","1","ES","E","NSE","211.0400","172.6800","","","511824"
"524602","BANDARAM","Bandaram Pharma Packtech Limit","X","1.0000","1","ES","E","BSE","25.8800","21.1800","","","80000"
"10485","RAMRAT","RAM Ratna Wires Limited","EQ","5.0000","1","ES","E","NSE","346.9000","231.3000","","","345858"
"10491","AGNI","Agni Green Power Ltd","SM","5.0000","2500","ES","E","NSE","16.0500","14.5500","","","638787"
"504176","HIGHENE","High Energy Batteries","X","5.0000","1","ES","E","BSE","621.2000","414.2000","","","80000"
"540570","VARIMAN","Variman Global Enterprise","X","1.0000","1","ES","E","BSE","2.8800","2.6200","","","80000"
"10605","LOYALTEX","Loyal Textile Mills Ltd","BE","1.0000","1","ES","E","NSE","197.8200","178.9800","","","157497"
"10610","USASEEDS","Upsurge Seeds Of Agri Ltd","SM","5.0000","428","ES","E","NSE","94.5000","85.5000","","","329793"
"512097","SAICOM","Saianand Commercial Limited","X","1.0000","1","ES","E","BSE","0.2500","0.1700","","","80000"
"10710","VEEKAYEM","Veekayem Fash & App Ltd","SM","5.0000","500","ES","E","NSE","132.8000","120.2000","","","192136"
"539309","RAMASTEEL","Rama Steel Tubes","B","1.0000","1","ES","E","BSE","3.9800","3.2600","","","27547658"
"10300","RAMASTEEL","Rama Steel Tubes","EQ","1.0000","1","ES","E","NSE","3.9900","3.2700","","","27547658"
"10793","SYRMA","Syrma SGS Technology Limited","EQ","5.0000","1","ES","E","NSE","927.7000","618.5000","","","129196"
"538730","PDSL","Pds Multinational Fashion","B","5.0000","1","ES","E","BSE","312.9500","208.6500","","","382176"
"543573","SYRMA","Syrma SGS Technology Limited","A","5.0000","1","ES","E","BSE","928.2500","618.8500","","","129196"
"543578","OLATECH","Olatech Solutions Limited","M","5.0000","925","ES","E","BSE","139.4000","114.1000","","","80000"
"5264","PDSL","Pds Multinational Fashion","EQ","5.0000","1","ES","E","NSE","313.9500","209.3500","","","382176"
"531156","ALFAVIO","Alfavision Overseas","XT","1.0000","1","ES","E","BSE","13.3400","12.8200","","","80000"
"9288","KRITIKA","Kritika Wires Limited","EQ","1.0000","1","ES","E","NSE","5.4700","3.6500","","","8707355"
"526407","HAMPTON","Ritesh Properties & Indus","X","1.0000","1","ES","E","BSE","9.1000","6.0800","","","80000"
"524667","SOTL","Savita Oil Technologies","B","5.0000","1","ES","E","BSE","345.6000","230.4000","","","347052"
"3021","SOTL","Savita Oil Technologies","EQ","5.0000","1","ES","E","NSE","345.7000","230.5000","","","347052"
"10859","DREAMFOLKS","Dreamfolks Services Ltd","EQ","1.0000","1","ES","E","NSE","68.6200","45.7600","","","1741924"
"543591","DREAMFOLKS","Dreamfolks Services Limited","B","1.0000","1","ES","E","BSE","68.6700","45.7900","","","1741924"
"1110","DANGEE","Dangee Dums Limited","EQ","1.0000","1","ES","E","NSE","3.2800","2.2000","","","5034982"
"10871","GRMOVER","GRM Overseas Limited","EQ","1.0000","1","ES","E","NSE","183.2700","122.1900","","","654687"
"10898","AMEYA","Ameya Precision Eng Ltd","SM","5.0000","1000","ES","E","NSE","97.6500","88.3500","","","245249"
"503722","BANSWRAS","Banswara Syntex","B","1.0000","1","ES","E","BSE","114.9000","76.6000","","","1040689"
"543593","DBOL","Dhampur Bio Organics Limited","B","5.0000","1","ES","E","BSE","138.1000","92.1000","","","861312"
"10893","DBOL","Dhampur Bio Organics Ltd","EQ","1.0000","1","ES","E","NSE","139.3200","92.8800","","","861312"
"10885","JFLLIFE","JFL Life Sciences Limited","SM","5.0000","6000","ES","E","NSE","8.9500","8.1500","","","2157894"
"10889","KORE","JAY Jalaram Techno Ltd","SM","5.0000","250","ES","E","NSE","89.2500","80.7500","","","396487"
"543594","DPL","Dipna Pharmachem Limited","M","1.0000","3000","ES","E","BSE","9.6200","6.4200","","","80000"
"14511","BANSWRAS","Banswara Syntex","EQ","1.0000","1","ES","E","NSE","115.3000","76.8800","","","1040689"
"543595","EPBIO","Ep Biocomposites Limited","M","1.0000","500","ES","E","BSE","100.8000","67.2000","","","80000"
"532978","BAJAJFINSV","Bajaj Finserv","A","5.0000","1","ES","E","BSE","1794.7500","1468.4500","","","60820"
"16675","BAJAJFINSV","Bajaj Finserv","EQ","10.0000","1","ES","E","NSE","1794.9000","1468.7000","","","60820"
"543597","VOEPL","Virtuoso Optoelectronics Limit","M","5.0000","250","ES","E","BSE","290.0000","193.4000","","","80000"
"10945","TMB","Tamilnad Mercantile Bank","EQ","5.0000","1","ES","E","NSE","695.2500","463.5500","","","172444"
"543596","TMB","Tamilnad Mercantile Bank","A","5.0000","1","ES","E","BSE","696.3500","464.2500","","","172444"
"10967","VIVIANA","Viviana Power Tech Ltd","SM","5.0000","200","ES","E","NSE","749.8500","499.9500","","","160022"
"543598","SISL","Shantidoot Infra Services Limi","MT","5.0000","400","ES","E","BSE","209.6500","189.7500","","","80000"
"539911","SNIM","Svarnim Trade Udyog Limited","XT","1.0000","1","ES","E","BSE","12.0000","10.8600","","","80000"
"10980","MEGAFLEX","Mega Flex Plastics Ltd","ST","5.0000","3000","ES","E","NSE","158.8000","143.7000","","","396684"
"10985","SABAR","Sabar Flex India Limited","ST","5.0000","5000","ES","E","NSE","5.7000","5.2000","","","628473"
"540360","LLFICL","Leading Leasing Finance","B","1.0000","1","ES","E","BSE","1.3400","1.2200","","","80000"
"10986","TAPIFRUIT","Tapi Fruit Processing Ltd","SM","5.0000","750","ES","E","NSE","59.4000","53.8000","","","140626"
"590051","SAKSOFT","Saksoft","B","5.0000","1","ES","E","BSE","132.2000","88.2000","","","911554"
"809","BSHSL","Bombay Super Hybrid Seeds","EQ","1.0000","1","ES","E","NSE","72.8400","48.5600","","","1647410"
"543600","HARSHA","Harsha Engineers International","B","5.0000","1","ES","E","BSE","377.2000","251.5000","","","318199"
"11794","SAKSOFT","Saksoft","EQ","1.0000","1","ES","E","NSE","131.6200","87.7600","","","911554"
"11162","HARSHA","Harsha Engineers International","EQ","5.0000","1","ES","E","NSE","377.1000","251.4000","","","318199"
"11198","ANNAPURNA","Annapurna Swadisht Ltd","SM","5.0000","250","ES","E","NSE","199.3000","132.9000","","","602035"
"17376","EXCEL","Excel Realty N Infra","EQ","1.0000","1","ES","E","NSE","1.0500","0.8700","","","46129728"
"11208","KANDARP","Kandarp Dg Smart Bpo Ltd","SM","5.0000","1000","ES","E","NSE","143.0000","117.0000","","","293417"
"11218","MAKS","Maks Energy Sol India Ltd","SM","5.0000","1500","ES","E","NSE","27.7500","25.1500","","","226767"
"533090","EXCEL","Excel Realty N Infra","B","1.0000","1","ES","E","BSE","1.0300","0.8500","","","46129728"
"512091","NIBEORD","Nibe Ordnance And Maritime Lim","XT","1.0000","1","ES","E","BSE","12.1900","11.0300","","","80000"
"513496","SIZEMASTER","Mewat Zinc","XT","5.0000","1","ES","E","BSE","327.8500","296.6500","","","80000"
"543606","CONTAINE","Containe Technologies Limited","M","1.0000","1000","ES","E","BSE","13.2500","11.9900","","","80000"
"540401","MAXIMUS","Maximus International","X","1.0000","1","ES","E","BSE","10.8000","7.2000","","","80000"
"543614","TIPSFILMS","Tips Films Limited","B","5.0000","1","ES","E","BSE","336.6000","224.4000","","","141358"
"543613","MAFIA","Mafia Trends Limited","M","1.0000","4000","ES","E","BSE","9.6000","6.4000","","","80000"
"11374","TIPSFILMS","Tips Films Limited","EQ","5.0000","1","ES","E","NSE","337.7000","225.2000","","","141358"
"3403","AJOONI","Ajooni Biotech Limited","EQ","1.0000","1","ES","E","NSE","4.6000","3.0800","","","5632365"
"11432","KRITINUT","Kriti Nutrients Limited","EQ","1.0000","1","ES","E","NSE","64.6400","43.1000","","","1638385"
"11447","CMRSL","Cyber Media Res & Ser Ltd","SM","5.0000","800","ES","E","NSE","55.0500","49.8500","","","95745"
"543617","REETECH","Reetech International","M","1.0000","1200","ES","E","BSE","29.7200","26.9000","","","80000"
"543616","TLL","Trident Lifeline Limited","M","5.0000","600","ES","E","BSE","322.0000","214.7000","","","80000"
"543622","STML","Steelman Telecom Limited","M","1.0000","1200","ES","E","BSE","68.1100","55.7300","","","80000"
"543619","CNCRD","Concord Control Systems Limite","M","5.0000","200","ES","E","BSE","1996.1500","1806.0500","","","80000"
"543615","SRSOLTD","Silicon Rental Solutions Limit","M","1.0000","800","ES","E","BSE","74.4400","49.6400","","","80000"
"543621","CARGOSOL","Cargosol Logistics Limited","M","1.0000","4000","ES","E","BSE","23.7500","21.4900","","","80000"
"543618","CARGOTRANS","Cargotrans Maritime Limited","M","5.0000","1500","ES","E","BSE","165.0000","135.0000","","","80000"
"11467","QMSMEDI","QMS Medical Allied S Ltd","SM","5.0000","1000","ES","E","NSE","86.4000","57.6000","","","632336"
"11472","LLOYDS","Lloyds Luxuries Limited","SM","5.0000","1000","ES","E","NSE","47.6000","31.8000","","","789210"
"543623","VEDANTASSET","Vedant Asset Limited","MT","1.0000","1500","ES","E","BSE","36.0100","32.5900","","","80000"
"526159","NIKHILAD","Nikhil Adhesives","X","1.0000","1","ES","E","BSE","74.7800","49.8600","","","80000"
"531737","GREENCREST","Greencrest Financial Services","X","1.0000","1","ES","E","BSE","0.5000","0.4900","","","80000"
"11492","SWASTIK","Swastik Pipe Limited","SM","5.0000","1200","ES","E","NSE","15.6000","10.4000","","","759668"
"11501","FROG","Frog Cellsat Limited","SM","5.0000","400","ES","E","NSE","160.5000","107.0000","","","508625"
"543626","EMIL","Electronics Mart India Limited","A","1.0000","1","ES","E","BSE","105.7800","70.5200","","","1135008"
"11530","EMIL","Electronics Mart India","EQ","1.0000","1","ES","E","NSE","105.7200","70.4800","","","1135008"
"522215","HLEGLAS","HLE Glascoat","B","5.0000","1","ES","E","BSE","300.8000","200.6000","","","398392"
"543636","DCI","Dc Infotech And Communication","B","5.0000","1","ES","E","BSE","360.6500","240.4500","","","333215"
"526582","TPLPLASTEH","TPL Plastech","B","1.0000","1","ES","E","BSE","62.7600","41.8400","","","1941728"
"543635","PPLPHARMA","Piramal Pharma Limited","A","5.0000","1","ES","E","BSE","150.0500","122.8500","","","731086"
"2289","HLEGLAS","HLE Glascoat Limited","EQ","5.0000","1","ES","E","NSE","301.2000","200.8000","","","398392"
"11571","PPLPHARMA","Piramal Pharma Limited","EQ","1.0000","1","ES","E","NSE","150.1900","122.8900","","","731086"
"9219","TPLPLASTEH","TPL Plastech","EQ","1.0000","1","ES","E","NSE","61.8000","41.2000","","","1941728"
"543637","PACE","Pace E-Commerce Ventures Limit","M","1.0000","1200","ES","E","BSE","15.4800","10.3200","","","80000"
"543638","TRACXN","Tracxn Technologies Limited","B","1.0000","1","ES","E","BSE","30.9700","20.6500","","","3490279"
"11582","TRACXN","Tracxn Technologies Limited","EQ","1.0000","1","ES","E","NSE","31.1800","20.8000","","","3490279"
"9909","AXITA","Axita Cotton Limited","BE","1.0000","1","ES","E","NSE","8.9900","8.1500","","","11668532"
"11612","PHANTOMFX","Phantom Digital Eff Ltd","SM","5.0000","300","ES","E","NSE","190.0000","126.7000","","","520675"
"511153","ANJANIFOODS","Anjani Foods","X","1.0000","1","ES","E","BSE","15.6100","10.4100","","","80000"
"542285","AXITA","Axita Cotton","T","1.0000","1","ES","E","BSE","9.0300","8.1700","","","11668532"
"526435","PERFEPA","Perfectpac","X","1.0000","1","ES","E","BSE","93.6400","62.4400","","","80000"
"11641","BOHRAIND","Bohra Industries Limited","BE","1.0000","1","ES","E","NSE","16.2700","14.7300","","","692329"
"10412","KSHITIJPOL","Kshitij Polyline Limited","BE","1.0000","1","ES","E","NSE","2.3300","2.1100","","","5043807"
"543643","NARMADA","Narmada Agrobase Limited","B","1.0000","1","ES","E","BSE","36.5800","24.4000","","","1240520"
"533553","TDPOWERSYS","T D Power Systems","A","5.0000","1","ES","E","BSE","1021.1000","680.8000","","","117317"
"25178","TDPOWERSYS","T D Power Systems","EQ","5.0000","1","ES","E","NSE","1021.6000","681.1000","","","117317"
"532435","SANINFRA","Sanmit Infra","X","1.0000","1","ES","E","BSE","6.0300","4.0300","","","80000"
"539991","CFEL","Confidence Futuristic","X","1.0000","1","ES","E","BSE","33.3600","22.2400","","","80000"
"543645","HPIL","Hindprakash Industries Limited","B","5.0000","1","ES","E","BSE","133.6500","89.1500","","","373568"
"512415","MERCTRD","Mercury Trade Links","X","1.0000","1","ES","E","BSE","4.9000","4.4400","","","80000"
"526488","BHUDEVI","Aarv Infratel","XT","5.0000","1","ES","E","BSE","248.9500","225.2500","","","80000"
"543644","INFOBEAN","Infobeans Technologies Limited","B","5.0000","1","ES","E","BSE","136.1000","111.4000","","","808059"
"513262","SSWL","Steel Strips Wheels","B","5.0000","1","ES","E","BSE","204.3500","136.2500","","","586597"
"11910","RITEZONE","Rite Zone Chemcon Ind Ltd","SM","5.0000","1600","ES","E","NSE","15.1500","13.7500","","","138329"
"11829","SSWL","Steel Strips Wheels","EQ","1.0000","1","ES","E","NSE","204.5100","136.3500","","","586597"
"11895","DCXINDIA","DCX Systems Limited","EQ","1.0000","1","ES","E","NSE","185.0700","123.3900","","","648380"
"543650","DCXINDIA","DCX Systems Limited","B","5.0000","1","ES","E","BSE","185.3000","123.6000","","","648380"
"11903","IPSL","Integrated Perso Ser Ltd","SM","5.0000","500","ES","E","NSE","261.6000","174.4000","","","281432"
"761148","VITAL","VITAL CHEMTECH LIMITED","EQ","1.0000","1","ES","E","NSE","45.0900","40.8100","","","783200"
"539151","ARFIN","Arfin India","B","1.0000","1","ES","E","BSE","80.2000","65.6200","","","1364289"
"543651","DAPS","Daps Advertising Limited","M","1.0000","4000","ES","E","BSE","22.3300","18.2700","","","80000"
"543652","FUSION","Fusion Micro Finance Limited","B","5.0000","1","ES","E","BSE","165.4000","110.3000","","","723242"
"11932","FUSION","Fusion Micro Finance Limited","EQ","1.0000","1","ES","E","NSE","165.8800","110.6000","","","723242"
"11942","AMIABLE","Amiable Logistics (I) Ltd","ST","5.0000","1600","ES","E","NSE","73.5000","66.5000","","","57166"
"11956","MEDANTA","Global Health Limited","EQ","5.0000","1","ES","E","NSE","1153.3000","768.9000","","","104021"
"543653","BIKAJI","Bikaji Foods International","A","5.0000","1","ES","E","BSE","746.2500","497.5500","","","160722"
"543656","TECHNOPACK","Technopack Polymers Limited","M","1.0000","4000","ES","E","BSE","16.9200","11.2800","","","80000"
"543654","MEDANTA","Global Health Limited","A","5.0000","1","ES","E","BSE","1154.1000","769.4000","","","104021"
"11966","BIKAJI","Bikaji Foods International","EQ","5.0000","1","ES","E","NSE","746.3000","497.6000","","","160722"
"11992","SYNCOMF","Syncom Formu (I) Ltd","EQ","1.0000","1","ES","E","NSE","12.3600","8.2400","","","9708319"
"12006","FAZE3Q","Faze Three Limited","BE","5.0000","1","ES","E","NSE","396.8000","359.1000","","","264566"
"12024","ACI","Archean Chemical Industries","EQ","5.0000","1","ES","E","NSE","704.9000","470.0000","","","170125"
"543663","FIVESTAR","Five Star Business Finance","A","5.0000","1","ES","E","BSE","423.1500","282.1500","","","283078"
"12032","FIVESTAR","Five Star Business Finance","EQ","5.0000","1","ES","E","NSE","423.5000","282.4000","","","283078"
"12015","AEROENTER","SAT Industries Limited","EQ","1.0000","1","ES","E","NSE","77.9200","51.9600","","","1539878"
"543657","ACI","Archean Chemical Industries","A","5.0000","1","ES","E","BSE","704.1000","469.4000","","","170125"
"543272","EASEMYTRIP","Easy Trip Planners","A","1.0000","1","ES","E","BSE","6.4500","5.2900","","","17093209"
"2792","EASEMYTRIP","Easy Trip Planners","EQ","1.0000","1","ES","E","NSE","6.4300","5.2700","","","17093209"
"12092","KAYNES","Kaynes Technology India","EQ","10.0000","1","ES","E","NSE","3772.5000","3086.7000","","","29093"
"543664","KAYNES","Kaynes Technology India Ltd","A","5.0000","1","ES","E","BSE","3770.5500","3085.0500","","","29093"
"12081","SCPL","Sheetal Cool Products Ltd","BE","5.0000","1","ES","E","NSE","326.7500","295.6500","","","321331"
"543668","BBTCL","B&B Triplewall Containers Limi","B","5.0000","1","ES","E","BSE","185.6000","123.8000","","","625962"
"12188","INOXGREEN","Inox Green Energy","EQ","1.0000","1","ES","E","NSE","163.1500","108.7700","","","735131"
"543667","INOXGREEN","Inox Green Energy","A","5.0000","1","ES","E","BSE","163.2000","108.8000","","","735131"
"543669","RUSTOMJEE","Keystone Realtors Limited","B","5.0000","1","ES","E","BSE","447.9000","298.6000","","","267235"
"12219","RUSTOMJEE","Keystone Realtors","EQ","5.0000","1","ES","E","NSE","448.9500","299.3500","","","267235"
"12384","ZIMLAB","ZIM Laboratories Limited","EQ","1.0000","1","ES","E","NSE","72.3100","48.2100","","","1593661"
"500264","MAFATIND","Mafatlal Industries","B","5.0000","1","ES","E","BSE","129.8000","86.6000","","","80000"
"543671","AAATECH","AAA Technologies Limited","B","1.0000","1","ES","E","BSE","93.5000","84.6000","","","419436"
"530309","CHANDRAP","Chandra Prabhu International","X","1.0000","1","ES","E","BSE","14.3400","11.7400","","","80000"
"2168","RAJMET","Rajnandini Metal Limited","EQ","1.0000","1","ES","E","NSE","3.4800","2.3200","","","9040895"
"543240","LIKHITHA","Likhitha Infrastructure Limite","B","5.0000","1","ES","E","BSE","187.3500","124.9500","","","637867"
"531176","MEFCOMCAP","Mefcom Capital Markets","X","1.0000","1","ES","E","BSE","10.5600","7.0400","","","80000"
"578","LIKHITHA","Likhitha Infrastruc Ltd","EQ","1.0000","1","ES","E","NSE","188.1200","125.4200","","","637867"
"543678","AMBOAGRI","Ambo Agritec Limited","M","1.0000","1000","ES","E","BSE","27.2800","24.7000","","","80000"
"12809","HYBRIDFIN","Hybrid Financial Service","EQ","1.0000","1","ES","E","NSE","17.6000","14.4000","","","962566"
"12753","DJML","Dj Mediaprint & Log Ltd","BE","1.0000","1","ES","E","NSE","85.4800","77.3400","","","1124155"
"13001","DHARMAJ","Dharmaj Crop Guard","EQ","1.0000","1","ES","E","NSE","276.2500","184.1700","","","434362"
"12989","BAHETI","Baheti Recycling Ind Ltd","SM","5.0000","375","ES","E","NSE","584.7500","389.8500","","","205203"
"543687","DHARMAJ","Dharmaj Crop Guard","B","5.0000","1","ES","E","BSE","276.1000","184.1000","","","434362"
"543689","UNIPARTS","Uniparts India Limited","B","5.0000","1","ES","E","BSE","532.3500","354.9500","","","225719"
"13057","UNIPARTS","Uniparts India Limited","EQ","5.0000","1","ES","E","NSE","531.5000","354.4000","","","225719"
"543686","SIRCA","Sirca Paints India Limited","B","5.0000","1","ES","E","BSE","481.8500","321.2500","","","249150"
"539277","ALSTONE","Alstone Textiles","X","1.0000","1","ES","E","BSE","0.1200","0.1100","","","80000"
"13092","ARHAM","Arham Technologies Ltd","SM","5.0000","1000","ES","E","NSE","145.2500","96.8500","","","553283"
"539841","LANCER","Lancer Container Lines Li","X","1.0000","1","ES","E","BSE","7.8700","7.1300","","","80000"
"539017","STARHFL","STAR Housing Finance","X","1.0000","1","ES","E","BSE","3.8500","3.4900","","","80000"
"514197","STCORP","S&T Corporation","X","1.0000","1","ES","E","BSE","4.4100","2.9500","","","80000"
"500322","PANCM","Panyam Cements & Mineral Indus","XT","5.0000","1","ES","E","BSE","109.2000","98.8000","","","80000"
"543709","GARGI","Pngs Gargi Fashion Jewellery L","M","5.0000","125","ES","E","BSE","807.0000","730.2000","","","80000"
"13203","ALLETEC","ALL E Technologies Ltd","SM","5.0000","400","ES","E","NSE","142.3000","94.9000","","","660349"
"543711","SULA","Sula Vineyards Limited","A","5.0000","1","ES","E","BSE","167.4000","111.6000","","","717632"
"13218","SULA","Sula Vineyards Limited","EQ","1.0000","1","ES","E","NSE","167.2000","111.4800","","","717632"
"13288","AFSL","Abans Holdings","EQ","1.0000","1","ES","E","NSE","241.2000","160.8000","","","497469"
"543713","DRONACHRYA","Droneacharya Aerial Innovation","M","1.0000","1000","ES","E","BSE","30.4200","27.5400","","","80000"
"543712","AFSL","Abans Financial Services","B","5.0000","1","ES","E","BSE","241.2500","160.8500","","","497469"
"13276","LANDMARK","Landmark Cars","EQ","5.0000","1","ES","E","NSE","434.9000","290.0000","","","275866"
"543714","LANDMARK","Landmark Cars Limited","B","5.0000","1","ES","E","BSE","432.0500","288.0500","","","275866"
"526227","FILATEX","Filatex India","B","1.0000","1","ES","E","BSE","44.5200","29.6800","","","2709644"
"24532","FILATEX","Filatex India","EQ","1.0000","1","ES","E","NSE","44.2800","29.5200","","","2709644"
"13323","DOLLEX","Dollex Agrotech Limited","SM","5.0000","4000","ES","E","NSE","32.4500","21.6500","","","1306325"
"543720","KFINTECH","KFin Technologies Limited","A","5.0000","1","ES","E","BSE","963.2500","788.1500","","","114038"
"13340","ARIHANTACA","Arihant Academy Limited","SM","5.0000","400","ES","E","NSE","642.8000","428.6000","","","186669"
"13359","KFINTECH","KFin Technologies","EQ","5.0000","1","ES","E","NSE","964.2000","788.9000","","","114038"
"13349","UMA","UMA Converter Limited","SM","5.0000","4000","ES","E","NSE","18.5000","12.4000","","","662969"
"543725","ELIN","Elin Electronics Limited","B","1.0000","1","ES","E","BSE","113.4600","75.6400","","","1056967"
"13507","MOXSH","Moxsh Overseas Educon Ltd","ST","5.0000","3200","ES","E","NSE","140.1500","126.8500","","","305444"
"13423","ELIN","Elin Electronics Limited","EQ","1.0000","1","ES","E","NSE","113.5300","75.6900","","","1056967"
"13526","HOMESFY","Homesfy Realty Limited","SM","5.0000","300","ES","E","NSE","124.7000","112.9000","","","105496"
"13580","RADIANTCMS","Radiant Cash Management","EQ","1.0000","1","ES","E","NSE","39.3100","26.2100","","","3052486"
"13570","RBMINFRA","RBM Infracon Limited","SM","5.0000","200","ES","E","NSE","332.8500","221.9500","","","330368"
"543732","RADIANTCMS","Radiant Cash Management","B","1.0000","1","ES","E","BSE","39.3400","26.2400","","","3052486"
"500405","SPLPETRO","Supreme Petrochemicals","A","5.0000","1","ES","E","BSE","887.2500","591.5500","","","135389"
"543737","AVEER","Aveer Foods Limited","X","5.0000","1","ES","E","BSE","537.2000","486.1000","","","80000"
"13631","SKYGOLD","SKY Gold Limited","EQ","5.0000","1","ES","E","NSE","381.9000","254.6000","","","314084"
"9617","SPLPETRO","Supreme Petrochem Limited","EQ","5.0000","1","ES","E","NSE","886.0500","590.7500","","","135389"
"512431","WHITHAL","White Hall Commercial Co.Ltd.","XT","1.0000","1","ES","E","BSE","0.0300","0.0200","","","80000"
"541601","RAJNISH","Rajnish Wellness","B","1.0000","1","ES","E","BSE","0.4400","0.3600","","","80000"
"13657","ANLON","Anlon Technology Sol Ltd","SM","5.0000","400","ES","E","NSE","428.5000","285.7000","","","204551"
"543744","REXSEAL","REX Sealing And Packing Indust","M","5.0000","500","ES","E","BSE","201.6000","134.4000","","","80000"
"543743","AERONEU","Aeroflex Neu","B","1.0000","1","ES","E","BSE","95.7400","63.8400","","","843529"
"543745","SVS","SVS Ventures Limited","M","1.0000","6000","ES","E","BSE","12.9400","8.6400","","","80000"
"13689","AERONEU","SAH Polymers Limited","EQ","1.0000","1","ES","E","NSE","92.1100","61.4100","","","843529"
"6908","VISHNU","Vishnu Chemicals","EQ","5.0000","1","ES","E","NSE","586.3000","390.9000","","","204638"
"516072","VISHNU","Vishnu Chemicals","B","5.0000","1","ES","E","BSE","585.4000","390.3000","","","204638"
"13731","CMNL","Chaman Metallics Limited","SM","5.0000","750","ES","E","NSE","108.4500","72.3500","","","789206"
"530741","OVOBELE","Ovobel Foods","X","5.0000","1","ES","E","BSE","128.5500","85.7500","","","80000"
"543746","LOGICA","Logica Infoway Limited","M","5.0000","600","ES","E","BSE","217.2000","144.8000","","","80000"
"13753","MANOMAY","Manomay Tex India Ltd","EQ","1.0000","1","ES","E","NSE","282.6600","188.4400","","","424524"
"13766","DUCOL","Ducol Orgs And Colours Lt","SM","5.0000","800","ES","E","NSE","108.3500","72.2500","","","531514"
"13794","BAIDFIN","Baid Finserv Limited","EQ","1.0000","1","ES","E","NSE","10.9200","7.2800","","","4907791"
"539559","DEEPAI","Deep Diamond India Limited","X","1.0000","1","ES","E","BSE","1.9900","1.8100","","","80000"
"3","GOLDSTAR","Goldstar Power Limited","ST","5.0000","11250","ES","E","NSE","6.4000","5.8000","","","9358690"
"10865","GVPTECH","GVP Infotech Limited","EQ","1.0000","1","ES","E","NSE","7.0300","4.6900","","","5325573"
"543748","AARTIPHARM","Aarti Pharmalabs Limited","A","5.0000","1","ES","E","BSE","707.1000","471.4000","","","168895"
"13926","ARISTO","Aristo Bio T And Lifesc L","SM","5.0000","800","ES","E","NSE","78.7500","71.2500","","","222615"
"13868","AARTIPHARM","Aarti Pharmalabs Limited","EQ","5.0000","1","ES","E","NSE","710.3000","473.6000","","","168895"
"543753","DHARNI","Dharni Capital Services Limite","M","1.0000","3000","ES","E","BSE","74.7000","49.8000","","","80000"
"543754","TRANSVOY","Transvoy Logistics India Limit","M","1.0000","800","ES","E","BSE","104.2200","85.2800","","","80000"
"526490","PRATIK","Pratik Panels","X","1.0000","1","ES","E","BSE","7.1900","5.8900","","","80000"
"14052","GRCL","Gayatri Rubb And Chem Ltd","SM","5.0000","250","ES","E","NSE","397.9500","360.0500","","","187632"
"543765","EARTH","Earthstahl & Alloys Limited","M","1.0000","3000","ES","E","BSE","22.1200","14.7600","","","80000"
"532694","ASMS","Bartronics India","B","1.0000","1","ES","E","BSE","8.4000","5.6000","","","9959659"
"511169","RKDAGRRTL","Himalchuli Food Products","X","1.0000","1","ES","E","BSE","4.3300","3.9300","","","80000"
"14064","ASMS","Bartronics India Limited","EQ","1.0000","1","ES","E","NSE","8.4000","5.6000","","","9959659"
"15840","LATTEYS","Latteys Industries Ltd","EQ","1.0000","1","ES","E","NSE","17.3800","14.2200","","","1880113"
"9020","VCL","Vaxtex Cotfab Limited","EQ","1.0000","1","ES","E","NSE","1.3400","1.2200","","","6008697"
"531227","DECOMIC","Deco-Mica Ltd.","X","1.0000","1","ES","E","BSE","56.6200","51.2400","","","80000"
"540738","STL","Shreeji Translogistics Li","B","1.0000","1","ES","E","BSE","7.0500","4.7100","","","80000"
"1465","ACCURACY","Accuracy Shipping Limited","EQ","1.0000","1","ES","E","NSE","4.1600","2.7800","","","4923311"
"14172","SHERA","Shera Energy Limited","SM","5.0000","1000","ES","E","NSE","120.1500","80.1500","","","799166"
"540696","KCDGROUP","Kcd Industries India","X","1.0000","1","ES","E","BSE","4.7300","3.8700","","","80000"
"14180","NSLNISP","Nmdc Steel Limited","EQ","1.0000","1","ES","E","NSE","39.8400","26.5600","","","3009732"
"543768","NSLNISP","Nmdc Steel Limited","A","1.0000","1","ES","E","BSE","39.8200","26.5600","","","3009732"
"543769","INDONG","Indong Tea Company Limited","M","1.0000","4000","ES","E","BSE","7.9800","7.2200","","","80000"
"14194","NINSYS","Nintec Systems Limited","EQ","5.0000","1","ES","E","NSE","476.9000","318.0000","","","251593"
"14204","LRRPL","Lead Rec And Rub Prod Ltd","SM","5.0000","1500","ES","E","NSE","76.4000","69.2000","","","282550"
"532947","IRB","IRB Infra","A","1.0000","1","ES","E","BSE","26.5300","17.6900","","","4505093"
"15313","IRB","IRB Infra","EQ","1.0000","1","ES","E","NSE","26.5600","17.7200","","","4505093"
"538778","KALYANCAP","Kalyan Capitals Limited","X","1.0000","1","ES","E","BSE","5.5500","3.7100","","","80000"
"14263","AGARWALFT","Agarwal Float Glass I Ltd","SM","5.0000","1500","ES","E","NSE","25.1000","22.8000","","","236862"
"543670","VINNY","Vinny Overseas Limited","B","1.0000","1","ES","E","BSE","1.1600","0.7800","","","15213564"
"530357","KBSINDIA","Kbs India","XT","1.0000","1","ES","E","BSE","1.1200","1.0200","","","80000"
"538928","KARNAVATI","Karnavati Finance","X","1.0000","1","ES","E","BSE","1.1600","1.0600","","","80000"
"12490","VINNY","Vinny Overseas Limited","EQ","1.0000","1","ES","E","NSE","1.1600","0.7800","","","15213564"
"531628","TEJASSVI","Tejassvi Aaharam Limited","XT","1.0000","1","ES","E","BSE","36.9400","35.5000","","","80000"
"543782","SEALMATIC","Sealmatic India Limited","M","5.0000","180","ES","E","BSE","431.9000","288.0000","","","80000"
"14316","VIAZ","Viaz Tyres Limited","SM","5.0000","2000","ES","E","NSE","64.0500","57.9500","","","439389"
"543787","ROBU","Macfos Limited","M","5.0000","165","ES","E","BSE","988.5000","659.0000","","","80000"
"542772","360ONE","IIFL Wealth Mgmt","A","5.0000","1","ES","E","BSE","1042.6000","853.1000","","","105132"
"13061","360ONE","IIFL Wealth Mgmt","EQ","5.0000","1","ES","E","NSE","1044.5500","854.6500","","","105132"
"538817","CAPPIPES","Captain Pipes","B","1.0000","1","ES","E","BSE","8.5400","5.7000","","","80000"
"513337","GUJTLRM","Gujarat Toolroom Ltd.","B","1.0000","1","ES","E","BSE","0.5100","0.3500","","","80000"
"543798","PATRON","Patron Exim Limited","M","1.0000","4000","ES","E","BSE","1.9200","1.2800","","","80000"
"14411","SRIVASAVI","Srivasavi Adhesive Tape L","SM","5.0000","1000","ES","E","NSE","53.1500","35.4500","","","463495"
"543799","SVJ","S. V. J. Enterprises Limited","M","5.0000","750","ES","E","BSE","496.6500","449.3500","","","80000"
"543804","AMANAYA","Amanaya Ventures Limited","M","1.0000","6000","ES","E","BSE","25.8000","17.2000","","","80000"
"539686","KPEL","K.P. Energy","B","5.0000","1","ES","E","BSE","300.0500","200.0500","","","400234"
"543590","RHETAN","Rhetan Tmt Limited","B","1.0000","1","ES","E","BSE","29.0700","19.3900","","","4127015"
"514402","ECOHOTELS","ECO hotels and resorts","X","1.0000","1","ES","E","BSE","11.7000","7.8000","","","80000"
"12635","OSIAHYPER","Osia Hyper Retail Limited","EQ","1.0000","1","ES","E","NSE","4.0800","3.7000","","","5786556"
"543806","ITCONS","Itcons E-Solutions Limited","M","5.0000","200","ES","E","BSE","299.4000","199.6000","","","80000"
"543805","RESGEN","Resgen Limited","M","1.0000","750","ES","E","BSE","60.0800","40.0600","","","80000"
"543812","DIVGIITTS","Divgi Torqtransfer Systems","B","5.0000","1","ES","E","BSE","740.3000","493.6000","","","162364"
"14479","DIVGIITTS","Divgi Torqtransfer Systems","EQ","5.0000","1","ES","E","NSE","738.9500","492.6500","","","162364"
"14491","VERTEXPLUS","Vertexplus Technologies L","SM","5.0000","600","ES","E","NSE","90.4000","81.8000","","","179182"
"14506","SYSTANGO","Systango Technologies Ltd","SM","5.0000","400","ES","E","NSE","278.5000","185.7000","","","430837"
"540937","MEDICO","Medico Remedies","B","1.0000","1","ES","E","BSE","39.1600","26.1200","","","2713576"
"9667","MEDICO","Medico Remedies Limited","EQ","1.0000","1","ES","E","NSE","39.3100","26.2100","","","2713576"
"2868","HITECH","Hi-Tech Pipes","EQ","1.0000","1","ES","E","NSE","85.1100","56.7500","","","1409770"
"541735","VIVANTA","Vivanta Industries Limite","X","1.0000","1","ES","E","BSE","1.7800","1.2000","","","80000"
"543411","HITECH","Hi-Tech Pipes Limited","B","1.0000","1","ES","E","BSE","85.2800","56.8600","","","1409770"
"543171","ROJL","Ro Jewels","B","1.0000","1","ES","E","BSE","1.4100","0.9500","","","80000"
"543814","PCL","Prospect Consumer Products","M","1.0000","1000","ES","E","BSE","51.6100","34.4100","","","80000"
"538868","CSL","Continental Securities","X","1.0000","1","ES","E","BSE","17.6700","11.7900","","","80000"
"543811","AIRAN","Airan Limited","B","1.0000","1","ES","E","BSE","14.2000","11.6200","","","4088153"
"14574","MCON","Mcon Rasayan India Ltd","SM","5.0000","1000","ES","E","NSE","41.5500","34.0500","","","239661"
"14590","VELS","Vels Film International L","SM","5.0000","1200","ES","E","NSE","52.2000","47.3000","","","422091"
"543829","GSLSU","Global Surfaces Limited","B","1.0000","1","ES","E","BSE","48.0900","43.5100","","","1385885"
"14599","GSLSU","Global Surfaces Limited","EQ","1.0000","1","ES","E","NSE","48.3200","43.7200","","","1385885"
"543830","LABELKRAFT","Labelkraft Technologies Limite","M","1.0000","2000","ES","E","BSE","60.9000","40.6000","","","80000"
"530057","VIVANZA","Vivanza Biosciences Limit","X","1.0000","1","ES","E","BSE","1.8400","1.6800","","","80000"
"543831","BRIGHT","Bright Outdoor Media Limited","M","5.0000","375","ES","E","BSE","481.0500","320.7500","","","80000"
"14613","QFIL","Quality Foils (India) Ltd","SM","5.0000","1000","ES","E","NSE","42.0000","38.0000","","","93325"
"14725","NIRMAN","Nirman Agri Gentics Ltd","ST","5.0000","300","ES","E","NSE","41.2500","37.3500","","","261916"
"531862","BHARATAGRI","Bharat Agri Fert & Realty","X","1.0000","1","ES","E","BSE","24.0200","16.0200","","","80000"
"543843","COMMAND","Command Polymers Limited","MT","1.0000","4000","ES","E","BSE","24.1500","21.8500","","","80000"
"543848","DEVLAB","DEV Labtech Venture Limited","MT","1.0000","1000","ES","E","BSE","98.2500","88.9100","","","80000"
"542670","AEPL","Artemis Electricals Limit","B","1.0000","1","ES","E","BSE","16.9800","11.3200","","","7147773"
"3453","TECILCHEM","Tecil Chemicals","EQ","1.0000","1","ES","E","NSE","13.6500","9.1100","","","620112"
"14872","USK","Udayshivakumar Infra","BE","1.0000","1","ES","E","NSE","20.9500","18.9700","","","1810178"
"543861","USK","Udayshivakumar Infra Limited","T","1.0000","1","ES","E","BSE","21.2900","19.2700","","","1810178"
"543860","JAFINANCE","J.A. Finance Limited","XT","1.0000","1","ES","E","BSE","75.1800","68.0200","","","80000"
"14900","SAHYADRI","Sahyadri Industries Ltd","EQ","1.0000","1","ES","E","NSE","244.2600","162.8400","","","357944"
"543874","MAIDEN","Maiden Forgings Limited","M","1.0000","1000","ES","E","BSE","82.8400","55.2400","","","80000"
"538975","SHREESEC","Shree Securities","Z","1.0000","1","ES","E","BSE","0.2000","0.1900","","","80000"
"543288","DEEPINDS","Deep Industries Limited","B","5.0000","1","ES","E","BSE","516.4000","344.3000","","","232191"
"3292","DEEPINDS","Deep Industries Limited","EQ","5.0000","1","ES","E","NSE","516.7000","344.5000","","","232191"
"505032","AUTOPRD","Automobile Products Of India L","XT","1.0000","1","ES","E","BSE","6.7500","0.6800","","","80000"
"542774","MUFIN","Mufin Green Finance","B","1.0000","1","ES","E","BSE","114.1200","76.0800","","","1048569"
"531216","COMFINTE","Comfort Intech","X","1.0000","1","ES","E","BSE","7.7200","5.1600","","","80000"
"14993","SOTAC","Sotac Pharmaceuticals Ltd","SM","5.0000","1200","ES","E","NSE","114.7000","103.8000","","","361334"
"15036","INFINIUM","Infinium Pharmachem Ltd","SM","5.0000","500","ES","E","NSE","202.4000","183.2000","","","509568"
"543895","EXHICON","Exhicon Events Media Solutions","M","5.0000","250","ES","E","BSE","473.4500","315.6500","","","80000"
"15058","AVALON","Avalon Technologies Ltd","EQ","5.0000","1","ES","E","NSE","1113.6000","742.4000","","","107693"
"543896","AVALON","Avalon Technologies Ltd","A","5.0000","1","ES","E","BSE","1115.1000","743.4000","","","107693"
"543897","SANCODE","Sancode Technologies Limited","MT","5.0000","1500","ES","E","BSE","276.4000","265.6000","","","80000"
"543898","BLAL","Beml Land Assets Limited","B","5.0000","1","ES","E","BSE","186.3000","124.2000","","","642074"
"15067","BLAL","Beml Land Assets Limited","EQ","1.0000","1","ES","E","NSE","186.8800","124.6000","","","642074"
"530263","GLOBALCA","Global Capital Markets","X","1.0000","1","ES","E","BSE","0.5200","0.4400","","","80000"
"532375","TIPSMUSIC","Tips Industries","A","5.0000","1","ES","E","BSE","594.1000","396.1000","","","202528"
"540377","IFL","IFL Enterprises","B","1.0000","1","ES","E","BSE","0.3700","0.2500","","","80000"
"15137","PATTECH","Pattech Fitwell Tub Com L","SM","5.0000","1500","ES","E","NSE","94.7500","85.7500","","","307288"
"9117","TIPSMUSIC","Tips Industries","EQ","5.0000","1","ES","E","NSE","592.4000","395.0000","","","202528"
"531685","FRONTFN","Frontline Financial Services L","X","1.0000","1","ES","E","BSE","3.1200","2.8400","","","80000"
"512517","VINVANI","Vinayak Vanijya Ltd.","XT","1.0000","1","ES","E","BSE","0.0200","0.0100","","","80000"
"15147","AGUL","A G Universal Limited","SM","5.0000","2000","ES","E","NSE","72.7500","65.8500","","","179326"
"541152","GOYALALUM","Advitiya Trade India Limi","T","1.0000","1","ES","E","BSE","5.8500","5.3100","","","4667361"
"543901","RHL","Robust Hotels Limited","B","5.0000","1","ES","E","BSE","195.7500","130.5500","","","565438"
"15157","RHL","Robust Hotels Limited","EQ","1.0000","1","ES","E","NSE","195.8500","130.5700","","","565438"
"11789","GOYALALUM","Goyal Aluminiums Limited","BE","1.0000","1","ES","E","NSE","5.7100","5.1700","","","4667361"
"15180","KIRLPNU","Kirloskar Pneumatic Com L","EQ","10.0000","1","ES","E","NSE","1248.0000","832.0000","","","96129"
"512399","SERA","Sera Investments & Finance India","X","1.0000","1","ES","E","BSE","35.9500","32.5300","","","80000"
"15285","QUICKTOUCH","Quicktouch Technologies L","SM","5.0000","500","ES","E","NSE","27.5000","24.9000","","","419083"
"543902","RETINA","Retina Paints Limited","M","1.0000","2000","ES","E","BSE","65.9400","43.9600","","","80000"
"15295","VIRINCHI","Virinchi Limited","EQ","1.0000","1","ES","E","NSE","15.4100","12.6100","","","3514634"
"1134","APOLLO","Apollo Micro Systems","EQ","1.0000","1","ES","E","NSE","200.3700","163.9500","","","548801"
"535267","COMFINCAP","Comfort Fincap","X","1.0000","1","ES","E","BSE","7.8300","5.2300","","","80000"
"540879","APOLLO","Apollo Micro Systems","A","5.0000","1","ES","E","BSE","200.4000","164.0000","","","548801"
"15343","SADHNANIQ","Sadhana Nitrochem Limited","EQ","1.0000","1","ES","E","NSE","1.4300","1.3100","","","72990902"
"15391","RACE","Race Eco Chain Limited","EQ","1.0000","1","ES","E","NSE","103.2600","68.8400","","","564310"
"543904","MANKIND","Mankind Pharma Limited","A","5.0000","1","ES","E","BSE","2206.4000","1805.3000","","","49536"
"15380","MANKIND","Mankind Pharma Limited","EQ","10.0000","1","ES","E","NSE","2206.3000","1805.3000","","","49536"
"15404","ATAM","Atam Valves Limited","EQ","1.0000","1","ES","E","NSE","58.8800","39.2600","","","374840"
"532141","ACL","Andhra Cements","B","1.0000","1","ES","E","BSE","42.6300","38.5700","","","2451502"
"15420","ACL","Andhra Cements Limited","EQ","1.0000","1","ES","E","NSE","42.8200","38.7600","","","2451502"
"543905","INNOKAIZ","Innokaiz India Limited","MT","1.0000","800","ES","E","BSE","11.0200","9.9800","","","80000"
"532041","HINDBIO","Hindustan Bio Sciences","XT","1.0000","1","ES","E","BSE","8.1500","7.3900","","","80000"
"15465","DENEERS","De Neers Tools Limited","ST","5.0000","600","ES","E","NSE","151.6000","137.2000","","","281429"
"543910","AVG","AVG Logistics Limited","B","5.0000","1","ES","E","BSE","173.4000","115.6000","","","492387"
"509055","VISAKAIND","Visaka Industries","B","1.0000","1","ES","E","BSE","61.7000","41.1400","","","1941687"
"4221","VISAKAIND","Visaka Industries","EQ","1.0000","1","ES","E","NSE","61.8000","41.2000","","","1941687"
"543912","PIGL","Power & Instrumentation (Gujar","B","1.0000","1","ES","E","BSE","106.9200","87.4800","","","583135"
"543545","VEERKRUPA","Veerkrupa Jewellers Limited","M","1.0000","16700","ES","E","BSE","0.6600","0.4400","","","80000"
"540953","KENVI","Kenvi Jewels","B","1.0000","1","ES","E","BSE","2.1200","1.4200","","","80000"
"15869","AUROIMPEX","Auro Impex & Chemicals L","SM","5.0000","1600","ES","E","NSE","25.9500","17.3500","","","398966"
"10343","RADHIKAJWE","Radhika Jeweltech Limited","EQ","1.0000","1","ES","E","NSE","60.6400","40.4400","","","1978623"
"16133","KRISHCA","Krishca Strapping Sltn L","SM","5.0000","500","ES","E","NSE","169.8000","113.2000","","","472187"
"540125","RADHIKAJWE","Radhika Jeweltech","B","1.0000","1","ES","E","BSE","60.8400","40.5600","","","1978623"
"16154","REMUS","Remus Pharmaceuticals L","SM","5.0000","100","ES","E","NSE","753.4500","502.3500","","","159260"
"511447","SYLPH","Sylph Industries","XT","1.0000","1","ES","E","BSE","0.7000","0.6400","","","80000"
"16454","DENTALKART","Vasa Denticity Limited","SM","5.0000","250","ES","E","NSE","404.0000","269.4000","","","296996"
"16419","CRAYONS","Crayons Advertising Ltd","SM","5.0000","1000","ES","E","NSE","29.7000","19.8000","","","798860"
"541276","HARDWYN","Hardwyn India","T","1.0000","1","ES","E","BSE","21.1200","19.1200","","","4969816"
"16483","PROV","Proventus Agrocom Limited","SM","5.0000","80","ES","E","NSE","1423.2000","948.8000","","","84315"
"543916","HSIL","Hemant Surgical Industries Lim","M","5.0000","400","ES","E","BSE","261.0000","174.0000","","","80000"
"8964","HARDWYN","Hardwyn India Limited","BE","1.0000","1","ES","E","NSE","21.1200","19.1200","","","4969816"
"16588","INFOLLION","Infollion Research Ser L","SM","5.0000","400","ES","E","NSE","342.7500","228.5500","","","317411"
"16682","PTCIL","PTC Industries Limited","EQ","100.0000","1","ES","E","NSE","17982.0000","11988.0000","","","6671"
"543918","GHCLTEXTIL","Ghcl Textiles Limited","B","1.0000","1","ES","E","BSE","78.6800","52.4600","","","1525740"
"16711","SAHANA","Sahana System Limited","SM","5.0000","125","ES","E","NSE","923.2500","615.5500","","","129967"
"1630","IONEXCHANG","ION Exchange (India) Ltd","EQ","5.0000","1","ES","E","NSE","384.4000","256.3000","","","312106"
"16696","GHCLTEXTIL","Ghcl Textiles Limited","EQ","1.0000","1","ES","E","NSE","78.6400","52.4400","","","1525740"
"500214","IONEXCHANG","ION Exchange","A","5.0000","1","ES","E","BSE","384.4500","256.3500","","","312106"
"543920","CFF","CFF Fluid Control Limited","M","5.0000","200","ES","E","BSE","655.9000","437.3000","","","80000"
"543921","COMRADE","Comrade Appliances Limited","M","1.0000","1000","ES","E","BSE","33.2200","30.0600","","","80000"
"16765","KDL","Kore Digital Limited","ST","5.0000","150","ES","E","NSE","106.1500","96.0500","","","393184"
"516032","TAHMARENT","Sarda Papers","X","1.0000","1","ES","E","BSE","6.3800","5.2200","","","80000"
"16822","IKIO","IKIO Technologies","EQ","1.0000","1","ES","E","NSE","128.7900","85.8700","","","931696"
"543923","IKIO","IKIO Technologies","B","5.0000","1","ES","E","BSE","128.2500","85.5500","","","931696"
"543924","SONALIS","Sonalis Consumer Products Limi","M","1.0000","2000","ES","E","BSE","51.7200","34.4800","","","80000"
"16859","SINDHUTRAD","Sindhu Trade Links Ltd","EQ","1.0000","1","ES","E","NSE","24.9800","16.6600","","","4801566"
"542020","AKI","Aki India","B","1.0000","1","ES","E","BSE","4.7100","3.1500","","","3374834"
"16888","URBAN","Urban Enviro Waste Mgmt L","SM","5.0000","800","ES","E","NSE","156.5000","104.4000","","","283181"
"14890","AKI","AKI India Limited","EQ","1.0000","1","ES","E","NSE","4.7000","3.1400","","","3374834"
"16876","SPECTSTM","Spectrum Talent Mgmt Ltd","SM","5.0000","800","ES","E","NSE","56.6500","46.3500","","","755144"
"533019","SIMPLXPAP","Simplex Papers","X","5.0000","1","ES","E","BSE","1484.7000","1343.3000","","","80000"
"543926","BIZOTIC","Bizotic Commercial Limited","MT","5.0000","400","ES","E","BSE","976.3500","883.4500","","","80000"
"543914","SWATIPRO","Swati Projects Limited","X","1.0000","1","ES","E","BSE","25.8300","23.3700","","","80000"
"16943","ASHOKAMET","Ashoka Metcast Limited","EQ","1.0000","1","ES","E","NSE","14.6700","9.7900","","","817369"
"543927","ASIAN","Asian Warehousing Limited","X","1.0000","1","ES","E","BSE","38.2800","25.5200","","","80000"
"16950","CELLPOINT","Cell Point (India) Ltd","SM","5.0000","1200","ES","E","NSE","14.4000","9.6000","","","611019"
"16961","AATMAJ","Aatmaj Healthcare Limited","SM","5.0000","2000","ES","E","NSE","22.0000","14.7000","","","739019"
"543928","COSMICCRF","Cosmic Crf Limited","M","5.0000","100","ES","E","BSE","618.2000","505.8000","","","80000"
"16960","VILINBIO","Vilin Bio Med Limited","ST","5.0000","4000","ES","E","NSE","37.3500","35.9500","","","456164"
"758842","GENSOL","GENSOL ENGINEERING LTD","BZ","1.0000","1","ES","E","NSE","20.4900","18.5500","","","1242679"
"543931","VEEFIN","Veefin Solutions Limited","M","5.0000","200","ES","E","BSE","270.5000","180.4000","","","80000"
"543930","URAVIDEF","Uravi Defence and Technology","B","5.0000","1","ES","E","BSE","124.8500","102.1500","","","372779"
"17088","MAGSON","Magson Retail And Dist L","SM","5.0000","1000","ES","E","NSE","157.3000","128.7000","","","374405"
"17092","GREENCHEF","Greenchef Appliances Ltd","SM","5.0000","800","ES","E","NSE","46.6500","42.2500","","","760989"
"17084","ESFL","Essen Speciality Films L","SM","5.0000","360","ES","E","NSE","115.7500","104.7500","","","812236"
"17132","PENTAGON","Pentagon Rubber Limited","SM","5.0000","1000","ES","E","NSE","66.0000","44.0000","","","252116"
"17140","IDEAFORGE","Ideaforge technology","EQ","5.0000","1","ES","E","NSE","446.1000","297.4000","","","268955"
"543932","IDEAFORGE","Ideaforge Technology","B","5.0000","1","ES","E","BSE","446.4500","297.6500","","","268955"
"17167","GLOBALPET","Global Pet Industries Ltd","SM","5.0000","750","ES","E","NSE","113.8500","75.9500","","","385448"
"543933","CYIENTDLM","Cyient Dlm Limited","B","5.0000","1","ES","E","BSE","326.4000","217.6000","","","367219"
"17187","CYIENTDLM","Cyient Dlm Limited","EQ","5.0000","1","ES","E","NSE","326.7500","217.8500","","","367219"
"543934","MACIND","Machhar Industries Limited","X","5.0000","1","ES","E","BSE","295.0500","266.9500","","","80000"
"512038","TCC","TCC concept","B","5.0000","1","ES","E","BSE","380.6000","253.8000","","","307744"
"17197","PAKKA","Pakka Limited","EQ","1.0000","1","ES","E","NSE","96.6600","64.4400","","","1241421"
"17210","TRIDHYA","Tridhya Tech Limited","SM","5.0000","3000","ES","E","NSE","7.6000","6.3000","","","761517"
"17203","SYNOPTICS","Synoptics Technologies L","SM","5.0000","600","ES","E","NSE","41.6000","37.7000","","","277295"
"543937","ALPHAIND","Alphalogic Industries Limited","MT","5.0000","600","ES","E","BSE","182.5500","175.4500","","","80000"
"17313","LLOYDSME","Lloyds Metals N Energy L","EQ","10.0000","1","ES","E","NSE","1526.0000","1017.4000","","","78503"
"542579","AGOL","Ashapuri Gold Ornament Li","B","1.0000","1","ES","E","BSE","3.8000","2.5400","","","80000"
"539428","TEJNAKSH","Tejnaksh Healthcare Limit","X","1.0000","1","ES","E","BSE","14.3100","9.5500","","","80000"
"543938","ACCELERATE","Acceleratebs India Limited","MT","5.0000","640","ES","E","BSE","174.8500","158.2500","","","80000"
"543939","KAKA","Kaka Industries","M","5.0000","500","ES","E","BSE","176.2500","117.5500","","","80000"
"526532","SFPIL","Square Four Projects Indi","X","1.0000","1","ES","E","BSE","9.4600","7.7400","","","80000"
"506947","ADVPETR-B","Advance Petrochemicals","XT","5.0000","1","ES","E","BSE","124.6000","112.8000","","","80000"
"17358","UTKARSHBNK","Utkarsh Small Finance Bank","EQ","1.0000","1","ES","E","NSE","12.2600","8.1800","","","9783821"
"17372","DRONE","Drone destination","SM","5.0000","500","ES","E","NSE","40.2500","32.9500","","","797879"
"543942","UTKARSHBNK","Utkarsh Small Finance Bank","B","1.0000","1","ES","E","BSE","12.2600","8.1800","","","9783821"
"543941","AHASOLAR","Ahasolar Technologies Limited","M","1.0000","400","ES","E","BSE","76.8000","51.2000","","","80000"
"543943","ASARFI","Asarfi Hospital","M","5.0000","1000","ES","E","BSE","203.4500","135.6500","","","80000"
"17416","SERVICE","Service car","ST","5.0000","2000","ES","E","NSE","60.3500","54.6500","","","435841"
"543945","NETWEB","Netweb Technologies India Ltd.","A","5.0000","1","ES","E","BSE","3716.8000","2477.9000","","","32228"
"532906","MAANALU","Maan Aluminium","B","5.0000","1","ES","E","BSE","144.4000","96.3000","","","827191"
"17433","NETWEB","Netweb Tech India Ltd","EQ","10.0000","1","ES","E","NSE","3718.5000","2479.1000","","","32228"
"15017","MAANALU","Maan Aluminium","EQ","1.0000","1","ES","E","NSE","145.0600","96.7200","","","827191"
"5507","SERVOTECH","Servotech Renewable Power System","EQ","1.0000","1","ES","E","NSE","68.5400","56.0800","","","1604857"
"541303","AKSHAR","Akshar Spintex","B","1.0000","1","ES","E","BSE","0.4500","0.3100","","","25750219"
"9558","AKSHAR","Akshar Spintex Limited","EQ","1.0000","1","ES","E","NSE","0.4500","0.3100","","","25750219"
"507663","SIGNGCL","Signature Green Corporation","X","1.0000","1","ES","E","BSE","3.7600","3.4200","","","80000"
"17627","YCCL","Yasons Chemex Care Ltd","SM","5.0000","3000","ES","E","NSE","11.1000","7.4000","","","631238"
"17684","SHRITECH","Shri Techtex Limited","SM","5.0000","2000","ES","E","NSE","69.9000","46.6000","","","815864"
"504614","SARDAEN","Sarda Energy & Minerals","A","5.0000","1","ES","E","BSE","612.1000","408.1000","","","195571"
"17758","SARDAEN","Sarda Energy & Minerals","EQ","5.0000","1","ES","E","NSE","612.7500","408.5500","","","195571"
"543950","YATHARTH","Yatharth Hospital & Trauma Care","A","5.0000","1","ES","E","BSE","740.6000","493.8000","","","161971"
"17738","YATHARTH","Yatharth Hospital & Trauma Care","EQ","5.0000","1","ES","E","NSE","740.5500","493.7500","","","161971"
"543953","KHAZANCHI","Khazanchi Jewellers Limited","M","5.0000","250","ES","E","BSE","750.7500","500.5500","","","80000"
"543952","NIITMTS","Niit Learning Systems Limited","A","5.0000","1","ES","E","BSE","314.5000","209.7000","","","381344"
"17747","NIITMTS","Niit Learning Systems Ltd","EQ","5.0000","1","ES","E","NSE","314.6000","209.8000","","","381344"
"17766","ZEAL","Zeal Global Services Ltd","SM","5.0000","600","ES","E","NSE","68.7500","45.8500","","","435228"
"17778","ATL","Allcargo Terminals Ltd","EQ","1.0000","1","ES","E","NSE","22.4100","14.9500","","","5353257"
"17795","TREL","Transindia Real Estate L","EQ","1.0000","1","ES","E","NSE","29.4300","19.6300","","","4076580"
"543955","TREL","Transindia Real Estate Limited","B","1.0000","1","ES","E","BSE","29.5400","19.7000","","","4076580"
"543954","ATL","Allcargo Terminals Limited","B","1.0000","1","ES","E","BSE","22.5000","15.0000","","","5353257"
"17898","VINSYS","Vinsys It Services Ind Lt","SM","5.0000","250","ES","E","NSE","280.0500","186.7500","","","428448"
"2275","IRISDOREME","Iris Clothings Limited","EQ","1.0000","1","ES","E","NSE","36.3300","24.2300","","","3302441"
"17859","REDTAPE","Redtape Limited","EQ","1.0000","1","ES","E","NSE","131.9100","87.9500","","","909368"
"17882","ORIANA","Oriana Power Limited","SM","5.0000","75","ES","E","NSE","1853.1000","1235.4000","","","64736"
"543957","REDTAPE","Redtape Limited","B","5.0000","1","ES","E","BSE","131.7000","87.8000","","","909368"
"532406","AVANTEL","Avantel","A","5.0000","1","ES","E","BSE","151.7000","101.2000","","","789958"
"18012","VLEGOV","Vl E Gov And It Sol Ltd","EQ","1.0000","1","ES","E","NSE","9.4700","7.7500","","","3546358"
"543958","VLEGOV","Vl E-Governance & It Solutions","B","1.0000","1","ES","E","BSE","9.4900","7.7700","","","3546358"
"18026","SBFC","SBFC Finance","EQ","1.0000","1","ES","E","NSE","97.1400","64.7600","","","1234758"
"543959","SBFC","SBFC Finance","A","1.0000","1","ES","E","BSE","97.1700","64.7900","","","1234758"
"18051","YUDIZ","Yudiz Solutions Ltd","ST","5.0000","800","ES","E","NSE","23.2500","21.0500","","","337443"
"18035","SANGANI","Sangani Hospitals Limited","SM","5.0000","1500","ES","E","NSE","40.8000","37.0000","","","450507"
"18060","CONCORDBIO","Concord Biotech Limited","EQ","10.0000","1","ES","E","NSE","1222.0000","814.8000","","","98129"
"18056","SSFL","Srivari Spices and Foods","SM","5.0000","500","ES","E","NSE","120.8500","98.9500","","","280252"
"14305","OSWALSEEDS","Shreeoswal S And Che Ltd","EQ","1.0000","1","ES","E","NSE","11.4700","9.3900","","","2991068"
"543960","CONCORDBIO","Concord Biotech Limited","A","5.0000","1","ES","E","BSE","1219.0500","812.7500","","","98129"
"512008","EFCIL","Amani Trading & Exports L","B","5.0000","1","ES","E","BSE","213.8000","142.6000","","","558743"
"18119","SRGHFL","SRG Housing Finance L","EQ","1.0000","1","ES","E","NSE","291.0600","194.0400","","","412283"
"18143","JIOFIN","Jio Financial Services","EQ","1.0000","1","ES","E","NSE","246.5100","201.6900","","","444719"
"18131","YASHO","Yasho Industries Limited","EQ","10.0000","1","ES","E","NSE","1511.2000","1007.6000","","","79395"
"543940","JIOFIN","Jio Financial Services","A","5.0000","1","ES","E","BSE","246.5500","201.7500","","","444719"
"18153","TVSSCS","TVS Supply Chain Sol L","BE","1.0000","1","ES","E","NSE","95.5100","86.4300","","","1098979"
"543963","SHELTER","Shelter Pharma Limited","M","1.0000","3000","ES","E","BSE","32.1900","21.4700","","","80000"
"543965","TVSSCS","TVS Supply Chain Solutions Limited","T","1.0000","1","ES","E","BSE","95.6000","86.5000","","","1098979"
"531035","EBIX","Eraaya Lifespaces Limited","XT","1.0000","1","ES","E","BSE","22.1800","20.0800","","","80000"
"543962","DPWIRES","D.P. Wires Limited","B","5.0000","1","ES","E","BSE","152.1000","101.4000","","","506864"
"18232","LORDSCHLO","Lords Chloro Alkali Ltd","EQ","1.0000","1","ES","E","NSE","130.8900","87.2700","","","822531"
"543969","PYRAMID","Pyramid Technoplast","B","5.0000","1","ES","E","BSE","160.8500","107.2500","","","743715"
"543970","SHOORA","Shoora Designs Limited","MT","1.0000","1500","ES","E","BSE","52.5800","47.5800","","","80000"
"18250","PYRAMID","Pyramid Technoplast Ltd","EQ","1.0000","1","ES","E","NSE","161.3500","107.5700","","","743715"
"18260","CLSL","Crop Life Science Limited","SM","5.0000","2000","ES","E","NSE","49.2000","32.8000","","","560477"
"18264","SEL","Sungarner Energies Ltd","SM","5.0000","200","ES","E","NSE","144.0000","96.0000","","","75823"
"543972","AEROFLEX","Aeroflex Industries Limited","B","5.0000","1","ES","E","BSE","286.2000","190.8000","","","418826"
"18268","AEROFLEX","Aeroflex Industries Limited","EQ","1.0000","1","ES","E","NSE","286.5100","191.0100","","","418826"
"533100","PEIL","Premier Energy And Infrastruct","X","1.0000","1","ES","E","BSE","6.6300","6.0100","","","80000"
"505520","ZHEMHOLD","HEM Holdings & Trading Ltd.","XT","5.0000","1","ES","E","BSE","106.4000","96.3000","","","80000"
"18341","VPRPL","Vishnu Prakash R Punglia","EQ","1.0000","1","ES","E","NSE","35.7800","23.8600","","","3353422"
"543974","VPRPL","Vishnu Prakash R Punglia","B","1.0000","1","ES","E","BSE","35.8200","23.8800","","","3353422"
"18380","CPS","C P S Shapers Limited","ST","5.0000","150","ES","E","NSE","1008.0000","912.0000","","","74491"
"18359","SANDUMA","Sandur Mang & Iron Ores L","EQ","1.0000","1","ES","E","NSE","206.2500","137.5100","","","581381"
"18392","MONOPHARMA","Mono Pharmacare Limited","SM","5.0000","2000","ES","E","NSE","11.7000","10.6000","","","577762"
"543978","RATNAVEER","Ratnaveer Precision Engineering Ltd.","B","5.0000","1","ES","E","BSE","156.6500","104.4500","","","761574"
"18417","RISHABH","Rishabh Instruments Limited","EQ","5.0000","1","ES","E","NSE","418.9000","279.3000","","","286420"
"19761","ADFFOODS","ADF Foods","EQ","1.0000","1","ES","E","NSE","200.6100","133.7500","","","598097"
"543977","RISHABH","Rishabh Instruments Limited","B","5.0000","1","ES","E","BSE","419.6000","279.8000","","","286420"
"519183","ADFFOODS","ADF Foods","B","5.0000","1","ES","E","BSE","215.5500","143.7500","","","598097"
"18442","BASILIC","Basilic Fly Studio Ltd","SM","5.0000","300","ES","E","NSE","202.0000","134.7000","","","593980"
"18423","RATNAVEER","Ratnaveer Precision Eng L","EQ","1.0000","1","ES","E","NSE","157.5600","105.0400","","","761574"
"18514","PRAMARA","Pramara Promotions Ltd","SM","5.0000","500","ES","E","NSE","410.7500","273.8500","","","292130"
"18506","SAROJA","Saroja Pharma Indus Ind L","SM","5.0000","1600","ES","E","NSE","29.4000","26.6000","","","131469"
"543688","SARVESHWAR","Sarveshwar Foods Limited","B","1.0000","1","ES","E","BSE","3.0100","2.0100","","","39840227"
"18543","DIACABS","Diamond Power Infra Ltd","EQ","1.0000","1","ES","E","NSE","130.7000","106.9400","","","841572"
"522163","DIACABS","Diamond Power Infrastruct","B","5.0000","1","ES","E","BSE","131.3500","107.5500","","","841572"
"543979","KAHAN","Kahan Packaging Limited","M","1.0000","1600","ES","E","BSE","45.0000","30.0000","","","80000"
"12913","SARVESHWAR","Sarveshwar Foods Limited","EQ","1.0000","1","ES","E","NSE","3.0100","2.0100","","","39840227"
"18558","JIWANRAM","Jiwanram Sheoduttra Ind L","SM","5.0000","6000","ES","E","NSE","6.0000","4.0000","","","809266"
"543980","JLHL","Jupiter Life Line Hospitals","A","5.0000","1","ES","E","BSE","1527.2000","1018.2000","","","78023"
"1726","JBCHEPHARM","J.B.Chemicals & Pharma","EQ","10.0000","1","ES","E","NSE","2477.2000","1651.6000","","","48328"
"506943","JBCHEPHARM","J.B.Chemicals & Pharma","A","5.0000","1","ES","E","BSE","2475.8000","1650.6000","","","48328"
"18553","JLHL","Jupiter Life Line Hospitals","EQ","10.0000","1","ES","E","NSE","1537.4000","1025.0000","","","78023"
"543981","RRKABEL","R R Kabel","A","5.0000","1","ES","E","BSE","1556.1500","1037.4500","","","77248"
"18566","RRKABEL","R R Kabel","EQ","10.0000","1","ES","E","NSE","1552.0000","1034.8000","","","77248"
"543982","QUESTFLOW","Quest Flow Controls","M","5.0000","200","ES","E","BSE","143.4000","95.6000","","","80000"
"18591","UNIHEALTH","Unihealth Hospitals Ltd","ST","5.0000","1000","ES","E","NSE","380.5000","344.3000","","","275926"
"18593","EMSLIMITED","EMS Limited","EQ","5.0000","1","ES","E","NSE","311.8000","207.9000","","","384828"
"543983","EMSLIMITED","EMS Limited","B","5.0000","1","ES","E","BSE","311.7000","207.8000","","","384828"
"18614","SAMHI","Samhi Hotels Limited","EQ","1.0000","1","ES","E","NSE","153.7800","102.5200","","","780194"
"543985","ZAGGLE","Zaggle Prepaid Ocean Services","A","5.0000","1","ES","E","BSE","224.5500","149.7500","","","533396"
"543984","SAMHI","Samhi Hotels Limited","A","5.0000","1","ES","E","BSE","153.6500","102.4500","","","780194"
"18608","ZAGGLE","Zaggle Prepa Ocean Ser L","EQ","1.0000","1","ES","E","NSE","224.9600","149.9800","","","533396"
"18654","CHAVDA","Chavda Infra Limited","SM","5.0000","1000","ES","E","NSE","97.5500","65.0500","","","1067851"
"524614","INDXTRA","IEL","X","1.0000","1","ES","E","BSE","6.2800","5.1400","","","80000"
"18649","HOLMARC","Holmarc Opto Mechatro L","SM","5.0000","750","ES","E","NSE","63.0500","57.0500","","","328634"
"18644","DIAMINESQ","Diamines & Chemicals Ltd","EQ","1.0000","1","ES","E","NSE","279.9700","186.6500","","","319936"
"18708","KEL","Kundan Edifice Limited","SM","5.0000","1200","ES","E","NSE","75.9500","50.6500","","","335894"
"18728","MADHUSUDAN","Madhusudan Masala Limited","SM","5.0000","1000","ES","E","NSE","164.4000","109.6000","","","473168"
"543991","TECHKGREEN","Techknowgreen Solutions","M","1.0000","400","ES","E","BSE","118.8000","79.2000","","","80000"
"543990","SIGNATURE","Signatureglobal India","A","5.0000","1","ES","E","BSE","856.1000","570.8000","","","139948"
"18755","KALAMANDIR","SAI SILKS (KALAMANDIR) L","EQ","1.0000","1","ES","E","NSE","108.3300","72.2300","","","1107610"
"18754","KODYTECH","Kody Technolab Limited","ST","5.0000","100","ES","E","NSE","724.9500","655.9500","","","144825"
"18743","SIGNATURE","Signatureglobal India","EQ","5.0000","1","ES","E","NSE","857.0000","571.4000","","","139948"
"543989","KALAMANDIR","Sai Silks Kalamandir","B","1.0000","1","ES","E","BSE","108.4800","72.3200","","","1107610"
"18773","MARCO","Marco Cable & Conductor L","SM","5.0000","1500","ES","E","NSE","34.7000","23.2000","","","611457"
"543992","YATRA","Yatra Online Limited","B","1.0000","1","ES","E","BSE","108.6000","72.4000","","","1106416"
"18794","HIGREEN","Hi Green Carbon Limited","SM","5.0000","800","ES","E","NSE","124.2000","82.8000","","","817172"
"18760","YATRA","Yatra Online Limited","EQ","1.0000","1","ES","E","NSE","108.4500","72.3100","","","1106416"
"543993","ARCL","Arcl Organics Ltd","X","5.0000","1","ES","E","BSE","158.2000","143.2000","","","80000"
"19011","MASTER","Master Components Limited","SM","5.0000","500","ES","E","NSE","312.9000","283.1000","","","130799"
"19093","SAAKSHI","saakshi medtech","SM","5.0000","600","ES","E","NSE","211.2000","140.8000","","","568170"
"543995","MVGJL","Manoj Vaibhav Gems N Jewellers","B","5.0000","1","ES","E","BSE","159.3500","106.2500","","","757721"
"19020","JSWINFRA","JSW Infrastructure","EQ","1.0000","1","ES","E","NSE","264.8800","216.7200","","","413700"
"543994","JSWINFRA","JSW Infrastructure","A","5.0000","1","ES","E","BSE","264.6000","216.5000","","","413700"
"19015","MVGJL","Manoj Vaibhav Gems N Jewellers","EQ","1.0000","1","ES","E","NSE","158.3600","105.5800","","","757721"
"19113","UDS","Updater Services","EQ","1.0000","1","ES","E","NSE","152.9600","101.9800","","","784491"
"19134","MAL","Mangalam Alloys Limited","SM","5.0000","1600","ES","E","NSE","33.8000","30.6000","","","807229"
"19138","DIGIKORE","Digikore Studios Limited","SM","5.0000","400","ES","E","NSE","82.5500","55.0500","","","414165"
"543996","UDS","Updater Services","B","5.0000","1","ES","E","BSE","152.3000","101.6000","","","784491"
"19158","NEWJAISA","Newjaisa Technologies Ltd","SM","5.0000","1500","ES","E","NSE","17.9500","16.2500","","","1169832"
"19154","INSPIRE","Inspire Films Limited","SM","5.0000","2000","ES","E","NSE","7.5500","6.2500","","","445024"
"543986","SOUTHWEST","South West Pinnacle Exploratio","B","5.0000","1","ES","E","BSE","253.8000","169.2000","","","469763"
"6836","FOCUS","Focus Lightg & Fixtrs Ltd","EQ","1.0000","1","ES","E","NSE","69.7800","46.5200","","","1719643"
"19206","VINYAS","Vinyas Innovative Technologies","SM","5.0000","100","ES","E","NSE","975.8000","650.6000","","","122965"
"500336","SURYAROSNI","Surya Roshni","A","5.0000","1","ES","E","BSE","225.5000","150.4000","","","531684"
"543997","ORGANICREC","Organic Recycling Systems","M","5.0000","600","ES","E","BSE","266.7000","177.8000","","","80000"
"19218","VALIANTLAB","Valiant Laboratories","EQ","1.0000","1","ES","E","NSE","61.9400","41.3000","","","1776018"
"543998","VALIANTLAB","Valiant Laboratories","B","1.0000","1","ES","E","BSE","61.6500","41.1100","","","1776018"
"3375","SURYAROSNI","Surya Roshni","EQ","1.0000","1","ES","E","NSE","225.6900","150.4700","","","531684"
"6663","SIGACHI","Sigachi Industries Ltd","EQ","1.0000","1","ES","E","NSE","20.3000","13.5400","","","5909821"
"19267","EFACTOR","E Factor Experiences Ltd","SM","5.0000","400","ES","E","NSE","205.2000","136.8000","","","429396"
"543389","SIGACHI","Sigachi Industries Limited","B","1.0000","1","ES","E","BSE","20.4000","13.6000","","","5909821"
"19253","ARABIAN","Arabian Petroleum Limited","SM","5.0000","2000","ES","E","NSE","80.3000","53.6000","","","356168"
"19287","KONTOR","Kontor Space Limited","SM","5.0000","600","ES","E","NSE","66.3000","44.2000","","","202085"
"19300","VISHNUINFR","Vishnusurya Proj N Infr L","SM","5.0000","500","ES","E","NSE","150.7000","100.5000","","","796172"
"506879","GUJTHEM","Gujarat Themis Biosyn","B","5.0000","1","ES","E","BSE","272.9000","182.0000","","","440655"
"530199","THEMISMED","Themis Medicare","B","1.0000","1","ES","E","BSE","79.0400","52.7000","","","1513481"
"544000","CCAL","City Crops Agro","M","1.0000","6000","ES","E","BSE","19.7500","13.1700","","","80000"
"14485","THEMISMED","Themis Medicare","EQ","1.0000","1","ES","E","NSE","79.2800","52.8600","","","1513481"
"544001","SUNITATOOL","Sunita Tools Limited","MT","5.0000","125","ES","E","BSE","937.6500","848.3500","","","80000"
"19368","CANARYS","Canarys Automations Ltd","SM","5.0000","4000","ES","E","NSE","18.0500","12.0500","","","1920958"
"19356","GOYALSALT","Goyal Salt Limited","SM","5.0000","600","ES","E","NSE","119.5500","79.7500","","","585338"
"19386","OLIL","Oneclick Logistics Ind L","SM","5.0000","400","ES","E","NSE","367.8000","245.2000","","","219475"
"19458","PLAZACABLE","Plaza Wires Limited","EQ","1.0000","1","ES","E","NSE","33.8100","22.5500","","","1430692"
"544002","VIVAA","Vivaa Tradecom Limited","M","1.0000","2000","ES","E","BSE","42.0000","28.0000","","","80000"
"544003","PLAZACABLE","Plaza Wires Limited","B","1.0000","1","ES","E","BSE","33.8400","22.5600","","","1430692"
"520086","SICALLOG","Sical Logistics","T","1.0000","1","ES","E","BSE","65.1000","58.9000","","","1586857"
"19465","KARNIKA","Karnika Industries Ltd","SM","5.0000","1000","ES","E","NSE","110.8500","100.3500","","","946949"
"19469","SCML","Sharp Chucks N Machines L","SM","5.0000","1000","ES","E","NSE","151.5000","124.0000","","","376370"
"19440","SICALLOG","Sical Logistics Limited","BE","1.0000","1","ES","E","NSE","66.1600","59.8600","","","1586857"
"19492","PLADAINFO","Plada Infotech Services L","SM","5.0000","3000","ES","E","NSE","10.0500","9.1500","","","280369"
"19501","TICL","Tantia Constructions Ltd","EQ","1.0000","1","ES","E","NSE","22.5700","20.4300","","","4651084"
"19496","SECMARK","Secmark Consultancy Ltd","EQ","1.0000","1","ES","E","NSE","132.2800","88.2000","","","341616"
"532738","TICL","Twamev Construction And Infrastructure","B","1.0000","1","ES","E","BSE","23.0600","20.8800","","","4651084"
"19513","COMMITTED","Committed Cargo Care Ltd","SM","5.0000","800","ES","E","NSE","262.6500","237.6500","","","378489"
"539226","RUDRA","Rudra Global Infra Products","B","1.0000","1","ES","E","BSE","17.9000","11.9400","","","3281243"
"19579","ARVINDPORT","Arvind Port And Infra Ltd","SM","5.0000","1500","ES","E","NSE","30.5000","27.6000","","","582004"
"1708","JAYBARMARU","Jay Bharat Maruti","EQ","1.0000","1","ES","E","NSE","90.7800","60.5200","","","1321840"
"19597","IRMENERGY","IRM Energy Limited","EQ","1.0000","1","ES","E","NSE","216.4600","144.3200","","","554346"
"520066","JAYBARMARU","Jay Bharat Maruti","B","1.0000","1","ES","E","BSE","90.5400","60.3600","","","1321840"
"544004","IRMENERGY","IRM Energy Limited","B","5.0000","1","ES","E","BSE","216.1000","144.1000","","","554346"
"540147","SHASHIJIT","Shashijit Infraprojects","X","1.0000","1","ES","E","BSE","2.7300","1.8300","","","80000"
"524332","BCLIND","BCL Industries","B","1.0000","1","ES","E","BSE","31.2800","20.8600","","","3837123"
"19627","WOMANCART","Womancart Limited","SM","5.0000","400","ES","E","NSE","146.6500","120.0500","","","230391"
"505160","TALBROAUTO","Talbros Automotive Co.","B","5.0000","1","ES","E","BSE","278.1000","185.4000","","","431356"
"13648","TALBROAUTO","Talbros Automotive Co.","EQ","1.0000","1","ES","E","NSE","278.1600","185.4400","","","431356"
"2513","BCLIND","BCL Industries Limited","EQ","1.0000","1","ES","E","NSE","31.2700","20.8500","","","3837123"
"2303","HAL","Hindustan Aeronautics","EQ","10.0000","1","ES","E","NSE","3835.9000","3138.5000","","","28088"
"541154","HAL","Hindustan Aeronautics","A","5.0000","1","ES","E","BSE","3835.0500","3137.8500","","","28088"
"19646","MAXESTATES","MAX Estates Limited","EQ","5.0000","1","ES","E","NSE","370.5000","247.0000","","","323785"
"544008","MAXESTATES","MAX Estates Limited","B","5.0000","1","ES","E","BSE","368.8000","245.9000","","","323785"
"19681","RCDL","Rajgor Castor Derivati L","SM","5.0000","3000","ES","E","NSE","22.2000","14.8000","","","782048"
"19692","ONDOOR","On Door Concepts Limited","SM","5.0000","300","ES","E","NSE","138.4500","92.3500","","","184709"
"544009","BLUEJET","Blue Jet Healthcare","A","5.0000","1","ES","E","BSE","359.9500","294.5500","","","305472"
"18562","MITTAL","Mittal Life Style Limited","EQ","1.0000","1","ES","E","NSE","0.9600","0.6400","","","7325346"
"19686","BLUEJET","Blue jet healthcare","EQ","5.0000","1","ES","E","NSE","359.9500","294.5500","","","305472"
"533267","CANTABIL","Cantabil Retail India","B","5.0000","1","ES","E","BSE","265.6500","177.1500","","","452481"
"20160","CANTABIL","Cantabil Retail India","EQ","1.0000","1","ES","E","NSE","265.2000","176.8000","","","452481"
"19752","SHANTHALA","Shanthala Fmcg Products L","SM","5.0000","1200","ES","E","NSE","31.6500","21.1500","","","219026"
"19779","PARAGON","Paragon Fine S.C. Ltd.","SM","5.0000","1200","ES","E","NSE","42.7000","28.5000","","","639808"
"19801","TRANSTEEL","Transteel Seating Tech L","SM","5.0000","1000","ES","E","NSE","165.7500","110.5500","","","722408"
"544012","CELLO","Cello World","A","5.0000","1","ES","E","BSE","465.6000","310.4000","","","257331"
"19795","CELLO","Cello world","EQ","5.0000","1","ES","E","NSE","466.2000","310.8000","","","257331"
"544011","VPL","Vrundavan Plantation Limited","M","1.0000","1200","ES","E","BSE","37.2100","24.8100","","","80000"
"19783","MUFIN","Mufin green finance","EQ","1.0000","1","ES","E","NSE","114.4300","76.2900","","","1048569"
"544013","KKSHL","Kk Shah Hospitals Limited","M","1.0000","3000","ES","E","BSE","44.2200","29.4800","","","80000"
"544014","HONASA","Honasa Consumer","A","5.0000","1","ES","E","BSE","357.7500","238.5500","","","335130"
"19813","HONASA","Honasa Consumer","EQ","5.0000","1","ES","E","NSE","357.9000","238.6000","","","335130"
"544015","MISHDESIGN","Mish Designs Limited","M","1.0000","500","ES","E","BSE","37.8000","34.2000","","","80000"
"19809","MAITREYA","Maitreya Medicare Limited","SM","5.0000","400","ES","E","NSE","214.6000","143.1000","","","221575"
"19863","SARTELE","SAR Televenture Limited","SM","5.0000","500","ES","E","NSE","174.6500","116.4500","","","687042"
"543433","HPAL","HP Adhesives","B","1.0000","1","ES","E","BSE","32.2500","21.5100","","","3004303"
"7376","HPAL","HP Adhesives","EQ","1.0000","1","ES","E","NSE","32.3100","21.5500","","","3004303"
"16736","MKPL","M K Proteins Limited","EQ","1.0000","1","ES","E","NSE","4.6400","3.1000","","","12274664"
"4920","HINDCON","Hindcon Chemicals Limited","EQ","1.0000","1","ES","E","NSE","20.1000","13.4000","","","1673933"
"544020","ESAFSFB","Esaf Small Finance Bank","B","1.0000","1","ES","E","BSE","23.8800","15.9200","","","5034929"
"19887","MICROPRO","Micropro Software Sol L","SM","5.0000","1600","ES","E","NSE","18.9500","12.6500","","","467590"
"543919","MKPL","M.K.Proteins Limited","B","1.0000","1","ES","E","BSE","4.6500","3.1100","","","12274664"
"19867","AMNPLST","Amines & Plasticizers","EQ","1.0000","1","ES","E","NSE","154.5900","103.0700","","","776167"
"19878","ESAFSFB","Esaf small finance bank","EQ","1.0000","1","ES","E","NSE","23.8300","15.8900","","","5034929"
"512149","AVANCE","Avance Technologies","XT","1.0000","1","ES","E","BSE","0.9600","0.8800","","","80000"
"544021","PROTEAN","Protean Egov Technologies Limi","A","5.0000","1","ES","E","BSE","536.0000","357.4000","","","224001"
"20152","ASKAUTOLTD","Ask automotive","EQ","5.0000","1","ES","E","NSE","533.7000","355.8000","","","224742"
"544022","ASKAUTOLTD","Ask Automotive","B","5.0000","1","ES","E","BSE","532.8500","355.2500","","","224742"
"20141","BABAFP","Baba Food Processing","SM","5.0000","1600","ES","E","NSE","24.9500","16.6500","","","533873"
"20167","ROXHITECH","ROX Hi Tech Limited","SM","5.0000","1600","ES","E","NSE","29.7000","19.8000","","","750062"
"15649","ATALREAL","Atal Realtech Limited","EQ","1.0000","1","ES","E","NSE","25.2000","16.8000","","","4051407"
"543911","ATALREAL","Atal Realtech Limited","B","1.0000","1","ES","E","BSE","25.1000","16.7400","","","4051407"
"544023","KALYANI","Kalyani cast tech","M","5.0000","250","ES","E","BSE","608.1000","405.4000","","","80000"
"20213","SUNREST","Sunrest Lifescience Ltd","SM","5.0000","1600","ES","E","NSE","44.4000","29.6000","","","280644"
"8727","SHAILY","Shaily Eng Plastics Ltd","EQ","10.0000","1","ES","E","NSE","2501.2000","1667.6000","","","47931"
"501423","SHAILY","Shaily Eng. Plastics","A","5.0000","1","ES","E","BSE","2501.4500","1667.6500","","","47931"
"507300","RAVALSUGAR","Ravalgaon Sugar Farm","X","5.0000","1","ES","E","BSE","990.0000","660.0000","","","80000"
"544025","ARROWHEAD","Arrowhead Seperation Engineeri","M","1.0000","600","ES","E","BSE","84.0000","56.0000","","","80000"
"20261","IREDA","Indian Renewable Energy","EQ","1.0000","1","ES","E","NSE","119.8700","98.0900","","","915809"
"544026","IREDA","Indian Renewable Energy","A","5.0000","1","ES","E","BSE","120.1000","98.3000","","","915809"
"20322","FEDFINA","Fedbank Financial Services","EQ","1.0000","1","ES","E","NSE","148.8400","99.2400","","","806039"
"20292","ROCKINGDCE","Rockingdeals Circu Eco L","ST","5.0000","250","ES","E","NSE","136.9500","123.9500","","","185049"
"20303","GANDHAR","Gandhar Oil Refinery India","EQ","1.0000","1","ES","E","NSE","140.1400","93.4400","","","856152"
"20293","TATATECH","Tata technologies","EQ","5.0000","1","ES","E","NSE","560.1000","458.3000","","","196088"
"544029","GANDHAR","Gandhar Oil Refinery India","B","5.0000","1","ES","E","BSE","140.5500","93.7500","","","856152"
"544028","TATATECH","Tata technologies","A","5.0000","1","ES","E","BSE","560.3500","458.5500","","","196088"
"544027","FEDFINA","Fedbank Financial Services","B","5.0000","1","ES","E","BSE","148.8500","99.2500","","","806039"
"20372","FLAIR","Flair writing industries","EQ","5.0000","1","ES","E","NSE","312.0000","255.3000","","","352442"
"544030","FLAIR","Flair Writing Industries","B","5.0000","1","ES","E","BSE","312.8000","256.0000","","","352442"
"544035","SPL","Swashthik Plascon Limited","M","1.0000","1600","ES","E","BSE","22.6600","15.1200","","","80000"
"544037","AMIC","Amic Forging Limited","M","5.0000","100","ES","E","BSE","1542.5000","1028.4000","","","80000"
"544036","DEEPAKCHEM","Deepak Chemtex Limited","M","1.0000","800","ES","E","BSE","83.4000","55.6000","","","80000"
"20406","CBAZAAR","NET Avenue Technologies L","SM","5.0000","8000","ES","E","NSE","5.2500","4.7500","","","701548"
"20410","MARINETRAN","Marinetrans India Limited","SM","5.0000","4000","ES","E","NSE","17.0000","15.4000","","","416140"
"526530","IIRM","IIRM Holdings India","X","1.0000","1","ES","E","BSE","92.6000","61.7400","","","80000"
"20426","SHEETAL","Sheetal Universal Limited","ST","5.0000","1000","ES","E","NSE","233.4500","211.2500","","","374611"
"20464","GRAPHISAD","Graphisads Limited","ST","5.0000","1200","ES","E","NSE","34.0500","30.8500","","","597641"
"16996","TPHQ","Teamo Productions HQ","EQ","1.0000","1","ES","E","NSE","0.4600","0.4200","","","35846380"
"533048","TPHQ","Teamo Productions HQ","B","1.0000","1","ES","E","BSE","0.4600","0.4200","","","35846380"
"20488","ACCENTMIC","Accent Microcell Limited","SM","5.0000","500","ES","E","NSE","426.3000","284.2000","","","281487"
"513295","IMEC","Imec Services","X","5.0000","1","ES","E","BSE","159.3500","144.2500","","","80000"
"20527","PRUDMOULI","Prudential Sugar Corporat","EQ","1.0000","1","ES","E","NSE","11.8200","10.7000","","","1054640"
"20506","PRESSTONIC","Presstonic Engineering L","ST","5.0000","800","ES","E","NSE","30.0000","27.2000","","","498383"
"544042","BAJEL","Bajel Projects Limited","B","5.0000","1","ES","E","BSE","164.5500","109.7500","","","728476"
"20542","SJLOGISTIC","S J Logistics (India) Ltd","SM","5.0000","250","ES","E","NSE","276.4500","184.3500","","","434019"
"20531","BAJEL","Bajel Projects Limited","EQ","1.0000","1","ES","E","NSE","164.7200","109.8200","","","728476"
"544045","DOMS","Doms Industries","A","5.0000","1","ES","E","BSE","2752.1000","1834.8000","","","43452"
"20556","INDIASHLTR","India Shelter Fin Corp","EQ","5.0000","1","ES","E","NSE","905.5500","603.7500","","","132467"
"544044","INDIASHLTR","India Shelter Fin Corp","A","5.0000","1","ES","E","BSE","897.3000","598.2000","","","132467"
"20551","DOMS","Doms Industries","EQ","10.0000","1","ES","E","NSE","2758.0000","1838.8000","","","43452"
"544047","SIYARAM","Siyaram Recycling Industries L","M","1.0000","1500","ES","E","BSE","39.0800","26.0600","","","80000"
"20607","INOXINDIA","Inox India","EQ","10.0000","1","ES","E","NSE","1410.0000","940.0000","","","85045"
"544046","INOXINDIA","Inox India","A","5.0000","1","ES","E","BSE","1407.3000","938.2000","","","85045"
"20603","SHREEOSFM","Shree Osfm E-Mobility Ltd","SM","5.0000","1000","ES","E","NSE","84.8000","56.6000","","","503691"
"544052","BENCHMARK","Benchmark Computer Solutions L","M","1.0000","2000","ES","E","BSE","24.0000","16.0000","","","80000"
"544054","SURAJEST","Suraj Estate Developers","B","5.0000","1","ES","E","BSE","207.5000","138.4000","","","570653"
"544055","MUTHOOTMF","Muthoot Microfin","B","5.0000","1","ES","E","BSE","175.5500","117.0500","","","686231"
"20831","MUTHOOTMF","Muthoot microfin","EQ","1.0000","1","ES","E","NSE","174.8200","116.5600","","","686231"
"544056","SMARITIME","Sahara Maritime Limited","M","1.0000","1600","ES","E","BSE","17.2600","15.6200","","","80000"
"20822","SURAJEST","Suraj Estate Developers","EQ","1.0000","1","ES","E","NSE","210.2700","140.1900","","","570653"
"544057","HAPPYFORGE","Happy Forgings","B","5.0000","1","ES","E","BSE","1273.6000","1042.1000","","","86425"
"544059","SHANTIDENM","Shanti Spintex Limited","M","1.0000","2000","ES","E","BSE","57.6000","38.4000","","","80000"
"544060","RBZJEWEL","Rbz Jewellers","B","5.0000","1","ES","E","BSE","121.5500","81.0500","","","979679"
"20899","EFORCE","Electro Force (India) Ltd","SM","5.0000","1200","ES","E","NSE","19.6500","13.1500","","","765180"
"544058","MUFTI","Credo Brands Marketing","B","1.0000","1","ES","E","BSE","77.0000","51.3400","","","1560972"
"20878","MUFTI","Credo Brands Marketing","EQ","1.0000","1","ES","E","NSE","76.8700","51.2500","","","1560972"
"20854","HAPPYFORGE","Happy Forgings","EQ","10.0000","1","ES","E","NSE","1271.7000","1040.5000","","","86425"
"20874","RBZJEWEL","RBZ Jewellers Limited","EQ","1.0000","1","ES","E","NSE","122.4800","81.6600","","","979679"
"20905","AZAD","Azad Engineering","EQ","10.0000","1","ES","E","NSE","1780.8000","1187.2000","","","67358"
"544061","AZAD","Azad Engineering","A","5.0000","1","ES","E","BSE","1780.6500","1187.1500","","","67358"
"17053","HMAAGRO","HMA agro Industries","EQ","1.0000","1","ES","E","NSE","23.7400","19.4400","","","4631619"
"544066","SUNCLAY","Sundaram Clayton","B","5.0000","1","ES","E","BSE","1428.7000","952.5000","","","83863"
"21058","INDIFRA","Indifra Limited","SM","5.0000","2000","ES","E","NSE","12.3000","11.2000","","","238382"
"21067","SUPREMEPWR","Supreme Power Equipment L","SM","5.0000","500","ES","E","NSE","181.7000","121.2000","","","660265"
"543929","HMAAGRO","HMA Agro Industries","B","1.0000","1","ES","E","BSE","23.8000","19.4800","","","4631619"
"21062","INNOVACAP","Innova captab","EQ","5.0000","1","ES","E","NSE","827.8000","551.9000","","","144950"
"20956","SUNCLAY","Sundaram Clayton Limited","EQ","10.0000","1","ES","E","NSE","1430.6000","953.8000","","","83863"
"21078","TECHLABS","Trident Techlabs Limited","SM","5.0000","125","ES","E","NSE","166.7500","150.9500","","","565090"
"544067","INNOVACAP","Innova Captab","B","5.0000","1","ES","E","BSE","824.8500","549.9500","","","144950"
"511700","STANCAP","Standard Capital Markets","X","1.0000","1","ES","E","BSE","0.3900","0.3700","","","80000"
"21096","SAIFL","Sameera Agro And Infra L","SM","5.0000","4000","ES","E","NSE","9.0500","7.4500","","","881258"
"544072","AIKPIPES","AIK Pipes And Polymers Limited","M","1.0000","800","ES","E","BSE","21.0700","17.2500","","","80000"
"504746","INLCM","Indian Link Chain Manufactures","XT","5.0000","1","ES","E","BSE","1384.1000","1329.9000","","","80000"
"544073","MCPL","Manoj Ceramic Limited","M","1.0000","1000","ES","E","BSE","73.2000","48.8000","","","80000"
"21107","HRHNEXT","HRH Next Services Limited","SM","5.0000","1500","ES","E","NSE","28.7500","26.0500","","","431785"
"21121","AKANKSHA","Akanksha Power N Infra L","SM","5.0000","1000","ES","E","NSE","68.9000","46.0000","","","640283"
"544074","SBVCL","Shri Balaji Valve Components L","M","1.0000","600","ES","E","BSE","73.2600","48.8400","","","80000"
"21173","KCEIL","KAY Cee Energy & Infra L","SM","5.0000","500","ES","E","NSE","112.5000","75.0000","","","399724"
"500790","NESTLEIND","Nestle India","A","5.0000","1","ES","E","BSE","1292.2500","1057.3500","","","84845"
"17963","NESTLEIND","Nestle India","EQ","10.0000","1","ES","E","NSE","1292.2000","1057.4000","","","84845"
"532808","PGIL","Pearl Global Industries","A","5.0000","1","ES","E","BSE","1629.0500","1086.0500","","","73826"
"14260","PGIL","Pearl Global Industries","EQ","10.0000","1","ES","E","NSE","1624.8000","1083.2000","","","73826"
"21186","KLL","Kaushalya Logistics Ltd","SM","5.0000","800","ES","E","NSE","38.1500","25.4500","","","605930"
"544079","DIGIDRIVE","Digidrive Distributors Limited","B","1.0000","1","ES","E","BSE","20.6000","13.7400","","","1260974"
"21508","COCHINSHIP","Cochin Shipyard","EQ","10.0000","1","ES","E","NSE","1312.4000","1073.8000","","","83659"
"21247","DIGIDRIVE","Digidrive Distributors L","EQ","1.0000","1","ES","E","NSE","20.2200","13.4800","","","1260974"
"540678","COCHINSHIP","Cochin Shipyard","A","5.0000","1","ES","E","BSE","1313.5000","1074.7000","","","83659"
"540190","FRANKLININD","Franklin Industries Limited","X","1.0000","1","ES","E","BSE","0.3900","0.2700","","","80000"
"544080","SHILINDORE","Sayaji Hotels (Indore) Limited","X","5.0000","1","ES","E","BSE","876.4500","793.0500","","","80000"
"544081","JYOTICNC","Jyoti CNC Automation","A","5.0000","1","ES","E","BSE","866.5500","577.7500","","","138500"
"21348","IBLFL","IBL Finance Limited","SM","5.0000","2000","ES","E","NSE","48.8000","44.2000","","","808692"
"21334","JYOTICNC","Jyoti CNC Automation","EQ","5.0000","1","ES","E","NSE","866.2000","577.5000","","","138500"
"531279","TRISHAKT","Trishakti Electronics","X","5.0000","1","ES","E","BSE","152.2500","101.5500","","","80000"
"540615","7NR","7Nr Retail","X","1.0000","1","ES","E","BSE","3.6300","2.4300","","","80000"
"544082","SWANAGRO","NEW Swan Multitech Limited","M","1.0000","2000","ES","E","BSE","48.0000","32.0000","","","80000"
"21451","APS","Australian Prem Solar I L","SM","5.0000","250","ES","E","NSE","317.4000","211.6000","","","378060"
"544083","SHREE","Shree Marutinandan Tubes Limit","M","1.0000","500","ES","E","BSE","48.2200","32.1600","","","80000"
"21578","COMSYN","Commercial Syn Bags","EQ","1.0000","1","ES","E","NSE","183.6000","122.4000","","","653578"
"21691","MAXPOSURE","Maxposure Limited","SM","5.0000","1000","ES","E","NSE","39.6000","26.4000","","","743629"
"544088","MEDIASSIST","Medi Assist healthcare","A","5.0000","1","ES","E","BSE","356.2500","237.5500","","","336936"
"21705","MEDIASSIST","Medi Assist Healthcare","EQ","5.0000","1","ES","E","NSE","356.1000","237.4000","","","336936"
"2241","MODTHREAD","Modern Threads India Ltd","EQ","1.0000","1","ES","E","NSE","43.6900","39.5300","","","1137147"
"18139","DOLPHIN","Dolphin Off Ent (Ind) L","EQ","5.0000","1","ES","E","NSE","474.8000","316.6000","","","252708"
"10995","ISHAN","Ishan International Ltd","SM","5.0000","48000","ES","E","NSE","0.6500","0.5500","","","7070893"
"522261","DOLPHIN","Dolphin Offshore Enterprises (","B","5.0000","1","ES","E","BSE","476.1000","317.4000","","","252708"
"503626","KSHITIJ","Kshitiz Investment Ltd.","X","1.0000","1","ES","E","BSE","11.0200","9.9800","","","80000"
"544091","QLL","Qualitek Labs Limited","M","5.0000","400","ES","E","BSE","370.6000","247.1000","","","80000"
"544090","SHPLPUNE","Sayaji Hotels (Pune) Limited","X","5.0000","1","ES","E","BSE","846.0000","564.0000","","","80000"
"544095","EPACK","Epack Durable","A","5.0000","1","ES","E","BSE","237.6500","158.4500","","","505295"
"22468","ADDICTIVE","Addictive Learning Tech L","SM","5.0000","500","ES","E","NSE","63.4000","51.9000","","","520248"
"22472","KONSTELEC","Konstelec Engineers Ltd","SM","5.0000","1000","ES","E","NSE","30.0500","27.2500","","","493769"
"544094","EUPHORIAIT","Euphoria Infotech (India) Limi","M","1.0000","1200","ES","E","BSE","25.0200","20.4800","","","80000"
"22463","EPACK","Epack Durable","EQ","1.0000","1","ES","E","NSE","237.4800","158.3200","","","505295"
"539222","GROWINGTON","Vmv Holidays","T","1.0000","1","ES","E","BSE","0.9000","0.8200","","","80000"
"544101","BRISK","Brisk Technovision Limited","M","1.0000","800","ES","E","BSE","77.4000","51.6000","","","80000"
"544100","NOVAAGRI","Nova Agritech","B","1.0000","1","ES","E","BSE","22.2000","14.8000","","","3025397"
"22477","NOVAAGRI","Nova Agritech Limited","EQ","1.0000","1","ES","E","NSE","22.1000","14.7400","","","3025397"
"22533","DHTL","Docmode Health Tech Ltd","SM","5.0000","800","ES","E","NSE","42.5000","38.5000","","","102769"
"22517","FONEBOX","Fonebox Retail Limited","SM","5.0000","1000","ES","E","NSE","71.7000","47.8000","","","335501"
"22527","DELAPLEX","Delaplex Limited","SM","5.0000","600","ES","E","NSE","98.5000","65.7000","","","297896"
"22560","MEGATHERM","Megatherm Induction Ltd","SM","5.0000","400","ES","E","NSE","205.9500","137.3500","","","582574"
"544105","HARSHDEEP","Harshdeep Hortico Limited","M","1.0000","1500","ES","E","BSE","90.6600","60.4400","","","80000"
"544106","MCFL","Mayank Cattle Food Limited","M","5.0000","600","ES","E","BSE","173.1000","115.4000","","","80000"
"15136","KAUSHALYA","Kaushalya Infrastructure","EQ","5.0000","1","ES","E","NSE","906.2000","604.2000","","","11324"
"544107","BLSE","Bls e Services","B","5.0000","1","ES","E","BSE","191.9000","128.0000","","","624729"
"22571","BAWEJA","Baweja Studios Limited","SM","5.0000","800","ES","E","NSE","25.6000","17.1000","","","602562"
"22566","BLSE","BLS E Services","EQ","1.0000","1","ES","E","NSE","192.0600","128.0400","","","624729"
"532925","KAUSHALYA","Kaushalya Infrastructure","B","5.0000","1","ES","E","BSE","972.0000","648.0000","","","11324"
"544108","GPSL","Gabriel Pet Straps Limited","M","5.0000","600","ES","E","BSE","191.4000","156.6000","","","80000"
"500220","JASCH","Jasch Ind.","X","5.0000","1","ES","E","BSE","161.2000","107.5000","","","80000"
"512505","MEENST","Meenakshi Steel Industries Ltd","Z","1.0000","1","ES","E","BSE","10.5000","9.5000","","","80000"
"514060","NEWTRAC","Newtrac Foods & Beverages","X","1.0000","1","ES","E","BSE","4.1000","3.3600","","","80000"
"544111","PARKHOTELS","Apeejay Surrendra Park Hotels","B","1.0000","1","ES","E","BSE","116.0400","77.3600","","","1036785"
"22648","ITALIANE","Italian Edibles Limited","ST","5.0000","2000","ES","E","NSE","37.6500","34.1500","","","483212"
"22649","PARKHOTELS","Apeejay Surrendra Park Hotels","EQ","1.0000","1","ES","E","NSE","115.7200","77.1600","","","1036785"
"544112","JGTL","Jasch Gauging Technologies Lim","X","5.0000","1","ES","E","BSE","535.9000","357.3000","","","80000"
"22656","SIGNPOST","Signpost India Limited","EQ","1.0000","1","ES","E","NSE","265.7400","177.1600","","","451545"
"544118","JSFB","Jana Small Finance Bank","A","5.0000","1","ES","E","BSE","431.5500","287.7500","","","277558"
"22675","CAPITALSFB","Capital Small Finance Bank","EQ","1.0000","1","ES","E","NSE","262.6800","175.1200","","","456821"
"544117","SIGNPOST","Signpost India Limited","B","5.0000","1","ES","E","BSE","265.5500","177.0500","","","451545"
"22670","RPTECH","Rashi Peripherals Limited","EQ","5.0000","1","ES","E","NSE","405.4500","270.3500","","","295889"
"544119","RPTECH","Rashi Peripherals Limited","B","5.0000","1","ES","E","BSE","407.5000","271.7000","","","295889"
"544120","CAPITALSFB","Capital Small Finance Bank","B","5.0000","1","ES","E","BSE","265.4000","177.0000","","","456821"
"22663","JSFB","Jana Small Finance Bank","EQ","5.0000","1","ES","E","NSE","432.1500","288.1500","","","277558"
"22688","ALPEXSOLAR","Alpex Solar Limited","SM","5.0000","100","ES","E","NSE","911.1000","607.4000","","","131699"
"544121","RUDRAGAS","Rudra Gas Enterprise Limited","M","1.0000","1000","ES","E","BSE","67.0400","44.7000","","","80000"
"544122","ENTERO","Entero Healthcare Solutions","B","5.0000","1","ES","E","BSE","1495.0000","996.7000","","","80103"
"22714","POLYSIL","Polysil Irrigation Systems","ST","5.0000","500","ES","E","NSE","168.2000","152.2000","","","624201"
"22717","ENTERO","Entero Healthcare Solutions","EQ","10.0000","1","ES","E","NSE","1497.3000","998.3000","","","80103"
"531039","SWADHATURE","Swadha Nature Limited","XT","1.0000","1","ES","E","BSE","11.0900","10.0500","","","80000"
"22725","WTICAB","Wise Travel India Limited","SM","5.0000","500","ES","E","NSE","91.2500","60.8500","","","778647"
"22730","VSTL","Vibhor Steel Tubes Ltd","EQ","1.0000","1","ES","E","NSE","122.7000","81.8000","","","620071"
"544124","VSTL","Vibhor Steel Tubes","B","5.0000","1","ES","E","BSE","122.1000","81.4000","","","620071"
"512329","SGMART","SG Mart","B","5.0000","1","ES","E","BSE","556.6000","371.1000","","","215585"
"22777","TCL","Thaai Casting Limited","SM","5.0000","800","ES","E","NSE","90.6500","60.4500","","","795964"
"22764","ESCONET","Esconet Technologies Ltd","SM","5.0000","400","ES","E","NSE","95.8000","86.7000","","","431516"
"539561","SUPHA","Supha Pharmachem","XT","1.0000","1","ES","E","BSE","0.3500","0.3300","","","80000"
"22785","ATMASTCO","Atmastco Limited","SM","5.0000","400","ES","E","NSE","119.7500","79.8500","","","808824"
"22770","INM","Interiors & More Limited","SM","5.0000","600","ES","E","NSE","215.4000","143.6000","","","457499"
"22799","DEEM","Deem Roll Tech Limited","SM","5.0000","1000","ES","E","NSE","35.5500","23.7500","","","272628"
"22803","ZENITHDRUG","Zenith Drugs Limited","SM","5.0000","800","ES","E","NSE","42.2000","28.2000","","","560765"
"544129","JUNIPER","Juniper hotels","B","5.0000","1","ES","E","BSE","209.0000","171.0000","","","526440"
"22824","JUNIPER","Juniper hotels","EQ","1.0000","1","ES","E","NSE","208.9300","170.9500","","","526440"
"22846","GPTHEALTH","GPT Healthcare Limited","EQ","1.0000","1","ES","E","NSE","138.3700","92.2500","","","867155"
"544131","GPTHEALTH","GPT Healthcare Limited","B","5.0000","1","ES","E","BSE","138.0000","92.0000","","","867155"
"531537","MIZVEN","Mizzen Ventures","XT","5.0000","1","ES","E","BSE","183.8500","166.3500","","","80000"
"22897","SADHAV","Sadhav Shipping Limited","SM","5.0000","600","ES","E","NSE","118.0500","78.7500","","","469330"
"536264","TIGERLOGS","Tiger Logistics L","B","1.0000","1","ES","E","BSE","28.3400","18.9000","","","3457207"
"22911","OWAIS","Owais Metal & Mineral","SM","5.0000","100","ES","E","NSE","124.8000","113.0000","","","594564"
"544133","EXICOM","Exicom Tele Systems","B","1.0000","1","ES","E","BSE","91.4400","60.9600","","","1311244"
"22947","EXICOM","Exicom Tele Systems","EQ","1.0000","1","ES","E","NSE","91.5100","61.0100","","","1311244"
"544134","PLATIND","Platinum Industries Limited","B","5.0000","1","ES","E","BSE","222.6500","148.4500","","","539746"
"531595","CGCL","Capri Global Capital","A","5.0000","1","ES","E","BSE","199.0000","132.7000","","","600384"
"22930","PLATIND","Platinum Industries Ltd","EQ","1.0000","1","ES","E","NSE","222.3100","148.2100","","","539746"
"22938","PURVFLEXI","Purv Flexipack Limited","SM","5.0000","800","ES","E","NSE","40.0500","36.2500","","","686135"
"20329","CGCL","Capri Global Capital","EQ","1.0000","1","ES","E","NSE","199.7800","133.2000","","","600384"
"22980","MUKKA","Mukka Proteins Limited","EQ","1.0000","1","ES","E","NSE","22.1800","14.8000","","","5408099"
"22976","MVKAGRO","M.V.K. Agro Food Prod Ltd","SM","5.0000","300","ES","E","NSE","596.2000","487.8000","","","184490"
"10227","MANORAMA","Manorama Industries Ltd","EQ","10.0000","1","ES","E","NSE","1356.0000","904.0000","","","88488"
"541974","MANORAMA","Manorama Industries Limit","A","5.0000","1","ES","E","BSE","1357.6000","905.1000","","","88488"
"544135","MUKKA","Mukka Proteins Limited","B","1.0000","1","ES","E","BSE","22.0600","14.7200","","","5408099"
"890197","YARNPP","Yarn Syndicate Ltd.","X","1.0000","1","ES","E","BSE","1.2900","0.8700","","","80000"
"539574","SCL","Sunshine Capital","X","1.0000","1","ES","E","BSE","0.1900","0.1700","","","80000"
"526415","OKPLA","Ok Play India","X","1.0000","1","ES","E","BSE","3.4900","2.3300","","","80000"
"23018","VR","V R Infraspace Limited","SM","5.0000","400","ES","E","NSE","143.6000","130.0000","","","290375"
"23043","RKSWAMY","R K Swamy Limited","EQ","1.0000","1","ES","E","NSE","82.8200","55.2200","","","1448848"
"544136","RKSWAMY","R K Swamy Limited","B","1.0000","1","ES","E","BSE","83.2000","55.4800","","","1448848"
"23030","LANCORHOL","Lancor Holdings","BE","1.0000","1","ES","E","NSE","20.1000","18.2000","","","2405103"
"23052","SONAMAC","Sona Machinery Limited","SM","5.0000","1000","ES","E","NSE","32.8500","21.9500","","","448774"
"23056","JGCHEM","J.G.Chemicals Limited","EQ","5.0000","1","ES","E","NSE","370.8500","247.2500","","","323559"
"544138","JGCHEM","J.G.Chemicals Limited","B","5.0000","1","ES","E","BSE","370.5000","247.0000","","","323559"
"23066","GOPAL","Gopal Snacks Limited","EQ","5.0000","1","ES","E","NSE","277.9500","227.4500","","","395634"
"23074","SHREEKARNI","Shree Karni Fabcom Ltd","SM","5.0000","150","ES","E","NSE","408.6000","272.4000","","","236380"
"544139","KOURA","Koura Fine Diamond Jewelry Limited","M","1.0000","2000","ES","E","BSE","43.5000","29.0000","","","80000"
"544140","GOPAL","Gopal Snacks Limited","B","5.0000","1","ES","E","BSE","277.2500","226.8500","","","395634"
"544141","PESB","Pune e Stock Broking","M","5.0000","800","ES","E","BSE","266.4000","177.6000","","","80000"
"534618","WAAREERTL","Waaree Renewable Technologies","A","5.0000","1","ES","E","BSE","938.7500","625.8500","","","127823"
"531205","SPRIGHT","Kansal Fibres","XT","1.0000","1","ES","E","BSE","0.4700","0.4300","","","80000"
"23113","PRATHAM","Pratham Epc Projects Ltd","SM","5.0000","400","ES","E","NSE","124.8000","83.2000","","","595548"
"23142","PVSL","Popular Vehicles services","EQ","1.0000","1","ES","E","NSE","103.2200","68.8200","","","1162452"
"544142","SCILAL","SCI Land And Assets","B","1.0000","1","ES","E","BSE","41.9200","27.9600","","","2863266"
"544144","PVSL","Popular Vehicles Services","B","1.0000","1","ES","E","BSE","102.9300","68.6300","","","1162452"
"544143","ROYAL","Royal Sense Limited","M","5.0000","500","ES","E","BSE","150.0000","100.0000","","","80000"
"23147","SIGNORIA","Signoria Creation Limited","SM","5.0000","1000","ES","E","NSE","56.7000","51.3000","","","155586"
"23127","SCILAL","SCI Land And Assets","EQ","1.0000","1","ES","E","NSE","41.9000","27.9400","","","2863266"
"23159","AVPINFRA","AVP Infracon Limited","SM","5.0000","800","ES","E","NSE","86.1000","70.5000","","","816819"
"544149","KRYSTAL","Krystal Integrated Services Li","B","5.0000","1","ES","E","BSE","607.8500","405.2500","","","197172"
"23175","KRYSTAL","Krystal Integrated Ser L","EQ","5.0000","1","ES","E","NSE","608.5500","405.7500","","","197172"
"17764","REFEX","Refex Industries","EQ","1.0000","1","ES","E","NSE","227.3800","151.6000","","","527668"
"532884","REFEX","Refex Industries","A","5.0000","1","ES","E","BSE","227.4000","151.6000","","","527668"
"23224","ENFUSE","Enfuse Solutions Limited","SM","5.0000","600","ES","E","NSE","195.5000","130.4000","","","289316"
"544150","KPGEL","Kp Green Engineering Limited","M","5.0000","250","ES","E","BSE","364.1000","242.8000","","","80000"
"544151","CHATHA","Chatha Foods Limited","M","1.0000","1000","ES","E","BSE","72.6600","48.4400","","","80000"
"18365","PERSISTENT","Persistent Systems","EQ","10.0000","1","ES","E","NSE","5364.9000","4389.5000","","","20349"
"533179","PERSISTENT","Persistent Systems","A","5.0000","1","ES","E","BSE","5355.0000","4381.4000","","","20349"
"540952","LAL","Lorenzini Apparels Limite","B","1.0000","1","ES","E","BSE","7.1800","4.8000","","","5648485"
"14924","LAL","Lorenzini Apparels Ltd","EQ","1.0000","1","ES","E","NSE","7.3900","4.9300","","","5648485"
"530943","AQYLON","Aqylon Nexus Ltd","B","1.0000","1","ES","E","BSE","53.0200","47.9800","","","1972247"
"23370","VISHWAS","Vishwas Agri Seeds Ltd","SM","5.0000","1600","ES","E","NSE","42.6000","28.4000","","","326999"
"23365","AQYLON","Aqylon Nexus Ltd","EQ","1.0000","1","ES","E","NSE","53.2300","48.1700","","","1972247"
"540080","DHATRE","Narayani Steels","X","1.0000","1","ES","E","BSE","3.7600","2.5200","","","80000"
"23379","NAMAN","Naman Industries Proxima","SM","5.0000","800","ES","E","NSE","46.4500","42.0500","","","427257"
"23386","VHLTD","Viceroy Hotels","BE","1.0000","1","ES","E","NSE","145.8300","131.9500","","","719986"
"23402","SRM","SRM Contractors Limited","EQ","5.0000","1","ES","E","NSE","460.6000","307.1000","","","260508"
"23396","ASPIRE","Aspire & Innovative Adv L","SM","5.0000","2000","ES","E","NSE","10.7000","9.7000","","","496320"
"544157","VRUDDHI","Vruddhi Engineering Works Limi","M","5.0000","500","ES","E","BSE","235.3000","156.9000","","","80000"
"544156","GCONNECT","Gconnect Logitech And Supply C","M","1.0000","1500","ES","E","BSE","14.2200","12.8800","","","80000"
"23413","BLUEPEBBLE","Blue Pebble","ST","5.0000","400","ES","E","NSE","120.3000","108.9000","","","133415"
"523796","VHLTD","Viceroy hotels","T","5.0000","1","ES","E","BSE","146.0500","132.1500","","","719986"
"544158","SRM","SRM Contractors","B","5.0000","1","ES","E","BSE","459.4000","306.3000","","","260508"
"23417","TRUST","Trust Fintech Limited","SM","5.0000","600","ES","E","NSE","36.6000","24.4000","","","779084"
"23438","TAC","TAC Infosec Limited","SM","5.0000","200","ES","E","NSE","438.5000","358.8000","","","250843"
"543767","BTML","Bodhi Tree Multimedia Limited","B","1.0000","1","ES","E","BSE","6.5700","4.3900","","","5902277"
"18520","CUPID","Cupid","EQ","1.0000","1","ES","E","NSE","99.7200","66.4800","","","1202126"
"530843","CUPID","Cupid","B","1.0000","1","ES","E","BSE","99.7800","66.5200","","","1202126"
"14150","BTML","Bodhi Tree Multimedia Ltd","EQ","1.0000","1","ES","E","NSE","6.5500","4.3700","","","5902277"
"23442","RADIOWALLA","Radiowalla Network Ltd","SM","5.0000","1600","ES","E","NSE","23.6500","21.4500","","","230477"
"23451","YASHOPTICS","Yash Optics & Lens Ltd","SM","5.0000","800","ES","E","NSE","124.8500","83.2500","","","809835"
"23459","K2INFRA","K2 Infragen Limited","SM","5.0000","600","ES","E","NSE","49.6500","33.1500","","","412621"
"544160","JAYKAILASH","JAY Kailash Namkeen Limited","M","1.0000","1600","ES","E","BSE","12.6700","10.3700","","","80000"
"23474","ALUWIND","Aluwind Architectural Ltd","SM","5.0000","1500","ES","E","NSE","65.2500","43.5500","","","812510"
"23468","CGRAPHICS","Creative Graphics S Ind L","SM","5.0000","800","ES","E","NSE","170.8500","113.9500","","","702229"
"23480","SINCLAIR","Sinclairs Hotels Limited","EQ","1.0000","1","ES","E","NSE","87.0600","58.0400","","","1378330"
"23485","DRSCARGO","DRS Cargo Movers Limited","SM","5.0000","800","ES","E","NSE","21.8000","19.8000","","","246270"
"23489","BHARTIHEXA","Bharti Hexacom","EQ","10.0000","1","ES","E","NSE","1810.4000","1207.0000","","","65999"
"524548","SHARMEH","Sharma East India Hospitals &","X","5.0000","1","ES","E","BSE","124.1500","82.8000","","","80000"
"544162","BHARTIHEXA","Bharti Hexacom","A","5.0000","1","ES","E","BSE","1804.5500","1203.0500","","","65999"
"544161","DPABHUSHAN","D P Abhushan Limited","B","5.0000","1","ES","E","BSE","1139.2500","759.5500","","","106012"
"23530","TGL","Teerth Gopicon","ST","5.0000","200","ES","E","NSE","32.2500","31.0500","","","392386"
"23520","DCG","DCG Cables & Wires Ltd","SM","5.0000","1200","ES","E","NSE","57.9000","38.6000","","","593491"
"23507","UEL","Ujaas Energy Limited","EQ","1.0000","1","ES","E","NSE","138.4800","125.3000","","","758146"
"533644","UEL","Ujaas Energy","B","5.0000","1","ES","E","BSE","139.0500","125.8500","","","758146"
"14139","SBGLP","Suratwwala Bus Group Ltd","EQ","1.0000","1","ES","E","NSE","22.2400","14.8400","","","5393598"
"543218","SBGLP","Suratwwala Business Group Limi","B","1.0000","1","ES","E","BSE","22.2000","14.8000","","","5393598"
"512591","PULSRIN","Pulsar International","XT","1.0000","1","ES","E","BSE","1.4700","1.3300","","","80000"
"544163","GVL","Greenhitech Ventures Limited","M","1.0000","1000","ES","E","BSE","91.6600","75.0000","","","80000"
"23565","RBS","Ramdevbaba Solvent Ltd","SM","5.0000","800","ES","E","NSE","73.0500","48.7500","","","747566"
"23553","AIIL","Authum Investment & infrastructure","EQ","5.0000","1","ES","E","NSE","515.8000","343.9000","","","231838"
"23559","BIRDYS","Grill Splendour Ser Ltd","SM","5.0000","1200","ES","E","NSE","111.3000","100.7000","","","206278"
"503960","BBL","Bharat Bijlee","A","5.0000","1","ES","E","BSE","2491.4000","1661.0000","","","48332"
"13761","BBL","Bharat Bijlee","EQ","10.0000","1","ES","E","NSE","2482.6000","1655.2000","","","48332"
"544164","FAALCON","Faalcon Concepts Limited","M","1.0000","2000","ES","E","BSE","41.8500","27.9100","","","80000"
"23590","GLOSTERLTD","Gloster Limited","EQ","5.0000","1","ES","E","NSE","630.4500","420.3500","","","190325"
"23607","BALUFORGE","Balu Forge Industries Ltd","EQ","5.0000","1","ES","E","NSE","424.8000","347.6000","","","258846"
"544167","JNKINDIA","Jnk India","B","5.0000","1","ES","E","BSE","252.4500","168.3500","","","476111"
"544165","SHIVAM","Shivam Chemicals Limited","MT","5.0000","1500","ES","E","BSE","122.7000","117.9000","","","80000"
"544166","EMMFORCE","Emmforce Autotech Limited","M","5.0000","1200","ES","E","BSE","141.4500","94.3500","","","80000"
"23621","JNKINDIA","JNK India","EQ","1.0000","1","ES","E","NSE","252.0200","168.0200","","","476111"
"544168","VARYAA","Varyaa Creations Limited","M","1.0000","1000","ES","E","BSE","34.8000","23.2000","","","80000"
"531610","UFMINDL","UFM Industries Ltd.","XT","1.0000","1","ES","E","BSE","28.5000","2.8500","","","80000"
"6164","BHAGCHEM","Bhagiradha Chem & Inds L","EQ","1.0000","1","ES","E","NSE","205.7600","137.1800","","","583121"
"531719","BHAGCHEM","Bhagiradha Chemicals","B","5.0000","1","ES","E","BSE","205.5500","137.0500","","","583121"
"512026","VEGA","Vega Jewellers","XT","5.0000","1","ES","E","BSE","312.2500","296.6500","","","80000"
"544171","STAL","Storage Technologies And Autom","M","1.0000","800","ES","E","BSE","39.5100","26.3500","","","80000"
"544169","AMKAY","Amkay Products Limited","M","1.0000","2000","ES","E","BSE","57.2000","46.8000","","","80000"
"544170","DKUAL","SAI Swami Metals And Alloys Li","MT","1.0000","2000","ES","E","BSE","23.6900","21.4500","","","80000"
"8806","SONAMLTD","Sonam Limited","EQ","1.0000","1","ES","E","NSE","61.0300","40.6900","","","1309046"
"23689","SLONE","Slone Infosystems Limited","SM","5.0000","400","ES","E","NSE","170.7000","154.5000","","","172296"
"23693","INDGN","Indegene Limited","EQ","5.0000","1","ES","E","NSE","521.5000","347.7000","","","229971"
"544172","INDGN","Indegene Limited","A","5.0000","1","ES","E","BSE","521.4500","347.6500","","","229971"
"23714","WINSOL","Winsol Engineers Limited","SM","5.0000","400","ES","E","NSE","115.0500","76.7500","","","377201"
"23718","REFRACTORY","Refractory Shapes Limited","SM","5.0000","1000","ES","E","NSE","30.0500","27.2500","","","712859"
"544173","FTL","Finelistings Technologies Limi","M","1.0000","1000","ES","E","BSE","11.5200","10.4400","","","80000"
"544174","TBOTEK","Tbo Tek","A","5.0000","1","ES","E","BSE","1269.1000","846.1000","","","94579"
"544175","TGIF","Tgif Agribusiness Limited","M","1.0000","1200","ES","E","BSE","117.6000","78.4000","","","80000"
"10794","CANBK","Canara Bank","EQ","1.0000","1","ES","E","NSE","135.7900","111.1100","","","807287"
"23739","SILKFLEX","Silkflex Polymers","ST","5.0000","2000","ES","E","NSE","108.5500","98.2500","","","379548"
"532483","CANBK","Canara Bank","A","5.0000","1","ES","E","BSE","135.9000","111.2000","","","807287"
"544176","AADHARHFC","Aadhar Housing Finance","A","5.0000","1","ES","E","BSE","494.7500","404.8500","","","222636"
"23729","AADHARHFC","Aadhar Housing Finance","EQ","5.0000","1","ES","E","NSE","493.7000","404.0000","","","222636"
"23740","TBOTEK","TBO TEK","EQ","10.0000","1","ES","E","NSE","1268.7000","845.9000","","","94579"
"23745","EMMIL","Energy Mission Mach Ind L","SM","5.0000","250","ES","E","NSE","133.0500","88.7500","","","370376"
"544177","AZTEC","Aztec Fluids & Machinery Limit","M","1.0000","1000","ES","E","BSE","99.6000","66.4000","","","80000"
"23764","PRLIND","Premier Roadlines Limited","SM","5.0000","1000","ES","E","NSE","56.8500","37.9500","","","747605"
"514175","VARDMNPOLY","Vardhman Polytex","T","1.0000","1","ES","E","BSE","6.7800","6.1400","","","15005833"
"544178","PIOTEX","Piotex Industries Limited","M","1.0000","1200","ES","E","BSE","38.0600","31.1400","","","80000"
"6893","VARDMNPOLY","Vardhman Polytex","BE","1.0000","1","ES","E","NSE","6.7900","6.1500","","","15005833"
"23783","ABSMARINE","ABS Marine Services Ltd","SM","5.0000","500","ES","E","NSE","179.4500","119.6500","","","668668"
"23779","MANDEEP","Mandeep Auto Industries L","SM","5.0000","2000","ES","E","NSE","18.2000","16.5000","","","338049"
"23775","VERITAAS","Veritaas Advertising Ltd","SM","5.0000","1200","ES","E","NSE","41.5500","37.6500","","","92312"
"23789","IEML","Indian Emulsifiers Ltd","SM","5.0000","500","ES","E","NSE","72.7000","48.5000","","","599499"
"544179","GODIGIT","Go Digit General Insurance Lim","A","5.0000","1","ES","E","BSE","390.9000","260.6000","","","306930"
"23799","GODIGIT","Go Digit General Ins Ltd","EQ","5.0000","1","ES","E","NSE","390.7500","260.5500","","","306930"
"23796","QUESTLAB","Quest Laboratories Ltd","ST","5.0000","1200","ES","E","NSE","109.6000","99.2000","","","535861"
"23826","HOACFOODS","Hoac Foods India","ST","5.0000","750","ES","E","NSE","401.4500","363.2500","","","141933"
"1338","SDBL","SOM Dist & Brew Ltd","EQ","1.0000","1","ES","E","NSE","74.7700","49.8500","","","1604754"
"541143","BDL","Bharat Dynamics","A","5.0000","1","ES","E","BSE","1206.5500","987.2500","","","90907"
"2144","BDL","Bharat Dynamics","EQ","10.0000","1","ES","E","NSE","1206.2000","987.0000","","","90907"
"507514","SDBL","Som Distilleries & Brewer","B","1.0000","1","ES","E","BSE","74.7400","49.8400","","","1604754"
"23830","RULKA","Rulka Electricals Limited","SM","5.0000","300","ES","E","NSE","90.0000","60.0000","","","139249"
"544181","AWFIS","Awfis Space Solutions","A","5.0000","1","ES","E","BSE","276.8000","184.6000","","","433535"
"11309","BALAXI","Balaxi Pharma Ltd","EQ","1.0000","1","ES","E","NSE","18.8000","12.5400","","","1805285"
"23864","AWFIS","Awfis Space Solutions","EQ","1.0000","1","ES","E","NSE","276.7800","184.5200","","","433535"
"543267","DAVANGERE","Davangere sugar company","B","1.0000","1","ES","E","BSE","4.4700","2.9900","","","26880967"
"21794","DAVANGERE","Davangere Sugar Company","EQ","1.0000","1","ES","E","NSE","4.4600","2.9800","","","26880967"
"23888","GSMFOILS","GSM Foils Limited","SM","5.0000","500","ES","E","NSE","200.5500","133.7500","","","460832"
"23909","VILAS","Vilas Transcore Limited","SM","5.0000","250","ES","E","NSE","405.4000","270.3000","","","295987"
"23922","BEACON","Beacon Trusteeship Ltd","SM","5.0000","1000","ES","E","NSE","80.7500","53.8500","","","590722"
"23976","ZTECH","Z-Tech (India) Limited","SM","5.0000","300","ES","E","NSE","608.8000","405.9000","","","197094"
"544183","ASSOCIATED","Associated Coaters Limited","M","1.0000","500","ES","E","BSE","92.4000","83.6000","","","80000"
"23984","AIMTRON","Aimtron Electronics Ltd","SM","5.0000","200","ES","E","NSE","835.2500","755.7500","","","125695"
"544184","BOROSCI","Borosil Scientific Limited","B","5.0000","1","ES","E","BSE","123.6500","82.4500","","","969522"
"24019","TBI","TBI Corn Limited","SM","5.0000","600","ES","E","NSE","69.4000","46.3000","","","593779"
"24014","BOROSCI","Borosil Scientific Ltd","EQ","1.0000","1","ES","E","NSE","123.7600","82.5200","","","969522"
"24025","KRONOX","Kronox Lab Sciences Ltd","EQ","1.0000","1","ES","E","NSE","116.4200","77.6200","","","1030712"
"544187","KRONOX","Kronox Lab Sciences","B","1.0000","1","ES","E","BSE","117.1200","78.0800","","","1030712"
"544186","TOTEM","Forbes Precision Tools And Mac","X","5.0000","1","ES","E","BSE","126.8000","84.6000","","","80000"
"544188","MAGENTA","Magenta Lifecare Limited","M","1.0000","4000","ES","E","BSE","10.5300","7.0300","","","80000"
"544189","SATTRIX","Sattrix Information Security L","MT","5.0000","500","ES","E","BSE","376.9500","341.0500","","","80000"
"544190","3CIT","3C It Solutions And Telecoms (","MT","1.0000","2000","ES","E","BSE","16.2200","14.6800","","","80000"
"544191","PURPLEFIN","Purple Finance Limited","X","1.0000","1","ES","E","BSE","54.3700","49.2100","","","80000"
"13814","KAMOPAINTS","Kamdhenu Ventures Limited","EQ","1.0000","1","ES","E","NSE","4.3600","2.9200","","","10279408"
"540097","GAMCO","Gamco","X","1.0000","1","ES","E","BSE","43.4200","28.9600","","","80000"
"543747","KAMOPAINTS","Kamdhenu Ventures Limited","B","1.0000","1","ES","E","BSE","4.4000","2.9400","","","10279408"
"544192","IXIGO","Le Travenues Technology","A","5.0000","1","ES","E","BSE","209.5500","139.7500","","","571391"
"24067","IXIGO","Le Travenues Technology","EQ","1.0000","1","ES","E","NSE","209.9200","139.9600","","","571391"
"544185","ADTECH","Adtech Systems Limited","X","1.0000","1","ES","E","BSE","57.6000","38.4000","","","80000"
"526247","PREMEXPLN","Premier Explosives","A","5.0000","1","ES","E","BSE","457.4000","305.0000","","","262085"
"17397","PREMEXPLN","Premier Explosives","EQ","5.0000","1","ES","E","NSE","457.8000","305.2000","","","262085"
"544195","COTFAB","United Cotfab Limited","M","1.0000","2000","ES","E","BSE","17.1000","11.4000","","","80000"
"24108","GPECO","Gp Eco Solutions India L","SM","5.0000","200","ES","E","NSE","325.3000","216.9000","","","368860"
"530705","ANIRIT","Anirit Ventures","X","1.0000","1","ES","E","BSE","43.2900","39.1700","","","80000"
"24164","DURLAX","Durlax Top Surface Ltd","SM","5.0000","2000","ES","E","NSE","54.0000","36.0000","","","946082"
"24154","DEEDEV","Dee Development Engineers","EQ","5.0000","1","ES","E","NSE","295.7000","242.0000","","","371944"
"544199","GEMENVIRO","Gem Enviro Management","M","1.0000","800","ES","E","BSE","33.4800","30.3000","","","80000"
"544197","RETAIL","JHS Svendgaard Retail Ventures","B","1.0000","1","ES","E","BSE","19.2200","12.8200","","","268290"
"24150","FALCONTECH","Falcon Technoproj Ind Ltd","SM","5.0000","1200","ES","E","NSE","13.5500","12.3500","","","875835"
"544198","DEEDEV","Dee Development Engineers","B","5.0000","1","ES","E","BSE","295.9000","242.1000","","","371944"
"24145","RETAIL","JHS Svendgaard Retail V L","EQ","1.0000","1","ES","E","NSE","19.3400","12.9000","","","268290"
"511589","AVONMORE","Avonmore Capital & Manage","B","1.0000","1","ES","E","BSE","12.3400","8.2400","","","9227441"
"540725","SHAREINDIA","Share India Securities","B","5.0000","1","ES","E","BSE","139.9500","93.3500","","","851916"
"24226","STANLEY","Stanley Lifestyles Ltd","EQ","1.0000","1","ES","E","NSE","148.4400","98.9600","","","808385"
"104","SHAREINDIA","Share Ind. Securities Ltd","EQ","1.0000","1","ES","E","NSE","140.8500","93.9100","","","851916"
"24239","MEDIORG","Medicamen Organics Ltd","SM","5.0000","2000","ES","E","NSE","22.1500","20.0500","","","382589"
"544202","STANLEY","Stanley Lifestyles Limited","B","5.0000","1","ES","E","BSE","148.0000","98.7000","","","808385"
"24173","WINNY","Winny Immigra & Edu Ser L","SM","5.0000","500","ES","E","NSE","40.8500","37.0500","","","70958"
"13557","AVONMORE","Avonmore Cap&Mgt Serv Ltd","EQ","1.0000","1","ES","E","NSE","12.1600","8.1200","","","9227441"
"544201","DFPL","Dindigul Farm Product Limited","M","1.0000","2000","ES","E","BSE","13.2300","11.9700","","","80000"
"24267","SYLVANPLY","Sylvan Plyboard (India) L","SM","5.0000","2000","ES","E","NSE","48.0000","32.0000","","","633556"
"24277","VISAMAN","Visaman Global Sales","ST","5.0000","1000","ES","E","NSE","104.6500","94.7500","","","655234"
"24249","SPCL","Shivalic Power Control L","SM","5.0000","600","ES","E","NSE","65.7500","53.8500","","","788585"
"24278","MASON","Mason Infratech Limited","SM","5.0000","500","ES","E","NSE","147.5000","98.4000","","","782837"
"24286","DPEL","Divine Power Energy Ltd","SM","5.0000","500","ES","E","NSE","435.0000","393.6000","","","241362"
"24290","PCCL","Petro Carbon And Chemi L","SM","5.0000","400","ES","E","NSE","269.1000","179.4000","","","445909"
"24307","AKIKO","Akiko Global Services","ST","5.0000","800","ES","E","NSE","210.1500","190.1500","","","352165"
"544203","ABDL","Allied Blenders and Distillers","A","5.0000","1","ES","E","BSE","445.1000","364.2000","","","247263"
"24308","ABDL","Allied Blenders and Distillers","EQ","5.0000","1","ES","E","NSE","444.4500","363.6500","","","247263"
"538451","WORTH","Worth Investment & Trading","X","1.0000","1","ES","E","BSE","2.3900","2.1700","","","80000"
"24321","VRAJ","Vraj Iron And Steel Ltd","EQ","1.0000","1","ES","E","NSE","113.6000","75.7400","","","1056268"
"24313","DTL","Diensten Tech Limited","SM","5.0000","1200","ES","E","NSE","111.6000","74.4000","","","270123"
"544204","VRAJ","Vraj Iron And Steel Limited","B","1.0000","1","ES","E","BSE","113.1000","75.4000","","","1056268"
"544205","NPL","National Peroxide Limited","X","5.0000","1","ES","E","BSE","421.0000","280.7000","","","80000"
"504084","KAYCEEI","Kaycee Ind.","X","5.0000","1","ES","E","BSE","782.1500","639.9500","","","80000"
"3965","REMSONSIND","Remsons Industries","EQ","1.0000","1","ES","E","NSE","94.1200","62.7600","","","1140536"
"24350","NEPHROCARE","Nephro Care India Limited","SM","5.0000","400","ES","E","NSE","56.9000","46.6000","","","539105"
"530919","REMSONSIND","Remsons Industries","B","1.0000","1","ES","E","BSE","94.2600","62.8400","","","1140536"
"544207","RELIABLE","Reliable Data Services Limited","B","5.0000","1","ES","E","BSE","124.8500","102.1500","","","337463"
"533581","PGEL","PG Electroplast","A","5.0000","1","ES","E","BSE","517.6000","423.5000","","","212580"
"544209","BANSALWIRE","Bansal Wire Industries","B","5.0000","1","ES","E","BSE","247.9000","202.9000","","","444462"
"24386","BANSALWIRE","Bansal Wire Industries","EQ","1.0000","1","ES","E","NSE","247.4400","202.4600","","","444462"
"544210","EMCURE","Emcure Pharmaceuticals","A","5.0000","1","ES","E","BSE","1755.5000","1436.4000","","","62564"
"25358","PGEL","PG Electroplast","EQ","5.0000","1","ES","E","NSE","516.8500","422.9500","","","212580"
"530249","BRIDGESE","Bridge Securities","X","1.0000","1","ES","E","BSE","16.4400","10.9600","","","80000"
"24398","EMCURE","Emcure pharmaceuticals","EQ","10.0000","1","ES","E","NSE","1755.0000","1436.0000","","","62564"
"24415","AMBEY","Ambey Laboratories Ltd","SM","5.0000","2000","ES","E","NSE","22.6500","15.1500","","","815760"
"24439","GGBL","Ganesh Green Bharat Ltd","SM","5.0000","300","ES","E","NSE","262.0500","174.7500","","","457851"
"539761","VKAL","Vantage Knowledge Academy Limi","X","1.0000","1","ES","E","BSE","0.7900","0.7300","","","80000"
"24435","EFFWA","Effwa Infra & Research L","SM","5.0000","400","ES","E","NSE","200.1500","133.4500","","","599511"
"505872","WPIL","WPIL","B","5.0000","1","ES","E","BSE","415.0500","276.7500","","","80000"
"5108","KPIGREEN","KPI Green Energy Limited","EQ","5.0000","1","ES","E","NSE","421.4000","281.0000","","","284565"
"540023","COLORCHIPS","Colorchips New Media Limi","X","1.0000","1","ES","E","BSE","12.1300","10.9900","","","80000"
"542323","KPIGREEN","K.P.I. Global Infrastruct","A","5.0000","1","ES","E","BSE","421.7000","281.2000","","","284565"
"24478","SAHAJSOLAR","Sahaj Solar Limited","SM","5.0000","400","ES","E","NSE","110.7000","73.8000","","","718485"
"505700","ELECON","Elecon Engineering Co.","A","5.0000","1","ES","E","BSE","425.7000","283.8000","","","281846"
"13643","ELECON","Elecon Engineering Company","EQ","5.0000","1","ES","E","NSE","425.7000","283.8000","","","281846"
"544214","THREEMPAPE","Three M Paper Boards Limited","M","1.0000","2000","ES","E","BSE","22.1600","14.7800","","","80000"
"24504","SATIPOLY","Sati Poly Plast Limited","SM","5.0000","500","ES","E","NSE","29.6000","26.8000","","","161766"
"517554","NHCFOODS","NHC Foods","X","1.0000","1","ES","E","BSE","0.8500","0.5700","","","80000"
"24511","PRIZOR","Prizor Viztech","ST","5.0000","400","ES","E","NSE","425.2500","384.7500","","","246913"
"544213","ACLD","Aelea Commodities Limited","M","5.0000","600","ES","E","BSE","132.4000","88.3000","","","80000"
"531400","ALMONDZ","Almondz Global Securities","B","1.0000","1","ES","E","BSE","13.5900","9.0700","","","5678248"
"24520","TUNWAL","Tunwal E-Motors Limited","SM","5.0000","2000","ES","E","NSE","34.4000","23.0000","","","1886540"
"16719","ALMONDZ","Almondz Global Securities","EQ","1.0000","1","ES","E","NSE","13.5900","9.0700","","","5678248"
"24545","MACOBSTECH","Macobs Technologies Ltd","SM","5.0000","800","ES","E","NSE","249.0000","166.0000","","","320303"
"24528","KATARIA","Kataria Industries Ltd","SM","5.0000","600","ES","E","NSE","110.3000","73.6000","","","704071"
"1949","KSB","KSB","EQ","5.0000","1","ES","E","NSE","956.2000","637.5000","","","125482"
"500249","KSB","KSB","A","5.0000","1","ES","E","BSE","950.7000","633.8000","","","125482"
"24582","SANSTAR","Sanstar","EQ","1.0000","1","ES","E","NSE","90.9300","60.6300","","","1319448"
"538891","MCLOUD","Magellanic Cloud","B","1.0000","1","ES","E","BSE","20.6400","18.6800","","","5053017"
"544217","SANSTAR","Sanstar","B","1.0000","1","ES","E","BSE","90.7900","60.5300","","","1319448"
"24589","RNFI","Rnfi Services Limited","SM","5.0000","600","ES","E","NSE","263.2500","175.5500","","","455778"
"24596","RELTD","Ravindra Energy","EQ","1.0000","1","ES","E","NSE","143.7000","95.8000","","","835069"
"544219","VVIPIL","Vvip Infratech Limited","M","1.0000","600","ES","E","BSE","114.0000","76.0000","","","80000"
"24606","VLINFRA","V.L.Infraprojects Limited","SM","5.0000","1500","ES","E","NSE","22.3000","14.9000","","","513798"
"539469","PANORAMA","Panorama Studios International","B","1.0000","1","ES","E","BSE","38.8500","25.9100","","","80000"
"24629","MIEL","Manglam Infra & Eng Ltd","SM","5.0000","2000","ES","E","NSE","11.7000","10.6000","","","575412"
"24625","CHETANA","Chetana Education Limited","SM","5.0000","1600","ES","E","NSE","37.1000","24.8000","","","667079"
"24610","AVANTEL","Avantel","EQ","1.0000","1","ES","E","NSE","151.8700","101.2500","","","789958"
"757489","NRVANDANA","N R VANDANA TEX IND LTD","SM","5.0000","3000","ES","E","NSE","56.2000","37.5000","","","761740"
"544220","CTLLAB","Clinitech Laboratory Limited","M","1.0000","1200","ES","E","BSE","42.0000","28.0000","","","80000"
"24638","APRAMEYA","Aprameya Engineering Ltd","SM","5.0000","500","ES","E","NSE","244.3500","162.9500","","","491022"
"24642","TROM","Trom Industries Limited","SM","5.0000","600","ES","E","NSE","52.7000","35.2000","","","300672"
"24674","SATECH","S A Tech Software India L","SM","5.0000","1000","ES","E","NSE","37.4000","30.6000","","","426973"
"24678","ESPRIT","Esprit Stones Limited","SM","5.0000","1600","ES","E","NSE","67.0000","44.7000","","","717608"
"24697","SSEGL","Sathlokhar Syn E&C Glob L","SM","5.0000","200","ES","E","NSE","344.3000","229.6000","","","348476"
"24715","AKUMS","Akums Drugs And Pharma L","EQ","5.0000","1","ES","E","NSE","512.7000","419.5000","","","214528"
"24711","ASHALOG","Ashapura Logistics Ltd","SM","5.0000","1000","ES","E","NSE","65.7500","43.8500","","","443285"
"539528","AAYUSH","Aayush wellness","XT","1.0000","1","ES","E","BSE","29.0700","26.3100","","","80000"
"24707","RAJINDLTD","Rajputana Industries Ltd","SM","5.0000","1500","ES","E","NSE","77.5500","51.7500","","","726430"
"24701","BULKCORP","Bulkcorp International L","SM","5.0000","1200","ES","E","NSE","46.9500","42.5500","","","245709"
"544222","AKUMS","Akums Drugs And Pharmaceutical","B","5.0000","1","ES","E","BSE","512.6500","419.4500","","","214528"
"544221","KIZI","Kizi Apparels Limited","M","1.0000","3000","ES","E","BSE","18.6000","12.4000","","","80000"
"24726","UTSSAV","Utssav Cz Gold Jewels Ltd","SM","5.0000","600","ES","E","NSE","222.5000","148.4000","","","539224"
"544223","CEIGALL","Ceigall India Limited","B","5.0000","1","ES","E","BSE","297.3000","243.3000","","","368965"
"24735","RPEL","Raghav Productivity Enh L","EQ","5.0000","1","ES","E","NSE","679.6500","453.1500","","","176531"
"24750","DHARIWAL","Dhariwalcorp Limited","ST","5.0000","3000","ES","E","NSE","45.9500","41.6500","","","2283035"
"24730","RUBFILA","Rubfila International Ltd","EQ","1.0000","1","ES","E","NSE","72.2200","48.1600","","","1661400"
"24742","CEIGALL","Ceigall India Limited","EQ","5.0000","1","ES","E","NSE","297.9500","243.8500","","","368965"
"539310","THINKINK","THINKINK Picturez","X","1.0000","1","ES","E","BSE","0.1500","0.1100","","","80000"
"531540","MAINFRA","Maruti Infrastructure","X","1.0000","1","ES","E","BSE","13.7000","11.2200","","","80000"
"533470","RUSHIL","Rushil Decor","B","1.0000","1","ES","E","BSE","15.3600","10.2400","","","7794030"
"24777","OLAELEC","OLA Electric Mobility","EQ","1.0000","1","ES","E","NSE","27.3600","18.2400","","","4384364"
"544224","AFCOM","Afcom Holdings Limited","M","5.0000","120","ES","E","BSE","782.6000","521.8000","","","80000"
"23647","FILATFASH","Filatex Fashions Limited","EQ","1.0000","1","ES","E","NSE","0.1500","0.1300","","","272524178"
"18969","KAPSTON","Kapston Services Limited","BE","5.0000","1","ES","E","NSE","294.9000","266.9000","","","355995"
"542580","AARTECH","Aartech Solonics","B","1.0000","1","ES","E","BSE","41.8200","27.8800","","","1038891"
"532022","FILATFASH","Filatex Fashions","B","1.0000","1","ES","E","BSE","0.1500","0.1300","","","272524178"
"24785","PPSL","Picturepost Studios Ltd","SM","5.0000","3000","ES","E","NSE","6.4500","4.3500","","","958109"
"18806","CELLECOR","Cellecor Gadgets Limited","SM","5.0000","3000","ES","E","NSE","27.4000","18.3000","","","4376261"
"17145","AARTECH","Aartech Solonics Limited","EQ","1.0000","1","ES","E","NSE","41.7600","27.8400","","","1038891"
"24595","RUSHIL","Rushil Decor","EQ","1.0000","1","ES","E","NSE","15.3900","10.2700","","","7794030"
"544225","OLAELEC","OLA Electric Mobility","A","1.0000","1","ES","E","BSE","27.3800","18.2600","","","4384364"
"532485","BLIL","Balmer Lawrie Investments","B","1.0000","1","ES","E","BSE","78.4200","52.2800","","","80000"
"24814","FIRSTCRY","Brainbees Solutions Ltd","EQ","1.0000","1","ES","E","NSE","250.0000","166.6800","","","479756"
"544226","FIRSTCRY","Brainbees Solutions Limited","A","5.0000","1","ES","E","BSE","250.0500","166.7500","","","479756"
"544227","UNIECOM","Unicommerce Esolutions Limited","B","1.0000","1","ES","E","BSE","94.9200","63.2800","","","1264490"
"507621","MLKFOOD","Milkfood","X","1.0000","1","ES","E","BSE","68.7800","45.8600","","","80000"
"24809","UNIECOM","Unicommerce Esolutions L","EQ","1.0000","1","ES","E","NSE","94.8900","63.2700","","","1264490"
"502901","JAMSHRI","Jamshri Realty","X","1.0000","1","ES","E","BSE","86.2400","57.5000","","","80000"
"24823","MANCREDIT","Mangal Credit N Fincorp L","EQ","1.0000","1","ES","E","NSE","201.2200","134.1600","","","596322"
"24830","AESTHETIK","Aesthetik Engineers Ltd","SM","5.0000","1000","ES","E","NSE","72.5000","48.4000","","","563099"
"24868","SUNLITE","Sunlite Recycling Ind Ltd","SM","5.0000","600","ES","E","NSE","435.6000","290.4000","","","275481"
"24856","SSDL","Saraswati Saree Depot Ltd","EQ","1.0000","1","ES","E","NSE","56.5900","37.7300","","","1294913"
"24864","POSITRON","Positron Energy Limited","SM","5.0000","300","ES","E","NSE","134.1500","89.4500","","","248533"
"544230","SSDL","Saraswati Saree Depot Limited","B","1.0000","1","ES","E","BSE","56.5600","37.7200","","","1294913"
"24851","SUYOG","Suyog Telematics Limited","EQ","5.0000","1","ES","E","NSE","737.2000","491.5000","","","162762"
"544231","BROACH","Broach Lifecare Hospital Limit","M","1.0000","6000","ES","E","BSE","20.8600","13.9200","","","80000"
"24879","BALCO","Solve Plastic Products L","SM","5.0000","1200","ES","E","NSE","14.0500","12.7500","","","142841"
"535910","MMLF","Money Masters Leasing & F","B","1.0000","1","ES","E","BSE","0.5700","0.5300","","","80000"
"24905","BRACEPORT","Brace Port Logistics Ltd","SM","5.0000","1600","ES","E","NSE","57.1500","38.1500","","","369549"
"544232","INTERARCH","Interarch Building Solutions","B","5.0000","1","ES","E","BSE","1998.7000","1332.5000","","","60060"
"24914","FORCAS","Forcas Studio Limited","SM","5.0000","1600","ES","E","NSE","114.0000","76.0000","","","574865"
"24909","INTERARCH","Interarch Building Solutions","EQ","10.0000","1","ES","E","NSE","1998.0000","1332.0000","","","60060"
"24937","MFML","Mahalaxmi Fabric Mills Lt","EQ","1.0000","1","ES","E","NSE","25.6300","17.0900","","","347282"
"544233","MFML","Mahalaxmi Fabric Mills Limited","B","1.0000","1","ES","E","BSE","25.0900","16.7300","","","347282"
"544234","GLOBALE","Globale Tessile Limited","B","1.0000","1","ES","E","BSE","12.0700","8.0500","","","347282"
"24932","GLOBALE","Globale Tessile Limited","EQ","1.0000","1","ES","E","NSE","12.0900","8.0700","","","347282"
"540205","AVL","Aditya Vision","A","5.0000","1","ES","E","BSE","573.9000","382.6000","","","209074"
"24957","QVCEL","QVC Exports Limited","SM","5.0000","1600","ES","E","NSE","22.8500","20.7500","","","341757"
"544235","ORIENTTECH","Orient Technologies Limited","B","5.0000","1","ES","E","BSE","268.4000","179.0000","","","446424"
"24961","ORIENTTECH","Orient Technologies Ltd","EQ","1.0000","1","ES","E","NSE","268.8000","179.2000","","","446424"
"24950","IDEALTECHO","Ideal Technoplast Ind Ltd","SM","5.0000","500","ES","E","NSE","256.8000","171.2000","","","163499"
"24966","SURAJLTD","Suraj Limited","EQ","1.0000","1","ES","E","NSE","259.2000","172.8000","","","462958"
"544236","RAL","Resourceful Automobile Limited","M","1.0000","1200","ES","E","BSE","39.3600","26.2400","","","80000"
"544237","RAPID","Rapid Multimodal Logistics Lim","MT","5.0000","1600","ES","E","BSE","148.0500","133.9500","","","80000"
"543971","BONDADA","Bondada Engineering Limited","M","5.0000","200","ES","E","BSE","265.6500","177.1500","","","80000"
"25049","PREMIERENE","Premier Energies Limited","EQ","5.0000","1","ES","E","NSE","980.8000","802.5000","","","111889"
"25054","VDEAL","Vdeal System Limited","SM","5.0000","600","ES","E","NSE","199.8000","133.2000","","","159918"
"25033","IPHL","Indian Phosphate Limited","SM","5.0000","1200","ES","E","NSE","59.6000","39.8000","","","817160"
"25037","JAYBEE","JAY Bee Laminations Ltd","SM","5.0000","500","ES","E","NSE","89.7500","59.8500","","","737960"
"544238","PREMIERENE","Premier Energies Limited","A","5.0000","1","ES","E","BSE","979.3000","801.3000","","","111889"
"530295","SHRAJOI","Shri Rajivlochan Oil Extractio","X","1.0000","1","ES","E","BSE","22.5300","20.3900","","","80000"
"544239","ECOSMOBLTY","Ecos (India) Mobility & Hospit","B","5.0000","1","ES","E","BSE","126.0000","84.0000","","","953819"
"25065","AERON","Aeron Composite Limited","SM","5.0000","1000","ES","E","NSE","87.6500","58.4500","","","556553"
"25060","ECOSMOBLTY","Ecos (India) Mob & Hosp L","EQ","1.0000","1","ES","E","NSE","125.8000","83.8800","","","953819"
"25069","PARAMATRIX","Paramatrix Technologies L","SM","5.0000","1200","ES","E","NSE","78.6000","52.4000","","","361269"
"543397","SAPPHIRE","Sapphire Foods India","A","5.0000","1","ES","E","BSE","179.8000","119.9000","","","664619"
"544242","TRAVELS","Travels & Rentals Limited","M","1.0000","3000","ES","E","BSE","15.7500","14.2500","","","80000"
"544240","RAYMONDLSL","Raymond Lifestyle Limited","A","5.0000","1","ES","E","BSE","904.3500","602.9500","","","132326"
"6718","SAPPHIRE","Sapphire Foods India","EQ","1.0000","1","ES","E","NSE","180.5000","120.3400","","","664619"
"25073","RAYMONDLSL","Raymond Lifestyle Limited","EQ","5.0000","1","ES","E","NSE","906.7500","604.5500","","","132326"
"25119","BOSS","Boss Packaging Solu Ltd","SM","5.0000","2000","ES","E","NSE","42.9000","38.9000","","","145392"
"544243","STYLEBAAZA","Baazar Style Retail Limited","B","5.0000","1","ES","E","BSE","326.2500","217.5500","","","366371"
"25114","STYLEBAAZA","Baazar Style Retail Ltd","EQ","5.0000","1","ES","E","NSE","327.4500","218.3500","","","366371"
"25147","JEYYAM","Jeyyam Global Foods Ltd","SM","5.0000","2000","ES","E","NSE","27.1500","18.1500","","","1553143"
"25134","GALAPREC","Gala Precision Eng Ltd","EQ","5.0000","1","ES","E","NSE","842.9000","562.0000","","","142347"
"544244","GALAPREC","Gala Precision Engineering Lim","B","5.0000","1","ES","E","BSE","840.6500","560.4500","","","142347"
"533301","SHEKHAWATI","Shekhawati Poly-Yarn","B","1.0000","1","ES","E","BSE","11.2600","7.5200","","","1127168"
"544245","NHL","Naturewings Holidays Limited","M","1.0000","1600","ES","E","BSE","66.0000","54.0000","","","80000"
"21095","SHEKHAWATI","Shekhawati Industries Ltd","EQ","1.0000","1","ES","E","NSE","11.2200","7.4800","","","1127168"
"544248","MCEL","Mach Conferences And Events Li","MT","5.0000","600","ES","E","BSE","119.3000","108.0000","","","80000"
"25162","EUREKAFORB","Eureka Forbes Limited","EQ","5.0000","1","ES","E","NSE","528.4000","352.3000","","","227056"
"166","ANDHRAPAP","Andhra Paper","EQ","1.0000","1","ES","E","NSE","70.1100","46.7500","","","1711304"
"544246","RVTH","Revathi Equipment India Limite","B","5.0000","1","ES","E","BSE","652.8000","435.2000","","","100289"
"502330","ANDHRAPAP","Andhra Paper","B","1.0000","1","ES","E","BSE","69.5400","46.3600","","","1711304"
"25157","RVTH","Revathi Equipment India L","EQ","5.0000","1","ES","E","NSE","637.3000","424.9000","","","100289"
"25167","NAMOEWASTE","Namo Ewaste Management L","SM","5.0000","800","ES","E","NSE","161.2500","107.5500","","","744040"
"25208","MYMUDRA","My Mudra Fincorp Limited","SM","5.0000","1200","ES","E","NSE","87.4000","58.3000","","","372511"
"544249","BALAJEE","Shree Tirupati Balajee Agro Tr","B","1.0000","1","ES","E","BSE","25.5600","17.0400","","","2667366"
"540180","VBL","Varun Beverages","A","5.0000","1","ES","E","BSE","422.4500","345.6500","","","257039"
"25203","BALAJEE","Shree Tirupati Balajee L","EQ","1.0000","1","ES","E","NSE","25.5300","17.0300","","","2667366"
"18921","VBL","Varun Beverages","EQ","5.0000","1","ES","E","NSE","422.5000","345.7000","","","257039"
"539221","SPORTKING","Sportking India","B","5.0000","1","ES","E","BSE","134.8500","89.9500","","","890375"
"544250","SANOFICONR","Sanofi Consumer Healthcare Ind","A","5.0000","1","ES","E","BSE","5152.8000","3435.2000","","","23260"
"25231","VIESL","Vision Infra Equip Sol L","SM","5.0000","800","ES","E","NSE","282.2000","188.2000","","","425155"
"543308","KIMS","KIMS","A","5.0000","1","ES","E","BSE","747.0500","498.0500","","","160855"
"25222","SANOFICONR","Sanofi Cons Healthc Ind L","EQ","10.0000","1","ES","E","NSE","5157.8000","3438.6000","","","23260"
"4847","KIMS","KIMS","EQ","5.0000","1","ES","E","NSE","745.8000","497.2000","","","160855"
"10733","SPORTKING","Sportking India Limited","EQ","1.0000","1","ES","E","NSE","134.7600","89.8400","","","890375"
"530805","OIVL","Onesource Ideas Venture L","X","1.0000","1","ES","E","BSE","5.8100","4.7700","","","80000"
"25262","TOLINS","Tolins Tyres Limited","EQ","1.0000","1","ES","E","NSE","101.3400","67.5600","","","1184119"
"523874","EASTINDIA","Precision Containeurs","XT","1.0000","1","ES","E","BSE","103.9500","94.0500","","","80000"
"25240","SHUBHSHREE","Shubhshree Biofuels Ene L","SM","5.0000","300","ES","E","NSE","338.4000","225.6000","","","171413"
"25248","AUSL","Aditya Ultra Steel Ltd","SM","5.0000","2000","ES","E","NSE","18.3500","16.6500","","","812123"
"25252","KROSS","Kross Limited","EQ","1.0000","1","ES","E","NSE","189.9300","126.6300","","","631740"
"544252","BAJAJHFL","Bajaj Housing Finance","A","1.0000","1","ES","E","BSE","80.3900","65.7900","","","1366502"
"544253","KROSS","Kross Limited","B","5.0000","1","ES","E","BSE","190.0500","126.7500","","","631740"
"544251","SSL","Share Samadhan Limited","M","1.0000","1600","ES","E","BSE","43.2300","28.8300","","","80000"
"25235","XTGLOBAL","Xtglobal Infotech Limited","EQ","1.0000","1","ES","E","NSE","31.3800","20.9200","","","3824000"
"25244","GAJANAND","Gajanand International L","SM","5.0000","3000","ES","E","NSE","7.7000","5.2000","","","615923"
"25270","BAJAJHFL","Bajaj Housing Finance","EQ","1.0000","1","ES","E","NSE","80.3900","65.7900","","","1366502"
"544254","TOLINS","Tolins Tyres Limited","B","1.0000","1","ES","E","BSE","101.4000","67.6000","","","1184119"
"544256","PNGJL","P N Gadgil Jewellers Limited","B","5.0000","1","ES","E","BSE","579.7000","474.3000","","","188227"
"6913","RPPL","Rajshree Polypack Ltd","EQ","1.0000","1","ES","E","NSE","18.6900","12.4700","","","2427778"
"25306","SPPPOLY","SPP Polymer Limited","SM","5.0000","2000","ES","E","NSE","11.3000","10.3000","","","503290"
"25312","PNGJL","P N Gadgil Jewellers Ltd","EQ","5.0000","1","ES","E","NSE","584.0000","477.9000","","","188227"
"25320","INNOMET","Innomet Advanced Materi L","SM","5.0000","600","ES","E","NSE","85.9000","57.3000","","","423142"
"25327","EXCELLENT","Excellent Wires N Pack L","ST","5.0000","1600","ES","E","NSE","101.2000","91.6000","","","146168"
"532641","NDL","Nandan Denim","B","1.0000","1","ES","E","BSE","2.2000","1.4800","","","47136123"
"31258","NDL","Nandan Denim","EQ","1.0000","1","ES","E","NSE","2.2000","1.4800","","","47136123"
"511628","FEDDERSHOL","Fedders holding","B","1.0000","1","ES","E","BSE","37.8100","25.2100","","","80000"
"544257","SAFE","Sodhani Academy Of Fintech Ena","M","5.0000","500","ES","E","BSE","182.4000","121.6000","","","80000"
"539217","SRESTHA","Srestha Finvest","X","1.0000","1","ES","E","BSE","0.2200","0.1600","","","80000"
"25426","NORTHARC","Northern Arc Capital Ltd","EQ","1.0000","1","ES","E","NSE","248.2200","165.4800","","","483423"
"25421","DECCANTRAN","Deccan Transcon Leasing L","SM","5.0000","1200","ES","E","NSE","19.9000","13.3000","","","743056"
"25403","WCIL","Western Carriers (Ind) L","EQ","1.0000","1","ES","E","NSE","93.4400","62.3000","","","1284125"
"544260","NORTHARC","Northern Arc Capital Ltd.","A","5.0000","1","ES","E","BSE","247.9500","165.3500","","","483423"
"25412","ENVIRO","Envirotech Systems Ltd","SM","5.0000","1000","ES","E","NSE","117.4500","78.3500","","","614432"
"25408","PELATRO","Pelatro Limited","SM","5.0000","300","ES","E","NSE","324.0000","216.0000","","","346534"
"25386","OSELDEVICE","Osel Devices Limited","SM","5.0000","200","ES","E","NSE","533.5000","482.7000","","","196799"
"25398","ARKADE","Arkade Developers Limited","EQ","1.0000","1","ES","E","NSE","113.7900","75.8700","","","1054383"
"544261","ARKADE","Arkade Developers Limited","B","1.0000","1","ES","E","BSE","113.6400","75.7600","","","1054383"
"544259","PFL","Popular Foundations Limited","M","1.0000","3000","ES","E","BSE","30.3200","20.2200","","","80000"
"544258","WCIL","Western Carriers (India) Limit","B","1.0000","1","ES","E","BSE","93.6600","62.4400","","","1284125"
"25431","PSFL","Paramount Speciali Forg L","SM","5.0000","2000","ES","E","NSE","28.2000","18.8000","","","643601"
"530585","SWASTIKA","Swastika Investmart","X","1.0000","1","ES","E","BSE","59.2400","39.5000","","","80000"
"25446","KALANA","Kalana Ispat Limited","ST","5.0000","2000","ES","E","NSE","21.3500","19.3500","","","426381"
"540492","STARLENT","Starlineps Enterprises","T","1.0000","1","ES","E","BSE","10.9700","9.9300","","","80000"
"25528","SDREAMS","S D Retail Limited","SM","5.0000","1000","ES","E","NSE","82.6500","55.1500","","","612222"
"25520","AVIANSH","AVI Ansh Textile Limited","SM","5.0000","1000","ES","E","NSE","131.7500","87.8500","","","457045"
"530073","SANGHVIMOV","Sanghvi Movers","B","5.0000","1","ES","E","BSE","280.9500","187.3500","","","428724"
"25513","PHOGLOBAL","Phoenix Overseas Limited","SM","5.0000","2000","ES","E","NSE","18.6500","12.4500","","","632614"
"25503","INDOUS","Indo Us Biotech Ltd","EQ","1.0000","1","ES","E","NSE","117.8500","78.5700","","","655700"
"25527","BIKEWO","Bikewo Green Tech Limited","ST","5.0000","2000","ES","E","NSE","17.8500","16.1500","","","426514"
"14058","SANGHVIMOV","Sanghvi Movers","EQ","1.0000","1","ES","E","NSE","279.9000","186.6000","","","428724"
"25597","MANBA","Manba Finance Limited","EQ","1.0000","1","ES","E","NSE","120.6100","80.4100","","","994891"
"25605","WOL3D","WOL 3D India Limited","ST","5.0000","1000","ES","E","NSE","118.9500","107.6500","","","210980"
"25610","RAPPID","Rappid Valves (India) Ltd","SM","5.0000","600","ES","E","NSE","288.0000","192.0000","","","169777"
"544262","MANBA","Manba Finance Limited","B","5.0000","1","ES","E","BSE","120.4500","80.3500","","","994891"
"531889","NWIL","Integrated Technologies L","X","1.0000","1","ES","E","BSE","41.9500","27.9700","","","80000"
"25652","TECHERA","Techera Engineer (Ind) L","SM","5.0000","800","ES","E","NSE","197.0000","178.3000","","","532898"
"544263","KRN","KRN Heat Exchanger And Refrige","A","5.0000","1","ES","E","BSE","1022.3000","681.6000","","","117351"
"25626","UYFINCORP","U. Y. Fincorp Limited","EQ","1.0000","1","ES","E","NSE","13.8900","9.2700","","","6220793"
"25648","THESL","Thinking Hats Enter Sol L","SM","5.0000","3000","ES","E","NSE","12.6000","11.4000","","","408329"
"25633","UNILEX","Unilex Colours And Chem L","SM","5.0000","1600","ES","E","NSE","26.4000","17.6000","","","445275"
"25643","KRN","KRN Heat Exchange N Ref L","EQ","5.0000","1","ES","E","NSE","1022.2000","681.5000","","","117351"
"25664","FORGEAUTO","Forge Auto Internation L","SM","5.0000","1200","ES","E","NSE","71.9000","65.1000","","","357083"
"544265","NEXXUS","Nexxus Petro Industries Limite","M","1.0000","1200","ES","E","BSE","117.7900","78.5300","","","80000"
"13409","GPIL","Godawari Pow & Isp","EQ","5.0000","1","ES","E","NSE","322.5500","215.0500","","","371827"
"544264","DIFFNKG","Diffusion Engineers Limited","B","5.0000","1","ES","E","BSE","298.8000","199.2000","","","400311"
"25677","DIVYADHAN","Divyadhan Recycling Ind L","SM","5.0000","2000","ES","E","NSE","20.1000","18.2000","","","467829"
"532734","GPIL","Godawari Power & Ispat","A","5.0000","1","ES","E","BSE","322.9000","215.3000","","","371827"
"25672","DIFFNKG","Diffusion Engineers Ltd","EQ","1.0000","1","ES","E","NSE","299.7600","199.8400","","","400311"
"25668","SAHASRA","Sahasra Electronic Solu L","SM","5.0000","400","ES","E","NSE","232.9000","155.3000","","","515175"
"25712","SAJHOTELS","SAJ Hotels Limited","SM","5.0000","2000","ES","E","NSE","45.5000","30.4000","","","527287"
"25708","HVAX","Hvax Technologies Limited","SM","5.0000","150","ES","E","NSE","786.4500","711.5500","","","90803"
"530053","REALECO","Real Eco-Energy","X","1.0000","1","ES","E","BSE","5.0600","3.3800","","","80000"
"25716","PARAMOUNT","Paramount Dye Tec Limited","SM","5.0000","1200","ES","E","NSE","40.2000","26.8000","","","227024"
"544267","SUBAM","Subam Papers Limited","M","5.0000","800","ES","E","BSE","169.2000","112.8000","","","80000"
"500378","JINDALSAW","Jindal Saw","A","5.0000","1","ES","E","BSE","219.9000","146.6000","","","545500"
"3024","JINDALSAW","Jindal Saw","EQ","1.0000","1","ES","E","NSE","219.7400","146.5000","","","545500"
"544269","NPFL","Neopolitan Pizza And Foods Lim","M","1.0000","6000","ES","E","BSE","7.3200","6.6400","","","80000"
"25737","SRD","Shankar Lal Rampal Ltd","EQ","1.0000","1","ES","E","NSE","46.5700","31.0500","","","2091713"
"540243","NEWLIGHT","New Light Industries","X","1.0000","1","ES","E","BSE","1.4500","0.9700","","","80000"
"544270","KGVL","Khyati Global Ventures Limited","M","1.0000","1200","ES","E","BSE","47.6400","31.7600","","","80000"
"530525","RRETAIL","Sheetal Diamonds","X","1.0000","1","ES","E","BSE","2.7000","2.4600","","","80000"
"25800","GARUDA","Garuda Construct N Eng L","EQ","1.0000","1","ES","E","NSE","159.3200","106.2200","","","753172"
"544272","SHIVTEXCHEM","Shiv Texchem","M","5.0000","400","ES","E","BSE","117.7500","106.5500","","","80000"
"544271","GARUDA","Garuda Construction And Engine","B","5.0000","1","ES","E","BSE","159.4500","106.3500","","","753172"
"16589","VAISHALI","Vaishali Pharma","EQ","1.0000","1","ES","E","NSE","5.8500","3.9100","","","4266111"
"512165","ABANSENT","Abans Enterprises","X","1.0000","1","ES","E","BSE","24.2700","16.1900","","","80000"
"539598","CGFL","Credent Global Finance","X","1.0000","1","ES","E","BSE","33.5000","22.3400","","","80000"
"532626","POCL","Pondy Oxides & Chemicals","B","5.0000","1","ES","E","BSE","1215.7000","810.5000","","","98887"
"14385","POCL","Pondy Oxides & Chem Ltd","EQ","10.0000","1","ES","E","NSE","1213.4000","809.0000","","","98887"
"505336","HARSHILAGR","Harshil Agrotech","X","1.0000","1","ES","E","BSE","0.3700","0.2500","","","80000"
"25818","PRANIK","Pranik Logistics Limited","SM","5.0000","1600","ES","E","NSE","44.4000","29.6000","","","360031"
"25807","LLOYDSENT","Lloyds Enterprises Ltd","EQ","1.0000","1","ES","E","NSE","49.6500","33.1100","","","2416231"
"531869","SACHEMT","Sacheta Metals","X","1.0000","1","ES","E","BSE","4.5100","3.0100","","","80000"
"25835","VINCOFE","Vintage Coffee N Bvrgs L","EQ","1.0000","1","ES","E","NSE","158.7100","105.8100","","","755990"
"509631","HEG","HEG","A","5.0000","1","ES","E","BSE","650.8000","433.9000","","","184293"
"1336","HEG","HEG","EQ","5.0000","1","ES","E","NSE","650.8500","433.9500","","","184293"
"542592","HBEL","Humming Bird Education Li","M","1.0000","1250","ES","E","BSE","15.7600","14.2600","","","80000"
"25844","HYUNDAI","Hyundai Motor India Ltd","EQ","10.0000","1","ES","E","NSE","1955.8000","1600.2000","","","56065"
"544274","HYUNDAI","Hyundai Motor India Limited","A","5.0000","1","ES","E","BSE","1955.8500","1600.2500","","","56065"
"25860","LAKSHYA","Lakshya Powertech Limited","SM","5.0000","800","ES","E","NSE","91.1000","60.8000","","","329744"
"25855","AFFORDABLE","Afford Robo & Auto Ltd","EQ","1.0000","1","ES","E","NSE","145.0400","96.7000","","","367752"
"25871","FRESHARA","Freshara Agro Exports Ltd","ST","5.0000","600","ES","E","NSE","172.9500","156.5500","","","606960"
"524542","SUKHJITS","Sukhjit Starch & Chemical","B","5.0000","1","ES","E","BSE","186.0000","124.0000","","","647438"
"539195","POEL","Pocl Enterprises","X","5.0000","1","ES","E","BSE","175.5000","117.0000","","","80000"
"11804","SUKHJITS","Sukhjit Starch & Chem Ltd","EQ","1.0000","1","ES","E","NSE","185.3400","123.5600","","","647438"
"539519","SATTVASUKU","Mayukh Dealtrade","X","1.0000","1","ES","E","BSE","0.8700","0.5900","","","80000"
"25892","DBEIL","Deepak builders and engineers","EQ","1.0000","1","ES","E","NSE","64.3800","42.9200","","","1523194"
"25907","WAAREEENER","Waaree energies","EQ","10.0000","1","ES","E","NSE","3420.7000","2798.9000","","","31928"
"544276","DBEIL","Deepak Builders and engineers","B","1.0000","1","ES","E","BSE","64.3500","42.9100","","","1523194"
"25898","PREMIUM","Premium Plast Limited","SM","5.0000","3000","ES","E","NSE","35.7500","23.8500","","","624475"
"544277","WAAREEENER","Waaree Energies","A","5.0000","1","ES","E","BSE","3417.9000","2796.5000","","","31928"
"25918","OCCLLTD","Occl Limited","EQ","1.0000","1","ES","E","NSE","95.1100","63.4100","","","1261648"
"25923","OBSCP","Obsc Perfection Limited","SM","5.0000","400","ES","E","NSE","336.7000","224.5000","","","356369"
"544278","OCCLLTD","Occl Limited","B","1.0000","1","ES","E","BSE","96.9000","64.6000","","","1261648"
"25935","UHTL","United Heat Transfer Ltd","SM","5.0000","2000","ES","E","NSE","52.8000","35.2000","","","621430"
"25927","DANISH","Danish Power Limited","SM","5.0000","150","ES","E","NSE","668.4500","445.6500","","","179508"
"511768","MASTERTR","Master trust","B","1.0000","1","ES","E","BSE","67.7200","45.1600","","","1774874"
"13982","JASH","Jash Engineering Limited","EQ","5.0000","1","ES","E","NSE","413.8000","275.9000","","","289929"
"544279","GODAVARIB","Godavari biorefineries","B","5.0000","1","ES","E","BSE","356.9000","238.0000","","","338682"
"10293","KCK","KCK Industries Ltd","SM","5.0000","2500","ES","E","NSE","12.9500","10.6500","","","2079775"
"25941","GODAVARIB","Godavari biorefineries","EQ","5.0000","1","ES","E","NSE","354.3000","236.2000","","","338682"
"25952","USHAFIN","Usha Financial Services L","SM","5.0000","1600","ES","E","NSE","33.5500","27.4500","","","1421641"
"534535","META","String Metaverse","T","5.0000","1","ES","E","BSE","114.7000","103.8000","","","80000"
"538875","SELLWIN","Sellwin Traders","X","1.0000","1","ES","E","BSE","5.1500","4.6700","","","80000"
"25977","AFCONS","Afcons Infrastructure Ltd","EQ","5.0000","1","ES","E","NSE","325.9000","217.3000","","","368152"
"544280","AFCONS","Afcons Infrastructure Limited","A","5.0000","1","ES","E","BSE","325.0500","216.7500","","","368152"
"514354","PREMIERPOL","Premier Polyfilm","B","1.0000","1","ES","E","BSE","75.1000","50.0800","","","1593028"
"3908","PREMIERPOL","Premier Polyfilm","EQ","1.0000","1","ES","E","NSE","75.3200","50.2200","","","1593028"
"526506","SYSTMTXC","Systematix Corporate Serv","B","1.0000","1","ES","E","BSE","59.4000","48.6000","","","1899243"
"25984","AVL","Aditya Vision Limited","EQ","5.0000","1","ES","E","NSE","573.7000","382.5000","","","209074"
"532467","HAZOOR","Hazoor Multi Projects","B","1.0000","1","ES","E","BSE","28.2200","18.8200","","","80000"
"9049","ROTO","Roto Pumps Limited","EQ","1.0000","1","ES","E","NSE","57.6800","38.4600","","","2080251"
"523105","CROPSTER","Planter Polysacks","B","1.0000","1","ES","E","BSE","5.7300","5.1900","","","80000"
"544053","MOTISONS","Motisons Jewellers","B","1.0000","1","ES","E","BSE","12.9800","8.6600","","","9233250"
"517500","ROTO","Roto Pumps","B","1.0000","1","ES","E","BSE","57.6000","38.4000","","","2080251"
"20788","MOTISONS","Motisons Jewellers Ltd","EQ","1.0000","1","ES","E","NSE","12.9900","8.6700","","","9233250"
"544281","ABINFRA","A B Infrabuild","B","1.0000","1","ES","E","BSE","17.3600","14.2200","","","6373201"
"27052","SAGILITY","Sagility","EQ","1.0000","1","ES","E","NSE","47.9400","31.9600","","","2499829"
"7835","WEL","Wonder Electricals Ltd","EQ","1.0000","1","ES","E","NSE","115.1200","76.7600","","","1042314"
"544282","SAGILITY","Sagility India","A","1.0000","1","ES","E","BSE","47.9200","31.9600","","","2499829"
"27047","MASTERTR","Master trust","EQ","1.0000","1","ES","E","NSE","67.6000","45.0800","","","1774874"
"543449","WEL","Wonder Electricals Limited","B","1.0000","1","ES","E","BSE","116.3400","77.5600","","","1042314"
"27066","SWIGGY","Swiggy Limited","EQ","5.0000","1","ES","E","NSE","286.0500","234.0500","","","383683"
"544283","ACMESOLAR","Acme Solar Holdings Limited","A","5.0000","1","ES","E","BSE","287.6500","235.3500","","","381762"
"27061","ACMESOLAR","Acme Solar Holdings Ltd","EQ","5.0000","1","ES","E","NSE","287.8000","235.5000","","","381762"
"544285","SWIGGY","Swiggy Limited","A","5.0000","1","ES","E","BSE","285.8000","233.9000","","","383683"
"531067","CONTILI","Contil India","X","1.0000","1","ES","E","BSE","29.1300","23.8500","","","80000"
"27079","KPEL","K.P. Energy Limited","EQ","1.0000","1","ES","E","NSE","299.8200","199.8800","","","400234"
"534600","JTLIND","JTL Industries","B","1.0000","1","ES","E","BSE","48.9000","32.6000","","","2450863"
"544286","NIVABUPA","Niva Bupa Health Insurance Com","A","1.0000","1","ES","E","BSE","84.1400","56.1000","","","1422541"
"505750","JOSTS","Josts Eng.","X","5.0000","1","ES","E","BSE","231.6000","154.4000","","","80000"
"7287","JTLIND","JTL Industries","EQ","1.0000","1","ES","E","NSE","48.9600","32.6400","","","2450863"
"27097","NIVABUPA","Niva Bupa Health Ins Co L","EQ","1.0000","1","ES","E","NSE","84.2500","56.1700","","","1422541"
"27123","NEELAM","Neelam Linens & Gar (I) L","SM","5.0000","6000","ES","E","NSE","10.6000","9.6000","","","661128"
"544287","MANGALCOMP","Mangal Compusolution Limited","M","1.0000","3000","ES","E","BSE","63.3000","42.2000","","","80000"
"543828","SUDARSHAN","Sudarshan Pharma Industries Li","M","1.0000","4000","ES","E","BSE","25.4500","23.0300","","","80000"
"544288","BLACKBUCK","BlackBuck","A","5.0000","1","ES","E","BSE","691.8500","461.2500","","","173315"
"27136","ONYX","Onyx Biotec Limited","SM","5.0000","2000","ES","E","NSE","40.8000","27.2000","","","592922"
"27144","BLACKBUCK","BlackBuck","EQ","5.0000","1","ES","E","NSE","692.2500","461.5500","","","173315"
"500124","DRREDDY","Dr. Reddys Laboratories","A","5.0000","1","ES","E","BSE","1380.1000","1129.2000","","","79291"
"881","DRREDDY","Dr. Reddys Laboratories","EQ","10.0000","1","ES","E","NSE","1380.3000","1129.5000","","","79291"
"27176","NTPCGREEN","NTPC Green Energy","EQ","1.0000","1","ES","E","NSE","110.7800","73.8600","","","1078570"
"27171","RACLGEAR","Racl geartech","EQ","10.0000","1","ES","E","NSE","1326.0000","1085.0000","","","82952"
"544289","NTPCGREEN","NTPC Green Energy","A","1.0000","1","ES","E","BSE","110.9500","73.9700","","","1078570"
"531597","MIDPOLY","Midland Polymers Ltd.","XT","1.0000","1","ES","E","BSE","1.5000","0.1500","","","80000"
"544290","EIEL","Enviro Infra Engineers","A","5.0000","1","ES","E","BSE","168.7500","112.5500","","","712300"
"27218","LAMOSAIC","Lamosaic India Limited","SM","5.0000","600","ES","E","NSE","24.8000","16.6000","","","338052"
"27213","EIEL","Enviro infra engineers","EQ","1.0000","1","ES","E","NSE","168.4600","112.3200","","","712300"
"27266","ITTL","Innovative Tyre & Tube Lt","ST","5.0000","105","ES","E","NSE","101.2000","97.3000","","","326999"
"544291","RAJESH","Rajesh Power Services Limited","M","5.0000","100","ES","E","BSE","907.1000","604.8000","","","80000"
"27269","RAJPUTANA","Rajputana Biodiesel Ltd","SM","5.0000","500","ES","E","NSE","257.3000","171.6000","","","229995"
"27274","C2C","C2C Advanced Systems Ltd","SM","5.0000","150","ES","E","NSE","436.7000","291.2000","","","274752"
"27288","APEXECO","Apex Ecotech Limited","SM","5.0000","800","ES","E","NSE","125.5000","83.7000","","","431156"
"27284","ABHAPOWER","Abha Power N Steel Ltd","SM","5.0000","1600","ES","E","NSE","28.5500","19.0500","","","607822"
"27309","AGARWALTUF","Agarwal Tough Glass Ind L","SM","5.0000","1200","ES","E","NSE","102.8000","68.6000","","","577959"
"544293","SURAKSHA","Suraksha Diagnostic Limited","B","5.0000","1","ES","E","BSE","273.6500","182.4500","","","438676"
"27339","GANESHIN","Ganesh Infraworld Limited","SM","5.0000","800","ES","E","NSE","70.4000","63.7000","","","1396989"
"27334","SURAKSHA","Suraksha diagnostic","EQ","1.0000","1","ES","E","NSE","273.5400","182.3600","","","438676"
"27353","ROSSTECH","Rossell Techsys Limited","EQ","5.0000","1","ES","E","NSE","801.2000","534.2000","","","149730"
"544294","ROSSTECH","Rossell Techsys Limited","B","5.0000","1","ES","E","BSE","799.3000","532.9000","","","149730"
"1415","GLOBAL","Global Education Limited","EQ","1.0000","1","ES","E","NSE","111.3800","74.2600","","","1077330"
"543499","ACHYUT","Achyut Healthcare Limited","B","1.0000","1","ES","E","BSE","6.3200","4.2200","","","80000"
"543976","SHRAAITECH","Shradha Ai Technologies Limite","X","1.0000","1","ES","E","BSE","34.1100","22.7500","","","80000"
"708","SHRADHA","Shradha Infraprojects Ltd","EQ","1.0000","1","ES","E","NSE","32.4600","21.6400","","","2648620"
"544296","NISUS","Nisus Finance Services","M","5.0000","400","ES","E","BSE","212.4000","173.8000","","","80000"
"27571","ODIGMA","Odigma Consultancy Sol L","EQ","1.0000","1","ES","E","NSE","22.7400","18.6200","","","1022151"
"27629","ETML","Emerald Tyre Manuf Ltd","SM","5.0000","1200","ES","E","NSE","88.9500","59.3500","","","636881"
"544301","ODIGMA","Odigma Consultancy Solutions","B","1.0000","1","ES","E","BSE","22.6700","18.5500","","","1022151"
"27723","DHANLAXMI","Dhanlaxmi Crop Science L","SM","5.0000","2000","ES","E","NSE","27.1500","18.1500","","","533925"
"544304","JUNGLECAMP","Jungle Camps India","MT","1.0000","1600","ES","E","BSE","46.3000","41.9000","","","80000"
"544302","INNOVANA","Innovana Thinklabs Limited","B","5.0000","1","ES","E","BSE","384.0500","256.0500","","","310499"
"544303","TTC","Toss The Coin Limited","M","5.0000","300","ES","E","BSE","315.0000","210.0000","","","80000"
"540693","SHISHIND","Shish Industries","T","1.0000","1","ES","E","BSE","13.3800","12.1200","","","80000"
"27969","VMM","Vishal Mega Mart","EQ","1.0000","1","ES","E","NSE","115.8300","94.7700","","","948642"
"544306","SAILIFE","Sai Life Sciences","A","5.0000","1","ES","E","BSE","1164.6500","776.4500","","","102707"
"28046","MOBIKWIK","One Mobikwik Systems","EQ","1.0000","1","ES","E","NSE","186.0800","124.0600","","","644800"
"28069","SFML","Supreme Facility Mgmt Ltd","SM","5.0000","1600","ES","E","NSE","21.2000","14.2000","","","811914"
"27839","SAILIFE","Sai Life Sciences","EQ","5.0000","1","ES","E","NSE","1166.4000","777.6000","","","102707"
"544307","VMM","Vishal Mega Mart","A","5.0000","1","ES","E","BSE","115.8000","94.8000","","","948642"
"28028","PURPLEUTED","Purple United Sales Ltd","SM","5.0000","250","ES","E","NSE","256.8500","232.4500","","","314240"
"544305","MOBIKWIK","One Mobikwik Systems","B","5.0000","1","ES","E","BSE","186.5000","124.4000","","","644800"
"544309","IKS","Inventurus Knowledge Solutions","A","5.0000","1","ES","E","BSE","1593.7500","1062.5500","","","75149"
"544310","YASHHV","Yash Highvoltage Limited","M","5.0000","250","ES","E","BSE","501.3000","334.2000","","","80000"
"28125","IKS","Inventurus Knowledge So L","EQ","10.0000","1","ES","E","NSE","1594.0000","1062.8000","","","75149"
"544312","HAMPS","Hamps Bio Limited","M","1.0000","4000","ES","E","BSE","19.8600","13.2400","","","80000"
"544311","IGIL","International Gemmological Institute","A","5.0000","1","ES","E","BSE","349.8000","286.2000","","","314180"
"28378","IGIL","International Gemmological Institute","EQ","5.0000","1","ES","E","NSE","349.7000","286.2000","","","314180"
"28314","ANUHPHR","Anuh Pharma","EQ","1.0000","1","ES","E","NSE","80.4000","53.6000","","","1492535"
"544313","NACDAC","Nacdac Infrastructure Limited","M","1.0000","4000","ES","E","BSE","24.3100","19.8900","","","80000"
"28574","IDENTICAL","Identical Brains Studio L","SM","5.0000","2000","ES","E","NSE","18.9000","12.6000","","","458648"
"28714","TRANSRAILL","Transrail Lighting","EQ","5.0000","1","ES","E","NSE","542.4000","361.6000","","","221119"
"544316","DAMCAPITAL","Dam Capital Advisors","B","5.0000","1","ES","E","BSE","148.0000","98.7000","","","811263"
"544318","MAMATA","Mamata Machinery","B","5.0000","1","ES","E","BSE","358.6000","239.1000","","","334149"
"28805","SANATHAN","Sanathan Textiles","EQ","5.0000","1","ES","E","NSE","404.4000","330.9000","","","271949"
"544317","TRANSRAILL","Transrail Lighting","A","5.0000","1","ES","E","BSE","542.2000","361.5000","","","221119"
"28687","MAMATA","Mamata Machinery Limited","EQ","5.0000","1","ES","E","NSE","359.1000","239.4000","","","334149"
"28662","DAMCAPITAL","Dam Capital Advisors","EQ","1.0000","1","ES","E","NSE","147.9100","98.6100","","","811263"
"28764","CEWATER","Concord Enviro Systems","EQ","5.0000","1","ES","E","NSE","304.8000","203.2000","","","393683"
"544314","SANATHAN","Sanathan Textiles","B","5.0000","1","ES","E","BSE","396.1500","324.1500","","","271949"
"544315","CEWATER","Concord Enviro Systems","B","5.0000","1","ES","E","BSE","303.6000","202.4000","","","393683"
"28801","NMSTEEL","Newmalayalam Steel Ltd","SM","5.0000","1600","ES","E","NSE","22.3500","14.9500","","","565304"
"544308","HILLTONE","Hilltone Software And Gases Lt","X","1.0000","1","ES","E","BSE","50.5900","45.7900","","","80000"
"28888","SENORES","Senores Pharmaceuticals","EQ","5.0000","1","ES","E","NSE","911.5000","607.7000","","","131621"
"28847","VENTIVE","Ventive Hospitality","EQ","5.0000","1","ES","E","NSE","603.7500","494.0500","","","182162"
"28879","CARRARO","Carraro India","EQ","5.0000","1","ES","E","NSE","555.7000","370.5000","","","215922"
"544319","SENORES","Senores Pharmaceuticals","B","5.0000","1","ES","E","BSE","909.4500","606.3500","","","131621"
"544321","VENTIVE","Ventive Hospitality","B","5.0000","1","ES","E","BSE","603.6500","493.9500","","","182162"
"544320","CARRARO","Carraro India","B","5.0000","1","ES","E","BSE","564.5000","376.4000","","","215922"
"28960","UNIMECH","Unimech Aerospace and Manufacturing","EQ","5.0000","1","ES","E","NSE","776.9000","635.7000","","","141534"
"544322","UNIMECH","Unimech Aerospace and Manufacturing","B","5.0000","1","ES","E","BSE","777.3000","636.0000","","","141534"
"543372","GETALONG","Getalong Enterprise Limited","MT","1.0000","5000","ES","E","BSE","4.5100","4.0900","","","80000"
"28983","ANYA","Anya Polytech & Ferti Ltd","SM","5.0000","5000","ES","E","NSE","19.6000","13.1000","","","3923999"
"544324","CITICHEM","Citichem India Limited","M","1.0000","2000","ES","E","BSE","14.4000","9.6000","","","80000"
"512025","BANGANGA","Inertia Steel","X","1.0000","1","ES","E","BSE","49.0400","32.7000","","","80000"
"523888","VRWODAR","V R Woodart","X","5.0000","1","ES","E","BSE","117.2500","106.1500","","","80000"
"544328","INDOFARM","Indo Farm Equipment","B","5.0000","1","ES","E","BSE","133.2500","88.8500","","","899574"
"544327","TECHNICHEM","Technichem Organics Limited","M","1.0000","2000","ES","E","BSE","68.4000","45.6000","","","80000"
"29025","INDOFARM","Indo Farm Equipment","EQ","1.0000","1","ES","E","NSE","133.3900","88.9300","","","899574"
"544329","VANDU","Leo Dryfruits & Spices Trading","M","1.0000","2000","ES","E","BSE","49.2100","32.8100","","","80000"
"544331","DAVIN","Davin Sons Retail Limited","M","1.0000","2000","ES","E","BSE","29.4000","19.6000","","","80000"
"544330","PARMESHWAR","Parmeshwar Metal Limited","M","5.0000","2000","ES","E","BSE","122.0000","99.9000","","","80000"
"4306","SHRIRAMFIN","Shriram Finance Limited","EQ","5.0000","1","ES","E","NSE","959.3000","784.9000","","","112893"
"511218","SHRIRAMFIN","Shriram Finance Limited","A","5.0000","1","ES","E","BSE","959.3000","784.9000","","","112893"
"544332","FABCLEAN","Fabtech Technologies Cleanrooms","M","5.0000","400","ES","E","BSE","254.8500","169.9500","","","80000"
"544333","SETL","Standard Engineering Technology","B","5.0000","1","ES","E","BSE","126.5000","84.4000","","","946388"
"512393","SHARDUL","Shardul Securities","X","1.0000","1","ES","E","BSE","26.0400","17.3600","","","80000"
"544334","INDOBELL","Indobell Insulations Limited","M","1.0000","750","ES","E","BSE","82.7500","55.1700","","","80000"
"29075","SETL","Standard Glass Lining Technology","EQ","1.0000","1","ES","E","NSE","126.7800","84.5200","","","946388"
"29124","PCJEWELLER","Pc Jeweller Ltd","EQ","1.0000","1","ES","E","NSE","9.0800","6.0600","","","13203587"
"29087","QUADFUTURE","Quadrant Future Tek","EQ","5.0000","1","ES","E","NSE","321.7500","214.5500","","","372919"
"29092","DELTIC","Delta Autocorp Limited","SM","5.0000","1000","ES","E","NSE","34.1000","22.8000","","","499973"
"534809","PCJEWELLER","PC Jeweller","A","1.0000","1","ES","E","BSE","9.0200","6.0200","","","13203587"
"544335","BRGIL","B.R.Goyal Infrastructure Limit","M","5.0000","1000","ES","E","BSE","132.6000","88.4000","","","80000"
"544336","QUADFUTURE","Quadrant Future Tek","B","5.0000","1","ES","E","BSE","321.4500","214.3500","","","372919"
"539122","BODHTREE","Bodhtree Consulting Limited","XT","1.0000","1","ES","E","BSE","13.7000","12.4000","","","80000"
"29098","DDEVPLSTIK","Ddev Plastiks Industries","EQ","1.0000","1","ES","E","NSE","227.2200","151.4800","","","528041"
"530881","ABVL","Arunjyoti Bio Ventures","X","1.0000","1","ES","E","BSE","7.0700","5.7900","","","80000"
"29151","SATKARTAR","SAT Kartar Shopping Ltd","SM","5.0000","800","ES","E","NSE","180.3000","120.2000","","","514857"
"29146","NAVKARURB","Navkar Urbanstructure Ltd","EQ","1.0000","1","ES","E","NSE","0.7600","0.7000","","","36692356"
"532976","JAIBALAJI","Jai Balaji Industries","A","1.0000","1","ES","E","BSE","64.9600","43.3200","","","1846408"
"11256","JAIBALAJI","JAI Balaji Industries Ltd","EQ","1.0000","1","ES","E","NSE","64.9600","43.3200","","","1846408"
"544339","LAXMIDENTL","Laxmi Dental Limited","B","5.0000","1","ES","E","BSE","188.9000","126.0000","","","631899"
"29171","LAXMIDENTL","Laxmi Dental Limited","EQ","1.0000","1","ES","E","NSE","189.9000","126.6000","","","631899"
"29176","BARFLEX","Barflex Polyfilms Limited","SM","5.0000","2000","ES","E","NSE","72.0500","48.0500","","","809292"
"533107","SWANDEF","Reliance Naval & Engg","T","5.0000","1","ES","E","BSE","1672.8000","1513.5000","","","62744"
"29164","SWANDEF","Swan Defence N Hevy Ind L","BE","10.0000","1","ES","E","NSE","1672.4000","1513.2000","","","62744"
"539607","BLUECLOUDS","Blue Cloud Softech","B","1.0000","1","ES","E","BSE","21.6400","14.4400","","","80000"
"29192","KKJEWELS","Kabra Jewels Limited","SM","5.0000","1000","ES","E","NSE","105.6000","70.4000","","","342859"
"544340","RIKHAV","Rikhav Securities Limited","M","1.0000","1600","ES","E","BSE","47.3700","31.5900","","","80000"
"29204","STALLION","Stallion Ind Fluorochem L","EQ","1.0000","1","ES","E","NSE","107.5900","97.3500","","","975816"
"544342","STALLION","Stallion India Fluorochemicals","B","5.0000","1","ES","E","BSE","107.5500","97.3500","","","975816"
"544341","LGLL","Landmark Global Learning","M","1.0000","1600","ES","E","BSE","25.0500","22.6700","","","80000"
"523019","BNRSEC","B.N.Rathi Securities","X","1.0000","1","ES","E","BSE","13.5600","9.0400","","","80000"
"29229","EMAPARTNER","EMA Partners India Ltd","SM","5.0000","1000","ES","E","NSE","89.3000","59.6000","","","760158"
"543620","INA","Insolation Energy Limited","B","1.0000","1","ES","E","BSE","98.4600","65.6400","","","1216798"
"544292","ONESOURCE","Onesource Specialty Pharma","A","5.0000","1","ES","E","BSE","1619.5500","1325.1500","","","67855"
"29224","ONESOURCE","Onesource Specl Pharma L","EQ","10.0000","1","ES","E","NSE","1620.6000","1326.0000","","","67855"
"544343","CNINFOTECH","Capitalnumbers Infotech","M","1.0000","400","ES","E","BSE","96.1900","64.1300","","","80000"
"18866","MAZDA","Mazda","EQ","1.0000","1","ES","E","NSE","193.3400","128.9000","","","620654"
"523792","MAZDA","Mazda","B","5.0000","1","ES","E","BSE","192.0500","128.0500","","","620654"
"29270","REXPRO","Rexpro Enterprises Ltd","SM","5.0000","1000","ES","E","NSE","41.8500","37.9500","","","366451"
"544345","DENTA","Denta Water and Infra Solutions","B","5.0000","1","ES","E","BSE","269.7000","179.8000","","","444928"
"544325","ITCHOTELS","ITC Hotels","A","5.0000","1","ES","E","BSE","165.4500","110.3500","","","724843"
"29256","DENTA","Denta Water N Infra Sol L","EQ","1.0000","1","ES","E","NSE","269.7000","179.8000","","","444928"
"29251","ITCHOTELS","ITC Hotels Limited","EQ","1.0000","1","ES","E","NSE","165.4400","110.3000","","","724843"
"544346","RRECL","RDB Real Estate Constructions","X","5.0000","1","ES","E","BSE","146.9000","133.0000","","","80000"
"544347","CLN","CLN Energy Limited","M","5.0000","200","ES","E","BSE","319.3500","212.9500","","","80000"
"532605","JBMA","JBM Auto","A","5.0000","1","ES","E","BSE","618.3500","412.2500","","","193925"
"544348","GBLOGISTIC","Gb Logistics Commerce Limited","M","1.0000","1200","ES","E","BSE","36.8800","33.3800","","","80000"
"532140","MOHITE","Mohite Industries","X","1.0000","1","ES","E","BSE","2.3800","1.6000","","","80000"
"544349","HMEML","H.M. Electro Mech Limited","M","1.0000","1600","ES","E","BSE","38.2900","34.6500","","","80000"
"17271","SENCO","Senco Gold Limited","EQ","5.0000","1","ES","E","NSE","334.6000","223.1000","","","358572"
"11655","JBMA","JBM Auto","EQ","5.0000","1","ES","E","NSE","618.3000","412.2000","","","193925"
"543936","SENCO","Senco Gold Limited","A","5.0000","1","ES","E","BSE","334.5000","223.0000","","","358572"
"507946","KIDUJA","Kiduja","X","1.0000","1","ES","E","BSE","15.2100","13.7700","","","80000"
"29439","SUPREME","Supreme Holdings & Hospitality","EQ","1.0000","1","ES","E","NSE","53.8500","35.9100","","","1263752"
"544351","MALPANI","Malpani Pipes and Fittings","M","1.0000","1600","ES","E","BSE","68.4000","45.6000","","","80000"
"544344","SHRIPISTON","SHRIRAM PISTONS & RINGS LTD","A","5.0000","1","ES","E","BSE","3616.3500","2410.9500","","","33125"
"29452","AGARWALEYE","Dr. Agarwal's Health Care","EQ","5.0000","1","ES","E","NSE","487.8500","325.2500","","","245842"
"544350","AGARWALEYE","Dr. Agarwal's Health Care","A","5.0000","1","ES","E","BSE","487.3500","324.9500","","","245842"
"29459","MOSCHIP","MOSCHIP TECHNOLOGIES LTD","EQ","1.0000","1","ES","E","NSE","177.9100","118.6100","","","674369"
"543599","KSOLVES","Ksolves India Limited","B","5.0000","1","ES","E","BSE","296.7500","197.8500","","","403863"
"11060","KSOLVES","Ksolves India Limited","EQ","1.0000","1","ES","E","NSE","297.1200","198.0800","","","403863"
"532164","MINOLTAF","Minolta Finance","Z","1.0000","1","ES","E","BSE","1.5800","1.4400","","","80000"
"29472","PROTEAN","PROTEAN EGOV TECHNO LTD","EQ","5.0000","1","ES","E","NSE","535.6500","357.1500","","","224001"
"29492","ORCHASP","ORCHASP LIMITED","EQ","1.0000","1","ES","E","NSE","2.4800","1.6600","","","11328109"
"10568","RAMAPHO","Rama Phosphates Limited","EQ","1.0000","1","ES","E","NSE","125.0800","83.4000","","","959290"
"29487","NIBE","NIBE LIMITED","EQ","5.0000","1","ES","E","NSE","980.6000","653.8000","","","122361"
"29482","MCLOUD","MAGELLANIC CLOUD LIMITED","EQ","1.0000","1","ES","E","NSE","20.7700","18.8100","","","5053017"
"23230","ENSER","Enser Communications Ltd","SM","5.0000","5000","ES","E","NSE","10.6000","7.1000","","","2850151"
"524037","RAMAPHO","Rama Phosphates","B","5.0000","1","ES","E","BSE","124.5000","83.0000","","","959290"
"29541","CHAMUNDA","CHAMUNDA ELECTRICAL LTD","SM","5.0000","3000","ES","E","NSE","46.3500","30.9500","","","359850"
"14318","TTL","T T Limited","BE","1.0000","1","ES","E","NSE","8.7900","7.9700","","","8446767"
"514142","TTL","T T","T","1.0000","1","ES","E","BSE","8.7500","7.9300","","","8446767"
"29547","KEN","KEN ENTERPRISES LIMITED","SM","5.0000","1200","ES","E","NSE","37.6000","25.1000","","","803291"
"544353","AMWILL","Amwill Health Care Limited","MT","1.0000","1200","ES","E","BSE","30.3900","27.5100","","","80000"
"29561","READYMIX","READYMIX CONSTRU MACHI L","SM","5.0000","1000","ES","E","NSE","99.6000","66.4000","","","358342"
"544354","SOLARIUM","Solarium Green Energy","M","5.0000","300","ES","E","BSE","163.8500","109.2500","","","80000"
"29595","ELGNZ","ELEGANZ INTERIORS LIMITED","SM","5.0000","1000","ES","E","NSE","64.2500","42.8500","","","739007"
"12971","PRITIKA","Pritika Eng Compo Ltd","SM","5.0000","2000","ES","E","NSE","64.8000","43.2000","","","862136"
"29590","JUBLCPL","JUBILANT AGRI N CON PRO L","EQ","10.0000","1","ES","E","NSE","1779.6000","1186.4000","","","67428"
"29583","NATCAPSUQ","NATURAL CAPSULES LIMITED","EQ","1.0000","1","ES","E","NSE","173.2200","115.4800","","","339627"
"544355","JUBLCPL","Jubilant Agri and Consumer Pro","B","5.0000","1","ES","E","BSE","1790.3000","1193.6000","","","67428"
"29624","AJAXENGG","AJAX Engineering","EQ","5.0000","1","ES","E","NSE","444.5000","363.7000","","","247461"
"544356","AJAXENGG","AJAX Engineering","B","5.0000","1","ES","E","BSE","442.6000","362.2000","","","247461"
"29633","CHANDAN","CHANDAN HEALTHCARE LTD","SM","5.0000","800","ES","E","NSE","263.2500","175.5500","","","455786"
"4014","NAVA","Nava","EQ","5.0000","1","ES","E","NSE","637.7000","425.2000","","","187912"
"522231","CONART","Conart Engineers","X","1.0000","1","ES","E","BSE","75.1900","50.1300","","","80000"
"513023","NAVA","Nava","A","5.0000","1","ES","E","BSE","637.4000","425.0000","","","187912"
"29662","PSRAJ","P S RAJ STEELS LIMITED","SM","5.0000","1000","ES","E","NSE","280.5000","229.5000","","","246502"
"29666","HEXT","Hexaware Technologies","EQ","5.0000","1","ES","E","NSE","510.0000","340.0000","","","235241"
"29645","MAXVOLT","MAXVOLT ENERGY INDUS L","SM","5.0000","800","ES","E","NSE","286.4000","259.2000","","","356558"
"29658","VOLERCAR","VOLER CAR LIMITED","SM","5.0000","800","ES","E","NSE","227.7000","186.3000","","","364393"
"544362","HEXT","Hexaware Technologies","A","5.0000","1","ES","E","BSE","509.9000","340.0000","","","235241"
"544361","COVANCE","COVANCE SOFTSOL LIMITED","XT","5.0000","1","ES","E","BSE","171.3000","162.7500","","","80000"
"544365","SHANMUGA","Shanmuga Hospital","M","1.0000","2000","ES","E","BSE","42.2000","28.1400","","","80000"
"544364","BAJAJINDEF","Indef Manufacturing","B","5.0000","1","ES","E","BSE","252.4000","168.3000","","","472543"
"544366","LKMEHTA","L K Mehta Polymers","M","1.0000","1600","ES","E","BSE","54.7200","36.4800","","","80000"
"29678","BAJAJINDEF","INDEF MANUFACTURING LTD","EQ","1.0000","1","ES","E","NSE","253.9400","169.3000","","","472543"
"544367","QPOWER","QUALITY POWER ELECTRICAL EQUIP","B","5.0000","1","ES","E","BSE","963.3500","642.2500","","","124142"
"29727","ROYALARC","ROYAL ARC ELECTRODES LTD","SM","5.0000","1200","ES","E","NSE","202.5000","135.0000","","","362976"
"29711","QPOWER","QUALITY POWER ELEC EQUP L","EQ","5.0000","1","ES","E","NSE","966.6000","644.4000","","","124142"
"29723","TEJASCARGO","TEJAS CARGO INDIA LIMITED","SM","5.0000","400","ES","E","NSE","299.7000","271.2000","","","350316"
"29731","GUJTHEM","Gujarat Themis Biosyn","EQ","1.0000","1","ES","E","NSE","272.2800","181.5200","","","440655"
"544368","SWASTH","Swasth Foodtech India","M","1.0000","1200","ES","E","BSE","17.3000","11.5400","","","80000"
"533285","RDBIPL","RDB Infrastructure and Power","X","1.0000","1","ES","E","BSE","34.4900","31.2100","","","80000"
"512489","OASISEC","Oasis Securities","X","1.0000","1","ES","E","BSE","10.8300","9.8100","","","80000"
"29875","HPTL","HP TELECOM INDIA LIMITED","SM","5.0000","600","ES","E","NSE","277.9500","251.5500","","","377708"
"544369","BEEZAASAN","Beezaasan Explotech","M","5.0000","800","ES","E","BSE","223.7000","149.2000","","","80000"
"501831","COASTCORP","Coastal Corporation","B","1.0000","1","ES","E","BSE","48.9700","32.6500","","","2190155"
"544273","MGEL","Mangalam Global Enterprise Lim","B","1.0000","1","ES","E","BSE","13.3200","8.8800","","","9000822"
"544370","NUKLEUS","Nukleus Office Solutions","M","5.0000","600","ES","E","BSE","253.2000","168.8000","","","80000"
"1593","MGEL","Mangalam Global Ent Ltd","EQ","1.0000","1","ES","E","NSE","13.3300","8.8900","","","9000822"
"6006","COASTCORP","Coastal Corporation Ltd","EQ","1.0000","1","ES","E","NSE","49.2300","32.8300","","","2190155"
"544372","SHREENATH","SHREENATH PAPER PRODUCTS LIMIT","M","1.0000","3000","ES","E","BSE","11.1600","7.4400","","","80000"
"544371","VIKRAMAR","VIKRAM AROMA LIMITED","X","1.0000","1","ES","E","BSE","71.2900","47.5300","","","80000"
"30030","BALAJIPHOS","BALAJI PHOSPHATES LIMITED","SM","5.0000","1000","ES","E","NSE","125.9000","84.0000","","","777511"
"540189","UPROTECH","Unipro Technologies Limited","XT","1.0000","1","ES","E","BSE","31.4300","30.2100","","","80000"
"20413","IOLCP","IOL Chem And Pharma","EQ","1.0000","1","ES","E","NSE","87.3200","58.2200","","","1374002"
"544373","NAPSGLOBAL","NAPS Global India Limited","M","1.0000","1600","ES","E","BSE","42.6000","28.4000","","","80000"
"524164","IOLCP","IOL Chem And Pharma","B","1.0000","1","ES","E","BSE","87.3000","58.2000","","","1374002"
"540259","SHANGAR","Shangar Decor","X","1.0000","1","ES","E","BSE","0.2100","0.1500","","","80000"
"540730","MEHAI","Mehai Technology","X","1.0000","1","ES","E","BSE","1.1800","1.0800","","","80000"
"539895","SPICELOUNG","Spice Lounge Food Works","B","1.0000","1","ES","E","BSE","25.2400","22.8400","","","80000"
"530879","CIFL","Capital India Finance","B","1.0000","1","ES","E","BSE","24.8700","16.5900","","","4821333"
"544378","PSPL","PDP Shipping & Projects Limite","M","1.0000","1000","ES","E","BSE","73.2000","48.8000","","","80000"
"514318","JATTAINDUS","Jattashankar Industies Lt","X","5.0000","1","ES","E","BSE","454.1000","410.9000","","","80000"
"544379","PRABHA","Prabha Energy","B","5.0000","1","ES","E","BSE","162.8000","133.2000","","","673712"
"544381","SUPERIRON","Super Iron Foundry Limited","M","1.0000","1200","ES","E","BSE","30.9900","20.6700","","","80000"
"30134","PRABHA","PRABHA ENERGY LIMITED","EQ","1.0000","1","ES","E","NSE","163.2600","133.5800","","","673712"
"514440","BPAGRI","Blue Pearl Texspin Limite","B","1.0000","1","ES","E","BSE","24.5400","22.2200","","","80000"
"526961","LASTMILE","Trans Financial Resources","X","1.0000","1","ES","E","BSE","2.8900","2.6300","","","80000"
"30191","CURAA","Cura Technologies","BE","1.0000","1","ES","E","NSE","114.0000","109.5400","","","323729"
"531529","SOFTRAKV","Softrak Venture Investment Ltd","X","1.0000","1","ES","E","BSE","1.3800","1.2600","","","80000"
"524632","SHUKRAPHAR","Shukra Pharmaceuticals","B","1.0000","1","ES","E","BSE","31.8500","28.8300","","","80000"
"531254","OPTIFIN","Optimus Finance","X","1.0000","1","ES","E","BSE","14.2400","9.5000","","","80000"
"532332","CURAA","Cura Technologies","T","5.0000","1","ES","E","BSE","119.5000","114.8500","","","323729"
"30249","ISHANCH","Ishan Dyes and Chemicals","EQ","1.0000","1","ES","E","NSE","56.4600","37.6400","","","854791"
"30244","BHARATSE","Bharat Seats","EQ","1.0000","1","ES","E","NSE","168.9700","112.6500","","","710142"
"30262","DIVINEHIRA","Divine Hira Jewellers","ST","5.0000","1600","ES","E","NSE","270.0500","244.3500","","","388790"
"544383","PPARIVAH","Paradeep Parivahan","M","5.0000","1200","ES","E","BSE","162.6500","108.4500","","","80000"
"30286","GCHOTELS","GRAND CONTINENT HOTELS L","SM","5.0000","600","ES","E","NSE","93.9500","62.6500","","","814864"
"30460","RAPIDFLEET","RAPID FLEET MGT SERVICE L","SM","5.0000","600","ES","E","NSE","196.8000","131.2000","","","243117"
"30464","ACTIVEINFR","ACTIVE INFRASTRUCTURES L","SM","5.0000","600","ES","E","NSE","204.0000","136.0000","","","490991"
"544386","SPECTRUM","Spectrum Electrical Industries","B","5.0000","1","ES","E","BSE","1836.9500","1224.6500","","","64395"
"544387","DESCO","Desco Infratech Limited","M","5.0000","500","ES","E","BSE","177.7000","118.5000","","","80000"
"756402","ATCENERGY","ATC ENERGIES SYSTEM LTD","SM","5.0000","1200","ES","E","NSE","23.8500","15.9500","","","666707"
"756406","SHRIAHIMSA","SHRI AHIMSA NATURALS LTD","SM","5.0000","600","ES","E","NSE","282.9000","188.6000","","","424169"
"544388","IDENTIXWEB","Identixweb Limited","M","1.0000","2000","ES","E","BSE","91.0200","74.4800","","","80000"
"544391","RETAGGIO","Retaggio Industries Limited","M","1.0000","6000","ES","E","BSE","53.2300","48.1700","","","80000"
"544392","SPINAROO","Spinaroo Commercial","MT","1.0000","2000","ES","E","BSE","58.7500","53.1700","","","80000"
"544393","INFONATIVE","Infonative Solutions","M","1.0000","1600","ES","E","BSE","32.8000","21.8800","","","80000"
"756038","WAAREERTL","Waaree Renewable Technologies","EQ","5.0000","1","ES","E","NSE","938.7500","625.8500","","","127823"
"543351","NBL","Naapbooks Limited","MS","1.0000","1200","ES","E","BSE","96.0000","64.0000","","","80000"
"523606","SIKA","Sika Interplant Systems L","B","5.0000","1","ES","E","BSE","967.4000","645.0000","","","80000"
"544200","AFIL","Akme Fintrade","T","1.0000","1","ES","E","BSE","7.9000","7.1600","","","13280032"
"756015","CIFL","Capital India Finance","EQ","1.0000","1","ES","E","NSE","24.8800","16.6000","","","4821333"
"24160","AFIL","Akme Fintrade","BE","1.0000","1","ES","E","NSE","7.9000","7.1600","","","13280032"
"756020","TINNARUBR","Tinna Rubber and Infrastructure","EQ","5.0000","1","ES","E","NSE","643.2000","428.8000","","","186553"
"524055","PANIDPR","PANTHER INDUSTRIAL PRODUCTS LT","X","1.0000","1","ES","E","BSE","47.2000","42.7200","","","80000"
"756925","PRIMO","Primo Chemicals","EQ","1.0000","1","ES","E","NSE","21.6300","14.4300","","","5546266"
"543349","ACUTAAS","Acutaas Chemicals","A","5.0000","1","ES","E","BSE","3069.9000","2046.6000","","","39052"
"5578","ACUTAAS","Acutaas Chemicals","EQ","10.0000","1","ES","E","NSE","3070.3000","2046.9000","","","39052"
"544396","NPST","Network People Services Techno","B","5.0000","1","ES","E","BSE","1149.6000","766.4000","","","104232"
"756338","TANKUP","Tankup Engineers","ST","5.0000","250","ES","E","NSE","418.9500","379.0500","","","173146"
"7560","UNITEDPOLY","United Polyfab Guj. Ltd.","EQ","1.0000","1","ES","E","NSE","23.9000","21.6400","","","4391549"
"757645","ATHERENERG","Ather Energy","EQ","5.0000","1","ES","E","NSE","904.8000","603.2000","","","132302"
"757644","IWARE","Iware Supplychain Services","ST","5.0000","1200","ES","E","NSE","229.5500","207.7500","","","350413"
"517172","PERVASIVE","Pervasive Commodities Lim","XT","1.0000","1","ES","E","BSE","1.2600","1.1400","","","80000"
"544397","ATHERENERG","Ather Energy","B","5.0000","1","ES","E","BSE","903.6000","602.4000","","","132302"
"13751","NAUKRI","Info Edge","EQ","5.0000","1","ES","E","NSE","1064.4500","870.9500","","","103098"
"530745","ACSTECH","ACS Technologies Limited","X","1.0000","1","ES","E","BSE","35.6600","34.2800","","","80000"
"532777","NAUKRI","Info Edge","A","5.0000","1","ES","E","BSE","1073.7000","878.5000","","","103098"
"756896","ARUNAYA","ARUNAYA ORGANICS LIMITED","SM","5.0000","2000","ES","E","NSE","16.6500","11.1500","","","573506"
"530253","RAJTUBE","Rajasthan Tube Manufactur","X","1.0000","1","ES","E","BSE","13.9600","12.6400","","","80000"
"544398","KENRIK","Kenrik Industries Limited","M","1.0000","6000","ES","E","BSE","8.3500","5.5700","","","80000"
"544399","SRIGEE","Srigee DLM","M","1.0000","1200","ES","E","BSE","74.6600","49.7800","","","80000"
"544400","MANOJJEWEL","Manoj Jewellers Limited","M","1.0000","2000","ES","E","BSE","53.9600","35.9800","","","80000"
"539679","KAPILRAJ","Kapil Raj Finance","X","1.0000","1","ES","E","BSE","3.1200","2.5600","","","80000"
"539167","VLL","Virat Leasing Limited","XT","1.0000","1","ES","E","BSE","45.5200","41.2000","","","80000"
"512065","MRUTR","Mrugesh Trading","XT","1.0000","1","ES","E","BSE","17.5200","16.8400","","","80000"
"757060","VGINFOTECH","VIRTUAL GALAXY INFOTECH L","SM","5.0000","1000","ES","E","NSE","126.3500","84.2500","","","813204"
"541945","RANJEET","Ranjeet Mechatronics Limi","M","1.0000","8000","ES","E","BSE","6.9600","4.6400","","","80000"
"757902","INTEGRITY","INTEGRITY INFRABUILD DE L","SM","5.0000","1200","ES","E","NSE","110.7500","100.2500","","","140609"
"544402","JASH","JASH ENGINEERING LIMITED","B","5.0000","1","ES","E","BSE","411.5000","274.4000","","","289929"
"757021","ACCPL","ACCRETION PHARMA LIMITED","SM","5.0000","1200","ES","E","NSE","66.7000","60.4000","","","363493"
"890202","SOLARAPP1","Solara Active Pharma Sciences","B","5.0000","1","ES","E","BSE","328.2000","218.8000","","","357394"
"756939","SOLARAPP1","SOLARA RS. 7 PPD UP","E1","5.0000","1","ES","E","NSE","335.7500","223.8500","","","357394"
"757920","BORANA","Borana Weaves","BE","5.0000","1","ES","E","NSE","318.9500","288.6500","","","329149"
"544404","BORANA","Borana Weaves","T","5.0000","1","ES","E","BSE","317.0000","286.9000","","","329149"
"544405","BELRISE","Belrise Industries","B","5.0000","1","ES","E","BSE","223.2000","148.8000","","","537487"
"757107","DCCL","DAR CREDIT & CAPITAL LTD","SM","5.0000","2000","ES","E","NSE","42.0000","28.0000","","","466825"
"757102","BELRISE","Belrise Industries","EQ","1.0000","1","ES","E","NSE","223.1800","148.8000","","","537487"
"544406","UNIFIED","UNIFIED DATA TECH SOLUTIONS LI","M","5.0000","400","ES","E","BSE","367.9500","245.3500","","","80000"
"757049","RAJOOENG","Rajoo Engineers","EQ","1.0000","1","ES","E","NSE","56.0100","37.3500","","","2142138"
"544407","AEGISVOPAK","Aegis Vopak Terminals","B","5.0000","1","ES","E","BSE","177.9000","145.6000","","","618259"
"757014","THELEELA","Leela Palaces Hotels & Resorts","EQ","5.0000","1","ES","E","NSE","450.5500","368.6500","","","244123"
"544408","THELEELA","Leela Palaces Hotels & Resorts","B","5.0000","1","ES","E","BSE","448.8000","367.2000","","","244123"
"757336","AEGISVOPAK","Aegis Vopak Terminals","EQ","1.0000","1","ES","E","NSE","177.8100","145.4900","","","618259"
"19959","WAAREEINDO","Indosolar Limited","BE","5.0000","1","ES","E","NSE","384.6500","348.0500","","","272961"
"758173","PROSTARM","PROSTARM INFO SYSTEMS LTD","EQ","1.0000","1","ES","E","NSE","138.4900","92.3300","","","866457"
"533257","WAAREEINDO","Indosolar","T","5.0000","1","ES","E","BSE","384.4000","347.8000","","","272961"
"544409","ASTONEALAB","ASTONEA LABS LIMITED","M","5.0000","1000","ES","E","BSE","183.7000","122.5000","","","80000"
"544410","PROSTARM","PROSTARM INFO SYSTEMS LIMITED","B","5.0000","1","ES","E","BSE","138.4000","92.3000","","","866457"
"758182","BLUEWATER","BLUE WATER LOGISTICS LTD","SM","5.0000","1000","ES","E","NSE","176.3000","117.6000","","","359699"
"758178","NIKITA","Nikita Papers Ltd","SM","5.0000","1200","ES","E","NSE","134.0000","89.4000","","","806640"
"544411","SCODATUBES","Scoda Tubes Limited","B","5.0000","1","ES","E","BSE","146.4500","97.6500","","","816558"
"757478","SCODATUBES","SCODA TUBES LIMITED","EQ","1.0000","1","ES","E","NSE","146.9500","97.9700","","","816558"
"757496","NEPTUNE","Neptune Petrochemicals","ST","5.0000","1000","ES","E","NSE","186.9000","169.1000","","","561784"
"544412","3BFILMS","3B FILMS LIMITED","M","1.0000","3000","ES","E","BSE","18.3300","12.2300","","","80000"
"3676","VESUVIUS","Vesuvius India","EQ","5.0000","1","ES","E","NSE","522.4000","348.3000","","","229548"
"520113","VESUVIUS","Vesuvius India","A","5.0000","1","ES","E","BSE","521.1000","347.4000","","","229548"
"544414","BLUSPRING","Bluspring Enterprises Limited","B","1.0000","1","ES","E","BSE","61.1700","40.7900","","","1963477"
"757525","GANGABATH","GANGA BATH FITTINGS LTD","SM","5.0000","3000","ES","E","NSE","18.9000","17.1000","","","726196"
"757515","DIGITIDE","DIGITIDE SOLUTIONS LTD","EQ","1.0000","1","ES","E","NSE","90.2700","60.1900","","","1329184"
"544413","DIGITIDE","Digitide Solutions Limited","B","1.0000","1","ES","E","BSE","89.9700","59.9900","","","1329184"
"757520","BLUSPRING","BLUSPRING ENTERPRISES LTD","EQ","1.0000","1","ES","E","NSE","61.1100","40.7500","","","1963477"
"757409","SACHEEROME","SACHEEROME LIMITED","SM","5.0000","600","ES","E","NSE","290.4000","237.6000","","","378771"
"758303","JAINIK","JAINIK POWER CABLES LTD","SM","5.0000","1200","ES","E","NSE","109.0000","98.7000","","","469169"
"756871","ENRIN","SIEMENS ENERGY INDIA LTD","EQ","10.0000","1","ES","E","NSE","3078.6000","2052.4000","","","38817"
"756958","MONOLITH","MONOLITHISCH INDIA LTD","SM","5.0000","250","ES","E","NSE","415.0000","339.6000","","","265027"
"544390","ENRIN","Siemens Energy India Limited","B","5.0000","1","ES","E","BSE","3083.5500","2055.7500","","","38817"
"756802","OSWALPUMPS","OSWAL PUMPS LIMITED","EQ","5.0000","1","ES","E","NSE","319.3000","261.3000","","","344439"
"544416","KRISHIVAL","KRISHIVAL FOODS LIMITED","B","5.0000","1","ES","E","BSE","382.8000","255.2000","","","313625"
"544417","ATENPAPERS","Aten Papers & Foam Limited","M","1.0000","1200","ES","E","BSE","17.3100","11.5500","","","80000"
"511692","AJCON","Ajcon Global Services","X","1.0000","1","ES","E","BSE","6.7000","4.4800","","","80000"
"544418","OSWALPUMPS","Oswal Pumps Limited","B","5.0000","1","ES","E","BSE","319.0500","261.0500","","","344439"
"544403","ABLBL","Aditya Birla Lifestyle Brands","B","1.0000","1","ES","E","BSE","105.6600","70.4400","","","1132632"
"756963","PATILAUTOM","PATIL AUTOMATION LIMITED","SM","5.0000","600","ES","E","NSE","141.3500","94.2500","","","713540"
"756848","SAMAY","SAMAY PROJECT SERVICES L","SM","5.0000","4000","ES","E","NSE","29.9000","27.1000","","","501922"
"756843","ABLBL","ADITYA BIRLA LIFES BRAN L","EQ","1.0000","1","ES","E","NSE","105.8700","70.5900","","","1132632"
"537707","LADDU","Laddu Gopal Online Services","XT","1.0000","1","ES","E","BSE","0.8200","0.7600","","","80000"
"758346","EEPL","EPPELTONE ENGINEERS LTD","SM","5.0000","1000","ES","E","NSE","118.6000","79.1000","","","423769"
"757614","ARIS","ArisInfra Solutions","EQ","1.0000","1","ES","E","NSE","115.8400","77.2400","","","1035833"
"539533","ELITECON","Elitecon International","B","1.0000","1","ES","E","BSE","50.7900","45.9700","","","80000"
"757602","INFLUX","INFLUX HEALTHTECH LIMITED","SM","5.0000","600","ES","E","NSE","242.4000","161.6000","","","495048"
"544419","ARIS","ArisInfra Solutions","B","1.0000","1","ES","E","BSE","115.3200","76.8800","","","1035833"
"757587","MAYASHEEL","MAYASHEEL VENTURES LTD","SM","5.0000","3000","ES","E","NSE","62.9000","42.0000","","","721034"
"757582","AAKAAR","Aakaar Medical Technologies","ST","5.0000","1600","ES","E","NSE","50.5000","45.7000","","","463451"
"757583","SAFEENTP","SAFE ENTER RETAIL FIX LTD","SM","5.0000","500","ES","E","NSE","241.6000","161.1000","","","496617"
"534920","COVIDH","Covidh","XT","1.0000","1","ES","E","BSE","56.2600","54.0600","","","80000"
"758563","ELLEN","Ellenbarrie Industrial Gases","EQ","1.0000","1","ES","E","NSE","217.2800","177.7800","","","506240"
"544426","ICON","Icon Facilitators Limited","M","1.0000","1200","ES","E","BSE","60.1800","40.1200","","","80000"
"544423","KALPATARU","Kalpataru Limited","B","5.0000","1","ES","E","BSE","283.9000","232.3000","","","386088"
"544420","RAYMONDREL","Raymond Realty","B","5.0000","1","ES","E","BSE","453.9000","302.6000","","","264697"
"544421","ELLEN","Ellenbarrie Industrial Gases","B","5.0000","1","ES","E","BSE","216.9500","177.5500","","","506240"
"544424","GLOBECIVIL","Globe Civil Projects","B","1.0000","1","ES","E","BSE","40.5600","27.0400","","","1952811"
"758558","KALPATARU","Kalpataru Limited","EQ","5.0000","1","ES","E","NSE","284.7500","233.0500","","","386088"
"758572","GLOBECIVIL","GLOBE CIVIL PROJECTS LTD","EQ","1.0000","1","ES","E","NSE","40.6300","27.0900","","","1952811"
"544425","AJCJEWEL","AJC Jewel Manufacturers Limite","MT","1.0000","1200","ES","E","BSE","85.5200","77.3800","","","80000"
"758551","RAYMONDREL","RAYMOND REALTY LIMITED","EQ","5.0000","1","ES","E","NSE","453.2000","302.2000","","","264697"
"758568","SHKSIL","SHRI HARE-KRI SPO IRON L","SM","5.0000","2000","ES","E","NSE","46.2000","30.8000","","","627547"
"544422","ABRFL","Abram Food Limited","M","1.0000","1200","ES","E","BSE","68.4000","45.6000","","","80000"
"757754","PICCADIL","PICCADILY AGRO INDUSTRI L","EQ","5.0000","1","ES","E","NSE","620.8000","413.9000","","","193252"
"757763","SUNTECH","SUNTECH INFRA SOLUTIONS L","SM","5.0000","1600","ES","E","NSE","38.1500","25.4500","","","633157"
"757767","SAMBHV","Sambhv Steel Tubes","EQ","1.0000","1","ES","E","NSE","108.5400","72.3600","","","1105312"
"544428","SEVL","Supertech EV","M","1.0000","1200","ES","E","BSE","43.6500","39.5100","","","80000"
"544430","SAMBHV","Sambhv Steel Tubes","B","1.0000","1","ES","E","BSE","108.6000","72.4000","","","1105312"
"757772","HDBFS","HDB Financial Services","EQ","5.0000","1","ES","E","NSE","671.9000","448.0000","","","178515"
"544429","HDBFS","HDB Financial Services","B","5.0000","1","ES","E","BSE","672.0500","448.0500","","","178515"
"757780","RTL","Rama Telecom","ST","5.0000","2000","ES","E","NSE","87.1500","78.8500","","","431618"
"757810","MMEL","MOVING MEDIA ENTER LTD","SM","5.0000","2000","ES","E","NSE","26.8000","17.9000","","","614967"
"757801","IGCL","INDOGULF CROPSCIENCES LTD","EQ","1.0000","1","ES","E","NSE","70.1500","46.7700","","","1710525"
"544432","IGCL","Indogulf Cropsciences","B","1.0000","1","ES","E","BSE","70.8700","47.2500","","","1710525"
"544431","ACEALPHA","Ace Alpha Tech Limited","M","1.0000","1000","ES","E","BSE","105.6000","70.4000","","","80000"
"544433","VALINDIA","Valencia India Limited","M","1.0000","1200","ES","E","BSE","14.0600","9.3800","","","80000"
"757806","PROFX","PRO FX TECH LIMITED","SM","5.0000","1600","ES","E","NSE","70.8000","47.2000","","","572370"
"8560","COOLCAPS","Cool Caps Industries Ltd","SM","5.0000","1250","ES","E","NSE","29.9500","27.1500","","","3502564"
"543367","PARAS","Paras Defence & Space Tech","A","5.0000","1","ES","E","BSE","714.7500","476.5500","","","167943"
"544435","ADCOUNTY","ADCOUNTY MEDIA INDIA LIMITED","M","5.0000","800","ES","E","BSE","110.9500","90.8500","","","80000"
"544434","NEETUYOSHI","Neetu Yoshi Limited","M","1.0000","800","ES","E","BSE","86.4400","57.6400","","","80000"
"5911","PARAS","Paras Defence & Space Tech","EQ","5.0000","1","ES","E","NSE","714.3500","476.2500","","","167943"
"757679","SILKY","SILKY OVERSEAS LIMITED","SM","5.0000","800","ES","E","NSE","184.2000","122.8000","","","208221"
"544436","VANDAN","VANDAN FOODS LIMITED","M","1.0000","1200","ES","E","BSE","31.7200","28.7000","","","80000"
"757687","CEDAAR","CEDAAR TEXTILE LIMITED","SM","5.0000","1000","ES","E","NSE","19.8000","18.0000","","","453830"
"757683","PUSHPA","PUSHPA JEWELLERS LIMITED","SM","5.0000","1000","ES","E","NSE","123.6000","82.4000","","","792089"
"544437","MARCLOIRE","MARC LOIRE FASHIONS LIMITED","MT","1.0000","1200","ES","E","BSE","40.3200","36.4800","","","80000"
"758591","ETL","EMKAY TOOLS LIMITED","SM","5.0000","150","ES","E","NSE","1056.0000","704.0000","","","113628"
"544439","CRIZAC","Crizac Limited","B","5.0000","1","ES","E","BSE","193.4000","158.3000","","","565193"
"757850","CRIZAC","Crizac Limited","EQ","1.0000","1","ES","E","NSE","194.6000","159.2200","","","565193"
"890217","APLABPP","Aplab Ltd.","X","1.0000","1","ES","E","BSE","49.5100","40.5100","","","80000"
"757665","WHITEFORCE","HAPPY SQUARE OUTSOURC S L","SM","5.0000","1600","ES","E","NSE","39.6000","26.4000","","","379333"
"544440","CRYOGENIC","CRYOGENIC OGS LIMITED","M","5.0000","750","ES","E","BSE","176.0000","144.0000","","","80000"
"544441","METAINFO","META INFOTECH LIMITED","M","1.0000","800","ES","E","BSE","59.1000","48.3600","","","80000"
"18863","VERTOZ","Vertoz Limited","EQ","1.0000","1","ES","E","NSE","33.8200","22.5600","","","2787020"
"757619","SMARTEN","SMARTEN POWER SYSTEMS LTD","SM","5.0000","1200","ES","E","NSE","51.6500","34.4500","","","621326"
"544443","TRAVELFOOD","Travel Food Services","B","5.0000","1","ES","E","BSE","1384.4000","1132.7000","","","79139"
"544442","CHEMKART","Chemkart India Limited","M","1.0000","600","ES","E","BSE","92.0200","83.2600","","","80000"
"757545","TRAVELFOOD","Travel Food Services","EQ","10.0000","1","ES","E","NSE","1387.9000","1135.7000","","","79139"
"544444","GLEN","Glen Industries Limited","M","1.0000","1200","ES","E","BSE","72.3400","48.2400","","","80000"
"544445","APL","ASSTON PHARMACEUTICALS LIMITED","M","1.0000","1000","ES","E","BSE","87.6000","58.4000","","","80000"
"317","BAJFINANCE","Bajaj Finance","EQ","5.0000","1","ES","E","NSE","881.7000","721.4000","","","124449"
"500034","BAJFINANCE","Bajaj Finance","A","5.0000","1","ES","E","BSE","881.5000","721.3000","","","124449"
"757965","SMARTWORKS","Smartworks Coworking Spaces","EQ","5.0000","1","ES","E","NSE","446.9000","298.0000","","","268401"
"544447","SMARTWORKS","Smartworks Coworking Spaces","B","5.0000","1","ES","E","BSE","440.3000","293.6000","","","268401"
"544448","PASHUPATI","Pashupati Cotspin Limited","B","5.0000","1","ES","E","BSE","1168.6500","779.1500","","","102343"
"757938","BELLACASA","Bella Casa Fashion & Retail","EQ","1.0000","1","ES","E","NSE","269.9400","179.9600","","","437771"
"25608","INDOTHAI","Indo Thai Securities","EQ","5.0000","1","ES","E","NSE","301.5500","272.8500","","","348169"
"533676","INDOTHAI","Indo Thai Securities","B","5.0000","1","ES","E","BSE","301.6500","272.9500","","","348169"
"757865","SPUNWEB","SPUNWEB NONWOVEN LIMITED","SM","5.0000","1200","ES","E","NSE","111.1000","74.1000","","","788181"
"544449","ANTHEM","Anthem Biosciences","B","5.0000","1","ES","E","BSE","787.5500","525.0500","","","152224"
"757885","ANTHEM","Anthem Biosciences","EQ","5.0000","1","ES","E","NSE","787.5000","525.0000","","","152224"
"758700","ARFIN","Arfin India","EQ","1.0000","1","ES","E","NSE","80.6100","65.9700","","","1364289"
"521167","MAXGROW","Frontline Business Soluti","XT","1.0000","1","ES","E","BSE","49.2700","44.5900","","","80000"
"757989","CHEMBONDCH","CHEMBOND CHEMICAL LIMITED","EQ","1.0000","1","ES","E","NSE","127.4800","85.0000","","","879518"
"544450","CHEMBONDCH","Chembond Chemicals","B","5.0000","1","ES","E","BSE","127.0000","84.7000","","","879518"
"544451","MONIKA","MONIKA ALCOBEV LIMITED","M","5.0000","400","ES","E","BSE","280.8000","187.2000","","","80000"
"13430","KELLTONTEC","Kellton Tech Sol","EQ","1.0000","1","ES","E","NSE","15.8800","10.6000","","","7552357"
"519602","KELLTONTEC","Kellton Tech Solutions Lt","B","1.0000","1","ES","E","BSE","15.9000","10.6000","","","7552357"
"517035","RIR","Ruttonsha International R","B","5.0000","1","ES","E","BSE","145.4000","119.0000","","","80000"
"9769","EASTSILK","Eastern Silk Industries L","BE","1.0000","1","ES","E","NSE","63.2300","57.2100","","","163499"
"757704","SAVY","SAVY INFRA AND LOGI LTD","SM","5.0000","1200","ES","E","NSE","148.5000","99.0000","","","680437"
"544452","SWASTIKAAL","Swastika Castal Limited","M","1.0000","2000","ES","E","BSE","76.1700","50.7900","","","80000"
"544453","MSECL","Monarch Surveyors and Engineer","M","5.0000","600","ES","E","BSE","201.4500","134.3500","","","80000"
"511144","AXISOL","Axis Solutions","XT","5.0000","1","ES","E","BSE","217.8000","197.1000","","","80000"
"544455","EBGNG","GNG Electronics","B","5.0000","1","ES","E","BSE","369.7500","334.5500","","","284002"
"757845","INDIQUBE","Indiqube Spaces","EQ","1.0000","1","ES","E","NSE","162.7300","108.4900","","","737214"
"757858","TSC","TSC INDIA LIMITED","SM","5.0000","2000","ES","E","NSE","33.6500","22.4500","","","459369"
"544454","INDIQUBE","Indiqube Spaces","B","5.0000","1","ES","E","BSE","162.1000","108.1000","","","737214"
"757862","EBGNG","GNG Electronics","EQ","5.0000","1","ES","E","NSE","369.6500","334.4500","","","284002"
"544457","BRIGHOTEL","Brigade Hotel Ventures","B","1.0000","1","ES","E","BSE","66.6000","44.4000","","","1796655"
"757794","BRIGHOTEL","Brigade Hotel Ventures","EQ","1.0000","1","ES","E","NSE","66.7800","44.5200","","","1796655"
"544461","EUROBOND","Euro Panel Products Limited","B","5.0000","1","ES","E","BSE","166.0000","110.7000","","","731618"
"757982","SELLOWRAP","SELLOWRAP INDUSTRIES LTD","SM","5.0000","1600","ES","E","NSE","76.8000","51.2000","","","449435"
"544458","SHREEREF","SHREE REFRIGERATIONS LIMITED","M","5.0000","500","ES","E","BSE","207.3000","138.2000","","","80000"
"544460","PATELCHEM","PATEL CHEM SPECIALITIES LIMITE","M","1.0000","1600","ES","E","BSE","74.0100","49.3500","","","80000"
"544459","SHANTIGOLD","Shanti Gold International","B","5.0000","1","ES","E","BSE","189.4000","126.3000","","","638410"
"758002","SHANTIGOLD","Shanti Gold International","EQ","1.0000","1","ES","E","NSE","187.9500","125.3100","","","638410"
"544463","REPONO","REPONO LIMITED","M","1.0000","1200","ES","E","BSE","54.3300","36.2300","","","80000"
"544464","UML","Umiya Mobile Limited","M","1.0000","2000","ES","E","BSE","53.2900","35.5300","","","80000"
"758863","LAXMIINDIA","Laxmi India Finance","EQ","1.0000","1","ES","E","NSE","85.9800","57.3200","","","1395656"
"544466","CPPLUS","Aditya Infotech","B","5.0000","1","ES","E","BSE","1977.4000","1617.9000","","","55600"
"758853","SGFIN","SG Finserve","EQ","5.0000","1","ES","E","NSE","497.6000","331.8000","","","241131"
"758858","CPPLUS","Aditya Infotech","EQ","10.0000","1","ES","E","NSE","1978.1000","1618.5000","","","55600"
"758868","KAYTEX","KAYTEX FABRICS LIMITED","SM","5.0000","800","ES","E","NSE","63.2000","42.2000","","","480663"
"544465","LAXMIINDIA","Laxmi India Finance","B","1.0000","1","ES","E","BSE","86.0000","57.3400","","","1395656"
"544470","MBEL","M & B Engineering Limited","B","5.0000","1","ES","E","BSE","271.3000","180.9000","","","441584"
"544472","MEHUL","MEHUL COLOURS LIMITED","M","1.0000","1600","ES","E","BSE","63.6800","42.4600","","","80000"
"544468","BDI","B. D. Industries (Pune) Limite","M","5.0000","1200","ES","E","BSE","129.6000","86.4000","","","80000"
"758145","LOTUSDEV","Sri Lotus Developers and Realty","EQ","1.0000","1","ES","E","NSE","113.1200","92.5600","","","972071"
"544471","TAKYON","Takyon Networks","M","1.0000","2000","ES","E","BSE","27.7400","18.5000","","","80000"
"758136","GVPTECHPP","GVPTECH RE.1 PPD UP","E1","1.0000","1","ES","E","NSE","2.3800","1.6000","","","692324"
"544469","LOTUSDEV","Sri Lotus Developers and Realty","B","5.0000","1","ES","E","BSE","113.1000","92.6000","","","972071"
"758150","MBEL","M AND B ENGINEERING LTD","EQ","1.0000","1","ES","E","NSE","271.7400","181.1600","","","441584"
"544467","NSDL","NSDL","B","5.0000","1","ES","E","BSE","949.3500","632.9500","","","80000"
"758157","RNPL","RENOL POLYCHEM LIMITED","SM","5.0000","1200","ES","E","NSE","139.6500","126.3500","","","372729"
"758129","CUDML","CASH UR DRIVE MARKETING L","SM","5.0000","1000","ES","E","NSE","111.6000","74.4000","","","577017"
"890220","PATANGPP","KATI PATANG LIFESTYLE LIMITED","X","1.0000","1","ES","E","BSE","9.3800","8.5000","","","80000"
"15051","MOS","MOS Utility Limited","SM","5.0000","4000","ES","E","NSE","10.1500","9.2500","","","8418301"
"758208","FLYSBS","FLYSBS AVIATION LIMITED","SM","5.0000","200","ES","E","NSE","378.4500","342.4500","","","277413"
"758225","BHADORA","BHADORA INDUSTRIES LTD","SM","5.0000","1200","ES","E","NSE","60.2000","40.2000","","","608219"
"758221","JYOTIGLOBL","JYOTI GLOBAL PLAST LTD","SM","5.0000","2000","ES","E","NSE","33.8000","22.6000","","","648113"
"544474","BLT","BLT Logistics","M","1.0000","1600","ES","E","BSE","24.7300","16.4900","","","80000"
"544475","ESSEX","Essex Marine","M","1.0000","2000","ES","E","BSE","24.4400","16.3000","","","80000"
"758220","PARTH","Parth Electricals & Engineering","ST","5.0000","400","ES","E","NSE","302.4500","273.6500","","","347152"
"544476","JSLL","Jeena Sikho Lifecare","B","5.0000","1","ES","E","BSE","647.8500","431.9500","","","185208"
"758120","AARADHYA","AARADHYA DISPOSAL INDUS L","SM","5.0000","1200","ES","E","NSE","135.0000","90.0000","","","462312"
"759103","HILINFRA","HIGHWAY INFRASTRUCTURE L","EQ","1.0000","1","ES","E","NSE","49.2300","32.8300","","","2345264"
"500201","INDIAGLYCO","India Glycols","B","5.0000","1","ES","E","BSE","1018.8000","679.2000","","","117766"
"544477","HILINFRA","Highway Infrastructure","B","1.0000","1","ES","E","BSE","49.1800","32.8000","","","2345264"
"1521","INDIAGLYCO","India Glycols","EQ","5.0000","1","ES","E","NSE","1018.7000","679.2000","","","117766"
"540079","SPRAYKING","Sprayking Agro Equipment","B","1.0000","1","ES","E","BSE","1.2200","0.8200","","","80000"
"544480","JSWCEMENT","JSW Cement","B","5.0000","1","ES","E","BSE","132.3000","88.2000","","","906637"
"758448","ALLTIME","All Time Plastics","EQ","1.0000","1","ES","E","NSE","225.0800","150.0600","","","533102"
"758444","SAWALIYA","SAWALIYA FOOD PRODUCTS L","SM","5.0000","600","ES","E","NSE","365.4500","243.6500","","","324325"
"758453","CONNPLEX","CONNPLEX CINEMAS LIMITED","SM","5.0000","800","ES","E","NSE","265.7000","177.2000","","","451562"
"544479","ALLTIME","All Time Plastics","B","5.0000","1","ES","E","BSE","224.5000","149.7000","","","533102"
"758460","JSWCEMENT","JSW Cement","EQ","1.0000","1","ES","E","NSE","132.2200","88.1600","","","906637"
"590022","EASTSILK","Eastern Silk Industries L","T","1.0000","1","ES","E","BSE","76.6600","69.3600","","","163499"
"758426","MEDISTEP","Medistep Healthcare","ST","5.0000","3000","ES","E","NSE","17.3000","15.7000","","","464652"
"890221","SSFLPP","Spandana Sphoorty Financial Li","B","1.0000","1","ES","E","BSE","96.7800","64.5200","","","566833"
"544482","STARIMAGIN","STAR IMAGING AND PATH LAB LIMI","M","1.0000","1000","ES","E","BSE","55.5400","37.0400","","","80000"
"758430","AMCL","ANB Metal Cast","ST","5.0000","800","ES","E","NSE","444.9000","402.6000","","","235985"
"758420","SSFLPP","SPANDANA RS.5 PPD UP","E1","5.0000","1","ES","E","NSE","96.1000","64.1000","","","566833"
"544483","ICODEX","Icodex Publishing Solutions","M","1.0000","1200","ES","E","BSE","37.7100","25.1500","","","80000"
"544484","BLUESTONE","BlueStone Jewellery and Lifestyle","B","5.0000","1","ES","E","BSE","561.0500","374.0500","","","214044"
"759291","BLUESTONE","BlueStone Jewellery and Lifestyle","EQ","5.0000","1","ES","E","NSE","560.5500","373.7500","","","214044"
"758680","REGAAL","Regaal Resources","EQ","1.0000","1","ES","E","NSE","64.2800","58.1600","","","1633405"
"758675","EFCIL","EFC (I) LIMITED","EQ","1.0000","1","ES","E","NSE","214.7100","143.1500","","","558743"
"544485","REGAAL","Regaal Resources","B","1.0000","1","ES","E","BSE","64.5000","58.3600","","","1633405"
"540829","CHANDRIMA","Chandrima Mercantiles Lim","X","1.0000","1","ES","E","BSE","5.2100","4.7300","","","80000"
"758685","MRIL","MAHENDRA REALTO & INFRA L","SM","5.0000","1600","ES","E","NSE","32.0000","26.2000","","","722797"
"500051","BHAGGAS","BHAGAWATI GAS LIMITED","XT","1.0000","1","ES","E","BSE","2.9000","2.8000","","","80000"
"8146","DEVIT","DEV Info Technology Ltd","EQ","1.0000","1","ES","E","NSE","27.8700","18.5900","","","1842162"
"543462","DEVIT","DEV Information Technology Lim","B","1.0000","1","ES","E","BSE","27.8600","18.5800","","","1842162"
"522650","BEMHY","Bemco Hydraulics","X","1.0000","1","ES","E","BSE","72.2100","48.1500","","","80000"
"758527","STUDIOLSD","STUDIO LSD LIMITED","SM","5.0000","2000","ES","E","NSE","8.8500","5.9500","","","1696860"
"544490","SHREEJISPG","Shreeji Shipping Global","B","5.0000","1","ES","E","BSE","339.1500","306.8500","","","309055"
"544487","PATELRMART","Patel Retail","B","5.0000","1","ES","E","BSE","182.2000","121.5000","","","661263"
"544488","VIKRAMSOLR","Vikram Solar","B","5.0000","1","ES","E","BSE","213.6000","142.4000","","","562698"
"500371","SAMTELIN","SAMTEL INDIA LTD.","XT","1.0000","1","ES","E","BSE","21.1900","20.3700","","","80000"
"544489","LGT","LGT Business Connextions Limit","M","1.0000","1200","ES","E","BSE","51.5600","46.6600","","","80000"
"759463","GEMAROMA","GEM AROMATICS LIMITED","BE","1.0000","1","ES","E","NSE","144.9600","131.1600","","","724320"
"539479","GTV","GTV Engineering","X","1.0000","1","ES","E","BSE","64.8100","43.2100","","","80000"
"544491","GEMAROMA","Gem Aromatics","T","5.0000","1","ES","E","BSE","144.8000","131.1000","","","724320"
"759448","SHREEJISPG","Shreeji Shipping Global","EQ","5.0000","1","ES","E","NSE","339.6500","307.3500","","","309055"
"759439","PATELRMART","PATEL RETAIL LIMITED","EQ","1.0000","1","ES","E","NSE","181.4600","120.9800","","","661263"
"759453","VIKRAMSOLR","Vikram Solar","EQ","1.0000","1","ES","E","NSE","213.2000","142.1400","","","562698"
"758748","MEIL","MANGAL ELECTRICAL IND L","EQ","1.0000","1","ES","E","NSE","250.2400","166.8400","","","479520"
"544492","MEIL","MANGAL ELECTRICAL INDUSTRIES L","B","5.0000","1","ES","E","BSE","250.5500","167.0500","","","479520"
"6803","STEELCAS","Steelcast Limited","EQ","1.0000","1","ES","E","NSE","271.0500","180.7100","","","442648"
"513517","STEELCAS","Steelcast","B","5.0000","1","ES","E","BSE","270.9500","180.6500","","","442648"
"758670","ARCIIL","ARC INSULATION & INSU LTD","SM","5.0000","1000","ES","E","NSE","46.8500","31.2500","","","336724"
"758736","CLASSICEIL","CLASSIC ELECTRODE (IND) L","SM","5.0000","1600","ES","E","NSE","43.2000","28.8000","","","587453"
"758744","SHIVASHRIT","SHIVASHRIT FOODS LIMITED","SM","5.0000","1000","ES","E","NSE","132.0000","88.0000","","","597396"
"758740","ANONDITA","ANONDITA MEDICARE LIMITED","SM","5.0000","1000","ES","E","NSE","790.5000","527.0000","","","151800"
"526331","ADVMULT","Advance Multitech Ltd.","XT","1.0000","1","ES","E","BSE","6.1200","0.6200","","","80000"
"543915","PAVNAIND","Pavna Industries Limited","B","1.0000","1","ES","E","BSE","17.1200","11.4200","","","4562630"
"16192","PAVNAIND","Pavna Industries Limited","EQ","1.0000","1","ES","E","NSE","17.0400","11.3600","","","4562630"
"544494","GLOBTIER","Globtier Infotech limited","M","1.0000","1600","ES","E","BSE","15.5200","12.7000","","","80000"
"539175","BLUEGOD","Bluegod Entertainment","X","1.0000","1","ES","E","BSE","3.5900","3.2500","","","80000"
"544495","NISMGMT","NIS MANAGEMENT LIMITED","M","1.0000","1200","ES","E","BSE","52.1400","34.7600","","","80000"
"544496","VIKRAN","Vikran Engineering Limited","B","1.0000","1","ES","E","BSE","62.1400","41.4400","","","1926595"
"758960","SATTVAENGG","SATTVA ENGINEERING CSTN L","SM","5.0000","1600","ES","E","NSE","58.3500","38.9500","","","571223"
"758964","CURRENT","CURRENT INFRAPROJECTS LTD","SM","5.0000","1600","ES","E","NSE","147.7000","98.5000","","","626139"
"758973","VIKRAN","VIKRAN ENGINEERING LTD","EQ","1.0000","1","ES","E","NSE","62.2800","41.5200","","","1926595"
"758968","AHCL","ANLON HEALTHCARE LIMITED","EQ","1.0000","1","ES","E","NSE","133.6500","89.1100","","","897781"
"544497","AHCL","ANLON HEALTHCARE LIMITED","B","5.0000","1","ES","E","BSE","133.5500","89.0500","","","897781"
"544395","STLNETWORK","STL Networks Limited","B","1.0000","1","ES","E","BSE","19.1600","12.7800","","","6281359"
"758984","RNBDENIMS","R&B DENIMS LIMITED","BE","1.0000","1","ES","E","NSE","67.7400","61.3000","","","1549882"
"544498","OVAL","OVAL PROJECTS ENGINEERING LIMI","M","1.0000","1600","ES","E","BSE","51.1000","34.0800","","","80000"
"758986","GCSL","GRETEX CORPORATE SERVICES","EQ","5.0000","1","ES","E","NSE","380.5000","311.4000","","","289036"
"758958","STLNETWORK","STL NETWORKS LIMITED","EQ","1.0000","1","ES","E","NSE","19.1000","12.7400","","","6281359"
"544500","ABRIL","ABRIL PAPER TECH LIMITED","M","1.0000","2000","ES","E","BSE","38.6700","25.7900","","","80000"
"544501","SUGSLLOYD","SUGS LLOYD LIMITED","M","5.0000","1000","ES","E","BSE","129.0000","86.0000","","","80000"
"758941","CPEDU","CAREER POINT EDUTECH LTD","EQ","1.0000","1","ES","E","NSE","170.6100","113.7500","","","594909"
"758946","SNEHAA","SNEHAA ORGANICS LIMITED","SM","5.0000","1000","ES","E","NSE","46.1000","30.8000","","","332853"
"544499","CPEDU","Career Point Edutech Limited","B","5.0000","1","ES","E","BSE","172.2000","114.8000","","","594909"
"543443","ASCENSIVE","Ascensive Educare Limited","MS","1.0000","10000","ES","E","BSE","20.4000","13.6000","","","80000"
"544503","RACHIT","Rachit Prints Limited","M","1.0000","1000","ES","E","BSE","117.6000","78.4000","","","80000"
"544502","AMANTA","Amanta Healthcare","B","1.0000","1","ES","E","BSE","119.5200","79.6800","","","1001874"
"758909","AMANTA","AMANTA HEALTHCARE LIMITED","EQ","1.0000","1","ES","E","NSE","119.7700","79.8500","","","1001874"
"544504","GOELCONS","GOEL CONSTRUCTION COMPANY LIMI","M","5.0000","400","ES","E","BSE","331.4000","221.0000","","","80000"
"758900","OPTIVALUE","OPTIVALUE TEK CONSULT LTD","SM","5.0000","1600","ES","E","NSE","75.6000","50.4000","","","765552"
"757658","FISCHER","Fischer Medical Ventures","EQ","1.0000","1","ES","E","NSE","42.5200","38.4800","","","2468898"
"758898","VIGOR","VIGOR PLAST INDIA LIMITED","SM","5.0000","1600","ES","E","NSE","56.7500","37.8500","","","338500"
"544506","SHARVAYA","Sharvaya Metals","M","1.0000","600","ES","E","BSE","117.9000","78.6000","","","80000"
"524743","FISCHER","Fischer Medical Ventures","B","1.0000","1","ES","E","BSE","42.4300","38.3900","","","2468898"
"758889","SGMART","SG Mart","EQ","5.0000","1","ES","E","NSE","556.4000","371.0000","","","215585"
"544505","AUSTERE","Austere Systems","M","1.0000","2000","ES","E","BSE","51.9400","34.6400","","","80000"
"544508","VASHISHTHA","VASHISHTHA LUXURY FASHION LIMI","M","1.0000","1200","ES","E","BSE","60.3700","54.6300","","","80000"
"505725","ALGOQUANT","Algoquant Fintech","B","1.0000","1","ES","E","BSE","60.0300","40.0300","","","2009555"
"759756","TAURIAN","TAURIAN MPS LIMITED","SM","5.0000","800","ES","E","NSE","237.6000","158.4000","","","290480"
"544511","KARBON","Karbonsteel Engineering Limite","M","5.0000","800","ES","E","BSE","139.2500","92.8500","","","80000"
"505504","GHVINFRA","Sindu Valley Tech.","XT","5.0000","1","ES","E","BSE","280.2000","253.6000","","","80000"
"544510","NCML","NILACHAL CARBO METALICKS LIMIT","M","1.0000","1600","ES","E","BSE","88.8000","59.2000","","","80000"
"544509","KRUPALU","Krupalu Metals Limited","M","1.0000","1600","ES","E","BSE","28.0300","25.3700","","","80000"
"759084","URBANCO","URBAN COMPANY LIMITED","EQ","1.0000","1","ES","E","NSE","142.6300","95.0900","","","840753"
"759092","GML","GALAXY MEDICARE LIMITED","ST","5.0000","2000","ES","E","NSE","17.3000","15.7000","","","496123"
"544512","SHRINGARMS","SHRINGAR HOUSE OF MANGALSUTRA","B","5.0000","1","ES","E","BSE","200.7000","133.8000","","","599132"
"544513","DEVX","Dev Accelerator Limited","B","1.0000","1","ES","E","BSE","37.2400","24.8400","","","2949131"
"759093","SHRINGARMS","SHRINGAR HOU OF MANGALS L","EQ","1.0000","1","ES","E","NSE","200.2600","133.5200","","","599132"
"544515","URBANCO","Urban Company Limited","B","5.0000","1","ES","E","BSE","142.2000","94.8000","","","840753"
"759079","DEVX","DEV ACCELERATOR LIMITED","EQ","1.0000","1","ES","E","NSE","36.9800","24.6600","","","2949131"
"544514","CITYSQUARE","JAY AMBE SUPERMARKETS LIMITED","MT","5.0000","1600","ES","E","BSE","210.0000","190.0000","","","80000"
"506906","SCBL","Saptak Chem And Business Limit","XT","1.0000","1","ES","E","BSE","46.2300","41.8300","","","80000"
"531335","ZYDUSWELL","Zydus Wellness","A","5.0000","1","ES","E","BSE","511.3000","340.9000","","","234484"
"507180","KESARENT","Kesar Ent.","X","1.0000","1","ES","E","BSE","6.2600","4.1800","","","80000"
"759176","TIGERLOGS","TIGER LOGISTICS (INDIA) L","EQ","1.0000","1","ES","E","NSE","28.6800","19.1200","","","3457207"
"544516","AIRFLOA","AIRFLOA RAIL TECHNOLOGY LIMITE","M","5.0000","1000","ES","E","BSE","305.5500","203.7500","","","80000"
"17635","ZYDUSWELL","Zydus Wellness","EQ","5.0000","1","ES","E","NSE","511.6000","341.1000","","","234484"
"544518","LTELEVATOR","L. T. ELEVATOR LIMITED","MT","5.0000","1600","ES","E","BSE","155.8500","141.0500","","","80000"
"526650","TFCILTD","Tourism Finance Corporati","B","1.0000","1","ES","E","BSE","76.2600","50.8400","","","1572270"
"3466","TFCILTD","Tourism Finance Corp","EQ","1.0000","1","ES","E","NSE","76.3200","50.8800","","","1572270"
"759138","TECHD","TECHD CYBERSECURITY LTD","SM","5.0000","600","ES","E","NSE","519.4000","346.3000","","","231026"
"759797","EUROPRATIK","Euro Pratik Sales","EQ","1.0000","1","ES","E","NSE","252.1800","168.1200","","","475843"
"544519","EUROPRATIK","Euro Pratik Sales","B","5.0000","1","ES","E","BSE","252.0500","168.0500","","","475843"
"759152","VMSTMT","VMS TMT LIMITED","EQ","1.0000","1","ES","E","NSE","41.4100","27.6100","","","1622940"
"544521","VMSTMT","VMS TMT","B","1.0000","1","ES","E","BSE","41.4600","27.6400","","","1622940"
"544520","SAMPAT","Sampat Aluminium","M","1.0000","1200","ES","E","BSE","41.9800","28.0000","","","80000"
"544522","ABCOTS","A B Cotspin lndia","B","5.0000","1","ES","E","BSE","484.2000","322.8000","","","248364"
"759041","IVALUE","Ivalue Infosolutions","EQ","1.0000","1","ES","E","NSE","259.7100","173.1500","","","462009"
"544523","IVALUE","Ivalue Infosolutions","B","5.0000","1","ES","E","BSE","258.2000","172.2000","","","462009"
"544524","JDCABLES","JD Cables","M","5.0000","800","ES","E","BSE","195.4000","130.3000","","","80000"
"759056","SIDDHICOTS","SIDDHI COTSPIN LIMITED","ST","5.0000","1200","ES","E","NSE","30.8500","27.9500","","","798092"
"2987","NAZARA","Nazara Technologies","EQ","1.0000","1","ES","E","NSE","279.6600","186.4400","","","428998"
"759057","SAATVIKGL","SAATVIK GREEN ENERGY LTD","EQ","5.0000","1","ES","E","NSE","414.8000","339.4000","","","265141"
"757834","RMDRIP","R M DRIP & SPRINK SYS LTD","EQ","1.0000","1","ES","E","NSE","41.1600","37.2400","","","2550957"
"536659","PVVINFRA","PVV Infra","X","1.0000","1","ES","E","BSE","4.2700","3.5100","","","80000"
"544526","SAATVIKGL","Saatvik Green Energy Limited","B","5.0000","1","ES","E","BSE","413.9500","338.7500","","","265141"
"759062","RHETAN","RHETAN TMT LIMITED","EQ","1.0000","1","ES","E","NSE","29.0700","19.3900","","","4127015"
"544525","GKENERGY","GK ENERGY LIMITED","B","1.0000","1","ES","E","BSE","94.6500","85.6500","","","1109004"
"543280","NAZARA","Nazara Technologies","A","5.0000","1","ES","E","BSE","278.8000","185.9000","","","428998"
"544456","RMDRIP","R M DRIP AND SPRINKLERS SYSTEM","B","1.0000","1","ES","E","BSE","40.9600","37.0600","","","2550957"
"759048","GKENERGY","GK ENERGY LIMITED","EQ","1.0000","1","ES","E","NSE","94.6700","85.6700","","","1109004"
"759012","GANESHCP","Ganesh Consumer Products","EQ","1.0000","1","ES","E","NSE","204.4500","136.3100","","","586917"
"759023","PRIMECAB","PRIME CABLE INDUSTRIES L","SM","5.0000","1600","ES","E","NSE","85.2000","56.8000","","","599196"
"759007","ATLANTAELE","Atlanta Electricals","EQ","10.0000","1","ES","E","NSE","1322.8000","1082.4000","","","83125"
"544528","GANESHCP","Ganesh Consumer Products","B","5.0000","1","ES","E","BSE","205.5500","137.0500","","","586917"
"544527","ATLANTAELE","Atlanta Electricals","B","5.0000","1","ES","E","BSE","1323.5000","1082.9000","","","83125"
"544530","ARSSBL","Anand Rathi Share and Stock Brokers","B","5.0000","1","ES","E","BSE","501.2000","334.2000","","","239171"
"544535","BHARATROHAN","BHARATROHAN AIRBORNE INNOVATIO","M","5.0000","1600","ES","E","BSE","158.4000","105.6000","","","80000"
"544531","TRUECOLORS","TRUE COLORS LIMITED","M","5.0000","600","ES","E","BSE","140.8000","127.4000","","","80000"
"544532","SOLARWORLD","Solarworld Energy Solutions","B","5.0000","1","ES","E","BSE","172.2000","114.8000","","","698928"
"759951","JARO","Jaro Institute of Technology Management and Research","EQ","5.0000","1","ES","E","NSE","464.8500","309.9500","","","258110"
"544534","JARO","Jaro Institute of Technology Management and Research","B","5.0000","1","ES","E","BSE","465.9000","310.6000","","","258110"
"544536","WEALTH","Wealth First Portfolio Manager","B","5.0000","1","ES","E","BSE","973.9000","649.3000","","","123800"
"759956","ARSSBL","Anand Rathi Share and Stock Brokers","EQ","5.0000","1","ES","E","NSE","501.7000","334.5000","","","239171"
"544533","STYL","Seshaasai Technologies","B","5.0000","1","ES","E","BSE","235.2000","192.5000","","","469075"
"759929","SOLARWORLD","Solarworld Energy Solutions","EQ","1.0000","1","ES","E","NSE","171.6800","114.4600","","","698928"
"544529","APPL","Aptus Pharma Limited","MT","5.0000","2000","ES","E","BSE","356.1000","342.2000","","","80000"
"759934","STYL","Seshaasai Technologies","EQ","1.0000","1","ES","E","NSE","234.4400","191.8200","","","469075"
"759961","ECOLINE","ECOLINE EXIM LIMITED","SM","5.0000","1000","ES","E","NSE","145.2000","96.8000","","","670852"
"759945","MGSL","MATRIX GEO SOLUTIONS LTD","SM","5.0000","1200","ES","E","NSE","77.6000","51.8000","","","476825"
"544543","BMWVENTLTD","BMW Ventures","B","1.0000","1","ES","E","BSE","58.3600","38.9200","","","2054625"
"759261","GURUNANAK","GURUNANAK AGRICULTUR IN L","SM","5.0000","1600","ES","E","NSE","25.1000","20.6000","","","392399"
"759244","JAINREC","Jain Resource Recycling","EQ","5.0000","1","ES","E","NSE","547.8000","365.2000","","","218784"
"544542","JUSTO","Justo Realfintech Limited","M","1.0000","1000","ES","E","BSE","88.8000","59.2000","","","80000"
"759251","EPACKPEB","EPack Prefab Technologies","EQ","1.0000","1","ES","E","NSE","138.7700","125.5700","","","756503"
"759256","BMWVENTLTD","BMW VENTURES LIMITED","EQ","1.0000","1","ES","E","NSE","58.4000","38.9400","","","2054625"
"759239","FINKURVE","Finkurve Financial Services","EQ","1.0000","1","ES","E","NSE","61.2800","40.8600","","","1958045"
"544538","PRARUH","PRARUH TECHNOLOGIES LIMITED","M","1.0000","2000","ES","E","BSE","66.0000","44.0000","","","80000"
"544540","EPACKPEB","EPack Prefab Technologies","B","5.0000","1","ES","E","BSE","138.6500","125.4500","","","756503"
"544541","SYSTEMATIC","SYSTEMATIC INDUSTRIES LIMITED","M","5.0000","600","ES","E","BSE","158.9000","106.0000","","","80000"
"544537","JAINREC","Jain Resource Recycling","B","5.0000","1","ES","E","BSE","547.3500","364.9500","","","218784"
"544539","SOLVEX","Solvex Edibles Limited","M","1.0000","1600","ES","E","BSE","17.8300","16.1500","","","80000"
"759205","JKIPL","JINKUSHAL INDUSTRIES LTD","EQ","1.0000","1","ES","E","NSE","56.9800","38.0000","","","1255222"
"544544","TELGE","TELGE PROJECTS LIMITED","M","1.0000","1200","ES","E","BSE","115.2000","76.8000","","","80000"
"544547","JKIPL","Jinkushal Industries","B","1.0000","1","ES","E","BSE","56.4900","37.6700","","","1255222"
"544545","TRUALT","TruAlt Bioenergy","B","5.0000","1","ES","E","BSE","481.3500","320.9500","","","247824"
"544548","GPAPL","GUJARAT PEANUT AND AGRI PRODUC","M","1.0000","1600","ES","E","BSE","89.1300","59.4300","","","80000"
"759210","TRUALT","TruAlt Bioenergy","EQ","5.0000","1","ES","E","NSE","484.0500","322.7500","","","247824"
"544546","CHTR","Chatterbox Technologies Limite","M","1.0000","1200","ES","E","BSE","56.4000","37.6000","","","80000"
"544549","EARKART","EARKART LIMITED","M","5.0000","1000","ES","E","BSE","144.0000","96.0000","","","80000"
"544554","KVSCASTING","KVS Castings Limited","M","1.0000","2000","ES","E","BSE","60.0600","40.0400","","","80000"
"544550","PACEDIGITK","Pace Digitek Limited","B","5.0000","1","ES","E","BSE","169.0000","112.7000","","","705402"
"544553","MPKSTEELS","M P K STEELS (I) LIMITED","M","5.0000","1600","ES","E","BSE","132.3000","119.7000","","","80000"
"544552","RDGAIL","RUKMANI DEVI GARG AGRO IMPEX L","MT","5.0000","1200","ES","E","BSE","114.0500","103.2500","","","80000"
"759355","SYSTMTXC","SYSTEMATIX CORP SERVICE L","EQ","1.0000","1","ES","E","NSE","57.9100","47.3900","","","1899243"
"543917","SIGMA","Sigma Solve Limited","B","1.0000","1","ES","E","BSE","43.7000","29.1400","","","2752519"
"544555","AMEENJI","AMEENJI RUBBER LIMITED","M","5.0000","1200","ES","E","BSE","139.2000","92.8000","","","80000"
"542910","VALENCIA","Valencia Nutrition Limite","MS","1.0000","1500","ES","E","BSE","51.7000","42.3000","","","80000"
"759351","MPEL","MANAS POLYMER N ENERGIE L","SM","5.0000","1600","ES","E","NSE","52.9000","47.9000","","","254275"
"16658","SIGMA","Sigma Solve Limited","EQ","1.0000","1","ES","E","NSE","43.5900","29.0700","","","2752519"
"544551","BHAVIK","BHAVIK ENTERPRISES LIMITED","M","5.0000","1000","ES","E","BSE","203.1500","135.4500","","","80000"
"759342","PACEDIGITK","PACE DIGITEK LIMITED","EQ","1.0000","1","ES","E","NSE","170.0600","113.3800","","","705402"
"544558","FABTECH","Fabtech Technologies","B","5.0000","1","ES","E","BSE","167.4500","111.6500","","","718635"
"760116","GLOTTIS","Glottis","EQ","1.0000","1","ES","E","NSE","45.7600","30.5200","","","2621842"
"760125","FABTECH","FABTECH TECHNOLOGIES LTD","EQ","1.0000","1","ES","E","NSE","166.9800","111.3200","","","718635"
"521005","TITANIN","Titan Intech","X","1.0000","1","ES","E","BSE","0.7100","0.6500","","","80000"
"544560","SODHACAP","Sodhani Capital","M","1.0000","2000","ES","E","BSE","63.5300","51.9900","","","80000"
"544556","DHILLON","Dhillon Freight Carrie","M","1.0000","1600","ES","E","BSE","33.0000","22.0000","","","80000"
"760124","VIJAYPD","Vijaypd Ceutical","ST","5.0000","4000","ES","E","NSE","68.4500","61.9500","","","638588"
"544559","OML","Om Metallogic","M","1.0000","1600","ES","E","BSE","17.0100","11.3500","","","80000"
"760112","SUBAHOTELS","SUBA HOTELS LIMITED","SM","5.0000","1200","ES","E","NSE","121.1000","80.8000","","","792730"
"544557","GLOTTIS","Glottis","B","1.0000","1","ES","E","BSE","45.8100","30.5500","","","2621842"
"544567","INFINITY","Infinity Infoway Limited","M","5.0000","800","ES","E","BSE","384.7500","314.8500","","","80000"
"759411","OMFREIGHT","OM FREIGHT FORWARDERS LTD","EQ","1.0000","1","ES","E","NSE","71.5600","47.7200","","","1101186"
"759420","BAGDIGITAL","B.A.G.CONVERGENCE LIMITED","SM","5.0000","1600","ES","E","NSE","125.0000","83.4000","","","693854"
"759407","SHEEL","SHEEL BIOTECH LIMITED","SM","5.0000","2000","ES","E","NSE","48.0000","32.0000","","","665528"
"759402","ADVANCE","ADVANCE AGROLIFE LIMITED","EQ","1.0000","1","ES","E","NSE","101.9500","67.9700","","","1177007"
"544564","OMFREIGHT","Om Freight Forwarders","B","1.0000","1","ES","E","BSE","71.1700","47.4500","","","1101186"
"544565","VALPLAST","Valplast Technologies Limited","M","1.0000","2000","ES","E","BSE","40.5000","27.0000","","","80000"
"544561","CHIRAHARIT","Chiraharit Limited","M","1.0000","6000","ES","E","BSE","6.1200","4.0800","","","80000"
"544566","SUNSKY","Sunsky Logistics Limited","M","1.0000","3000","ES","E","BSE","82.8000","55.2000","","","80000"
"759416","MUNISH","MUNISH FORGE LIMITED","SM","5.0000","1200","ES","E","NSE","69.6500","46.4500","","","787097"
"544562","ADVANCE","Advance Agrolife","B","1.0000","1","ES","E","BSE","102.0600","68.0400","","","1177007"
"544563","ZELIO","Zelio E Mobility Limited","MT","5.0000","1000","ES","E","BSE","330.8500","299.3500","","","80000"
"759424","GREENLEAF","GREENLEAF ENVIROTECH LTD","SM","5.0000","1000","ES","E","NSE","58.6000","48.0000","","","193886"
"544568","ZAPPFRESH","DSM Fresh Foods","M","1.0000","1200","ES","E","BSE","99.7200","66.4800","","","80000"
"500399","STEELCO","Steelco Gujarat","XT","5.0000","1","ES","E","BSE","105.0000","95.0500","","","80000"
"539042","AGIIL","Agi Infra","B","5.0000","1","ES","E","BSE","336.0000","224.0000","","","356367"
"544570","WEWORK","WeWork India Management Limite","B","5.0000","1","ES","E","BSE","558.4000","372.3000","","","219583"
"24445","AGIIL","AGI Infra Limited","EQ","5.0000","1","ES","E","NSE","336.7000","224.5000","","","356367"
"544571","NSBBPO","NSB BPO Solutions Limited","M","1.0000","1000","ES","E","BSE","95.6500","63.7700","","","80000"
"759434","WEWORK","WEWORK INDIA MANAGEMENT L","EQ","5.0000","1","ES","E","NSE","546.4000","364.3000","","","219583"
"544574","TATACAP","Tata Capital","A","5.0000","1","ES","E","BSE","335.9500","274.9500","","","326854"
"759265","TATACAP","Tata Capital","EQ","5.0000","1","ES","E","NSE","335.5000","274.5000","","","326854"
"539725","GOKULAGRO","Gokul Agro Resources","B","5.0000","1","ES","E","BSE","217.0500","144.7500","","","554467"
"760204","MARKOLINES","MARKOLINES PAVEMENT TEC L","EQ","1.0000","1","ES","E","NSE","170.3400","113.5600","","","704471"
"544577","WORTHPERI","Worth Peripherals Limited","B","5.0000","1","ES","E","BSE","137.3000","91.6000","","","515057"
"501301","TATAINVEST","Tata Investment Corp.","A","5.0000","1","ES","E","BSE","649.1000","432.8000","","","184672"
"760213","LGEINDIA","LG Electronics India","EQ","10.0000","1","ES","E","NSE","1585.1000","1296.9000","","","69234"
"544576","LGEINDIA","LG Electronics India","B","5.0000","1","ES","E","BSE","1585.4500","1297.2500","","","69234"
"544575","MITTALSTL","Mittal Sections","M","1.0000","1000","ES","E","BSE","23.7600","21.5000","","","80000"
"1621","TATAINVEST","Tata Investment Corp","EQ","5.0000","1","ES","E","NSE","649.3500","432.9500","","","184672"
"14480","GOKULAGRO","Gokul Agro Resources","EQ","1.0000","1","ES","E","NSE","216.3800","144.2600","","","554467"
"759381","MONEYBOXX","MONEYBOXX FINANCE LIMITED","EQ","1.0000","1","ES","E","NSE","70.9500","47.3100","","","1691154"
"761025","GICL","GLOBE INTL CARRIERS LTD","EQ","1.0000","1","ES","E","NSE","47.1400","31.4400","","","2545175"
"759316","RUBICON","RUBICON RESEARCH LIMITED","EQ","5.0000","1","ES","E","NSE","927.3500","618.2500","","","129328"
"759311","CRAMC","CANARA ROBECO AMC LIMITED","EQ","1.0000","1","ES","E","NSE","260.7000","173.8000","","","460255"
"544580","CRAMC","Canara Robeco Asset Management","B","5.0000","1","ES","E","BSE","261.4500","174.3500","","","460255"
"524661","WELCURE","Welcure Drugs & Pharmaceu","X","1.0000","1","ES","E","BSE","0.2500","0.2300","","","80000"
"544578","RUBICON","RUBICON RESEARCH LIMITED","B","5.0000","1","ES","E","BSE","927.0000","618.0000","","","129328"
"544582","SHLOKKA","SHLOKKA DYES LIMITED","M","1.0000","1200","ES","E","BSE","22.8100","20.6500","","","80000"
"544585","SIHORA","SIHORA INDUSTRIES LIMITED","M","1.0000","2000","ES","E","BSE","65.4000","43.6000","","","80000"
"544583","CANHLIFE","Canara HSBC Life Insurance Com","B","5.0000","1","ES","E","BSE","168.4500","112.3500","","","710599"
"544584","SKM","SK Minerals & Additives Limite","M","5.0000","1000","ES","E","BSE","148.8000","99.2000","","","80000"
"759477","CANHLIFE","CANARA HSBC LIFE INS CO L","EQ","1.0000","1","ES","E","NSE","168.7800","112.5200","","","710599"
"543378","CWD","CWD Limited","MS","5.0000","500","ES","E","BSE","298.2000","269.8000","","","80000"
"533096","ADANIPOWER","Adani Power","A","5.0000","1","ES","E","BSE","165.5500","135.4500","","","655679"
"17388","ADANIPOWER","Adani Power","EQ","1.0000","1","ES","E","NSE","165.4700","135.3900","","","655679"
"544587","MIDWESTLTD","Midwest","B","5.0000","1","ES","E","BSE","1260.4000","1031.3000","","","87111"
"759517","MIDWESTLTD","Midwest","EQ","10.0000","1","ES","E","NSE","1262.2000","1032.8000","","","87111"
"517286","RNITAI","Autopal Industries Ltd.","XT","1.0000","1","ES","E","BSE","61.2700","55.4500","","","80000"
"512445","DEVITRD","Devinsu Trading","XT","1.0000","1","ES","E","BSE","9.0300","8.1700","","","80000"
"519421","KSE","KSE","X","5.0000","1","ES","E","BSE","211.5500","141.0500","","","80000"
"17922","GEEKAYWIRE","Geekay Wires","EQ","1.0000","1","ES","E","NSE","22.8200","15.2200","","","3417803"
"759159","JAYESH","JAYESH LOGISTICS LIMITED","SM","5.0000","1000","ES","E","NSE","149.0000","99.4000","","","284210"
"514211","SUMEETINDS","Sumeet Industries","B","1.0000","1","ES","E","BSE","30.7500","27.8300","","","3372168"
"532742","PAUSHAKLTD","Paushak","B","5.0000","1","ES","E","BSE","414.7000","276.5000","","","289915"
"20790","SUMEETINDS","Sumeet Industries","EQ","1.0000","1","ES","E","NSE","31.1300","28.1700","","","3372168"
"544594","TRADEUNO","GAME CHANGERS TEXFAB LIMITED","M","5.0000","1200","ES","E","BSE","124.3500","82.9500","","","80000"
"544596","SAFECURE","Safecure Services Limited","M","1.0000","1200","ES","E","BSE","30.0600","20.0400","","","80000"
"544598","ACCURACY","Accuracy Shipping Limited","B","1.0000","1","ES","E","BSE","4.1400","2.7600","","","4923311"
"544595","ORKLAINDIA","Orkla India","B","5.0000","1","ES","E","BSE","701.7000","467.8000","","","170825"
"759569","ORKLAINDIA","Orkla India","EQ","5.0000","1","ES","E","NSE","702.0500","468.0500","","","170825"
"544597","PIRAMALFIN","Piramal Finance Limited","B","5.0000","1","ES","E","BSE","2197.7000","1465.2000","","","54402"
"759551","PIRAMALFIN","PIRAMAL FINANCE LIMITED","EQ","10.0000","1","ES","E","NSE","2201.4000","1467.6000","","","54402"
"544599","STUDDS","Studds Accessories","B","5.0000","1","ES","E","BSE","538.9500","359.3500","","","222779"
"759587","STUDDS","Studds Accessories","EQ","5.0000","1","ES","E","NSE","538.5500","359.0500","","","222779"
"759605","LENSKART","LENSKART SOLUTIONS LTD","EQ","5.0000","1","ES","E","NSE","599.1500","399.4500","","","199687"
"544600","LENSKART","Lenskart Solutions Limited","B","5.0000","1","ES","E","BSE","600.7000","400.5000","","","199687"
"544603","GROWW","Groww - Billionbrains Garage Ventures","B","5.0000","1","ES","E","BSE","180.1000","120.1000","","","665001"
"759802","SHETHJI","SHREEJI GLOBAL FMCG LTD","SM","5.0000","1000","ES","E","NSE","152.1000","101.4000","","","744251"
"544569","TMCV","Tata Motors Commercial Vehicles","B","5.0000","1","ES","E","BSE","473.5000","315.7000","","","250398"
"759782","TMCV","Tata Motors Commercial Vehicles","EQ","5.0000","1","ES","E","NSE","473.7500","315.8500","","","250398"
"759806","GROWW","Groww - Billionbrains Garage Ventures","EQ","1.0000","1","ES","E","NSE","180.1400","120.1000","","","665001"
"759776","FINBUD","FINBUD FINANCIAL SERV LTD","SM","5.0000","1000","ES","E","NSE","87.5000","71.6000","","","622917"
"544446","ADVENTHTL","Advent Hotels International","B","5.0000","1","ES","E","BSE","150.6500","100.4500","","","799271"
"539200","NOBPOL","NOBLE POLYMERS LIMITED","XT","1.0000","1","ES","E","BSE","1.7500","1.6900","","","80000"
"759769","ADVENTHTL","ADVENT HOTELS INTERNATI L","EQ","1.0000","1","ES","E","NSE","150.1300","100.0900","","","799271"
"544606","PINELABS","Pine Labs","B","5.0000","1","ES","E","BSE","187.0000","124.7000","","","639589"
"759825","CURIS","CURIS LIFESCIENCES LTD","SM","5.0000","1000","ES","E","NSE","111.5000","74.4000","","","264360"
"514177","RISHYRN","Rishab Special Yarns Ltd.","XT","1.0000","1","ES","E","BSE","74.9700","67.8300","","","80000"
"14602","WEBELSOLAR","Websol Energy System","EQ","1.0000","1","ES","E","NSE","71.3400","58.3800","","","1541375"
"759752","MODIS","Modis Navnirman","EQ","5.0000","1","ES","E","NSE","359.8500","239.9500","","","333442"
"544607","SHTL","SHINING TOOLS LIMITED","M","1.0000","1200","ES","E","BSE","42.3700","34.6700","","","80000"
"517498","WEBELSOLAR","Websol Energy System","A","1.0000","1","ES","E","BSE","71.3900","58.4100","","","1541375"
"530617","SAMPRE","Sampre Nutritions","X","1.0000","1","ES","E","BSE","18.1700","16.4500","","","80000"
"759820","PINELABS","Pine Labs","EQ","1.0000","1","ES","E","NSE","187.4100","124.9500","","","639589"
"513307","BELDING","Synthiko Foils","XT","5.0000","1","ES","E","BSE","1715.9000","1552.5000","","","80000"
"544610","WORKMATES","Workmates Core2cloud Solution","M","5.0000","600","ES","E","BSE","331.9000","221.3000","","","80000"
"544608","EMMVEE","Emmvee Photovoltaic Power","B","5.0000","1","ES","E","BSE","238.2500","194.9500","","","459717"
"544609","PWL","Physicswallah Limited","B","1.0000","1","ES","E","BSE","105.0100","70.0100","","","1143876"
"759728","EMMVEE","Emmvee Photovoltaic Power","EQ","1.0000","1","ES","E","NSE","239.1000","195.6400","","","459717"
"544611","MAHALIFE","Mahamaya Lifesciences","M","5.0000","1200","ES","E","BSE","165.5500","135.4500","","","80000"
"759723","PWL","PHYSICSWALLAH LIMITED","EQ","1.0000","1","ES","E","NSE","104.7600","69.8400","","","1143876"
"544612","TENNIND","Tenneco Clean Air India","B","5.0000","1","ES","E","BSE","617.4000","411.6000","","","194133"
"759880","TENNIND","Tenneco Clean Air India","EQ","5.0000","1","ES","E","NSE","618.1000","412.1000","","","194133"
"759876","UTLSOLAR","Fujiyama Power Systems","EQ","1.0000","1","ES","E","NSE","217.2300","177.7500","","","506190"
"544613","UTLSOLAR","Fujiyama Power Systems","B","5.0000","1","ES","E","BSE","215.8500","176.6500","","","506190"
"544614","CAPILLARY","Capillary Technologies India","B","5.0000","1","ES","E","BSE","573.6500","382.4500","","","208523"
"759867","CAPILLARY","Capillary Technologies India","EQ","5.0000","1","ES","E","NSE","575.3000","383.6000","","","208523"
"759847","SHILCTECH","SHILCHAR TECHNOLOGIES LTD","EQ","10.0000","1","ES","E","NSE","4263.9000","2842.7000","","","28131"
"544617","EXCELSOFT","Excelsoft Technologies Limited","B","1.0000","1","ES","E","BSE","80.3000","53.5400","","","1498741"
"544616","GALLARD","Gallard Steel Limited","M","5.0000","1000","ES","E","BSE","151.8500","101.2500","","","80000"
"760007","EXCELSOFT","EXCELSOFT TECHNOLOGIES L","EQ","1.0000","1","ES","E","NSE","80.0600","53.3800","","","1498741"
"759989","KSR","KSR FOOTWEAR LIMITED","BE","1.0000","1","ES","E","NSE","34.0800","32.7600","","","600973"
"6218","SIKKO","Sikko Industries Limited","EQ","1.0000","1","ES","E","NSE","4.3800","3.9800","","","14283359"
"544615","KSR","KSR Footwear Limited","T","1.0000","1","ES","E","BSE","33.6900","32.3700","","","600973"
"544619","SUDEEPPHRM","Sudeep Pharma Limited","B","5.0000","1","ES","E","BSE","651.5500","533.1500","","","168745"
"538610","UNISON","Unison Metals","X","1.0000","1","ES","E","BSE","0.7600","0.5200","","","80000"
"760039","SUDEEPPHRM","SUDEEP PHARMA LIMITED","EQ","5.0000","1","ES","E","NSE","651.8000","533.3000","","","168745"
"759969","PAUSHAKLTD","PAUSHAK LIMITED","EQ","5.0000","1","ES","E","NSE","413.8500","275.9500","","","289915"
"395","BEML","BEML","EQ","10.0000","1","ES","E","NSE","1643.2000","1095.6000","","","72961"
"544621","SSMD","SSMD AGROTECH INDIA LIMITED","MT","1.0000","1000","ES","E","BSE","56.4700","51.1100","","","80000"
"500048","BEML","BEML","A","5.0000","1","ES","E","BSE","1641.1500","1094.1500","","","72961"
"523373","MINID","Mini Diamonds","X","1.0000","1","ES","E","BSE","17.8200","11.8800","","","80000"
"544623","MNFL","Mother Nutri Foods","M","5.0000","1200","ES","E","BSE","201.8000","134.6000","","","80000"
"760073","JAYKAY","JAYKAY ENTERPRISES LTD","EQ","1.0000","1","ES","E","NSE","141.9700","94.6500","","","845172"
"544624","KKSILK","K K Silk Mills","M","1.0000","3000","ES","E","BSE","9.6600","8.7400","","","80000"
"544625","LOGICIEL","Logiciel Solutions","M","1.0000","600","ES","E","BSE","35.8600","32.4600","","","80000"
"342","CAMS","Computer Age Mngt Ser Ltd","EQ","5.0000","1","ES","E","NSE","688.3500","563.2500","","","159640"
"543232","CAMS","CAMS","A","5.0000","1","ES","E","BSE","688.4500","563.3500","","","159640"
"760101","SKFINDUS","SKF IND (INDUSTRIAL) LTD","EQ","10.0000","1","ES","E","NSE","2499.8000","1666.6000","","","47954"
"544626","EXATO","Exato Technologies","M","5.0000","1000","ES","E","BSE","380.0000","253.4000","","","80000"
"544627","PURPLEWAVE","PURPLE WAVE INFOCOM LIMITED","M","5.0000","1000","ES","E","BSE","122.8500","81.9500","","","80000"
"544572","SKFINDUS","SKF INDIA (INDUSTRIAL) LIMITED","B","5.0000","1","ES","E","BSE","2493.8000","1662.6000","","","47954"
"760139","INVICTA","INVICTA DIAGNOSTIC LTD","SM","5.0000","1600","ES","E","NSE","75.6000","50.4000","","","411103"
"760143","CSSL","CLEAR SECURED SERVICES L","SM","5.0000","1000","ES","E","NSE","114.0000","76.0000","","","786340"
"760135","SPEB","SPEB ADHESIVES LIMITED","SM","5.0000","2000","ES","E","NSE","61.3000","40.9000","","","734591"
"544629","RAVEL","Ravelcare Limited","M","5.0000","1000","ES","E","BSE","164.7500","109.8500","","","80000"
"544628","ASTRONMULT","Astron Multigrain Limited","M","1.0000","2000","ES","E","BSE","17.0700","13.9700","","","80000"
"544631","CNL","CREATIVE NEWTECH LIMITED","B","5.0000","1","ES","E","BSE","636.4500","424.3500","","","189330"
"544630","HELLOJI","HELLOJI HOLIDAYS LIMITED","M","5.0000","1200","ES","E","BSE","138.0000","92.0000","","","80000"
"760928","NEOCHEM","NEOCHEM BIO SOLUTIONS LTD","SM","5.0000","1200","ES","E","NSE","75.9000","50.6000","","","559848"
"760224","VIDYAWIRES","VIDYA WIRES LIMITED","EQ","1.0000","1","ES","E","NSE","60.1800","40.1200","","","1993990"
"760202","SHRIKANHA","SHRI KANHA STAINLESS LTD","SM","5.0000","1600","ES","E","NSE","16.6000","15.1000","","","509544"
"544632","MEESHO","Meesho Limited","B","5.0000","1","ES","E","BSE","154.6500","126.5500","","","708561"
"760234","AEQUS","AEQUS LIMITED","EQ","1.0000","1","ES","E","NSE","145.1500","96.7700","","","826260"
"760229","MEESHO","MEESHO LIMITED","EQ","1.0000","1","ES","E","NSE","154.4400","126.3600","","","708561"
"544633","VIDYAWIRES","VIDYA WIRES LIMITED","B","1.0000","1","ES","E","BSE","60.2000","40.1400","","","1993990"
"544634","AEQUS","Aequs Limited","B","5.0000","1","ES","E","BSE","145.2000","96.8000","","","826260"
"544635","LUXURY","Luxury Time Limited","M","1.0000","1600","ES","E","BSE","65.4100","59.1900","","","80000"
"760277","MODINATUR","Modi Naturals","EQ","5.0000","1","ES","E","NSE","344.6000","229.8000","","","348188"
"544636","WOSAL","Western Overseas Study Abroad","M","1.0000","2000","ES","E","BSE","16.5500","14.9900","","","80000"
"1628","BECTORFOOD","Mrs Bectors Food Ltd","EQ","1.0000","1","ES","E","NSE","214.8600","143.2400","","","558415"
"760331","FWSTC","FLYWINGS SIMULAT T C LTD","SM","5.0000","600","ES","E","NSE","230.4000","153.6000","","","332792"
"544637","METHODHUB","Methodhub Software Limited","M","1.0000","600","ES","E","BSE","71.6100","58.5900","","","80000"
"760321","ENCOMPAS","ENCOMPASS DESIGN INDIA L","SM","5.0000","1200","ES","E","NSE","290.2000","193.5000","","","413478"
"543253","BECTORFOOD","Mrs Bectors Food Ltd","A","5.0000","1","ES","E","BSE","214.8500","143.2500","","","558415"
"544641","KVTOYS","K. V. TOYS INDIA LIMITED","M","5.0000","600","ES","E","BSE","223.3500","148.9500","","","80000"
"544642","WAKEFIT","Wakefit Innovations","B","5.0000","1","ES","E","BSE","182.2000","121.5000","","","657579"
"760254","CORONA","CORONA Remedies Limited","EQ","10.0000","1","ES","E","NSE","1867.2000","1244.8000","","","64218"
"760259","WAKEFIT","Wakefit Innovations","EQ","1.0000","1","ES","E","NSE","182.4100","121.6100","","","657579"
"544644","CORONA","CORONA Remedies Limited","B","5.0000","1","ES","E","BSE","1867.3500","1244.9500","","","64218"
"544643","PRODOCS","PRODOCS SOLUTIONS LIMITED","MT","5.0000","1000","ES","E","BSE","194.0000","175.6000","","","80000"
"544640","RDEL","Riddhi Display Equipments Limi","M","1.0000","1200","ES","E","BSE","26.1500","21.4100","","","80000"
"890228","ATLPP","Allcargo Terminals Limited","B","1.0000","1","ES","E","BSE","7.4800","5.0000","","","1301427"
"760953","ATLPP","ATL RE.0.50 PPD UP","E1","1.0000","1","ES","E","NSE","7.5900","5.0700","","","1301427"
"538812","AANCHALISP","Aanchal Ispat","XT","1.0000","1","ES","E","BSE","25.6400","23.2000","","","80000"
"544648","UNISEM","UNISEM AGRITECH LIMITED","M","1.0000","2000","ES","E","BSE","69.6000","46.4000","","","80000"
"544647","NEPHROPLUS","Nephrocare Health Services","B","5.0000","1","ES","E","BSE","606.6500","404.4500","","","197269"
"760351","PARKHOSPS","Park Medi World","EQ","1.0000","1","ES","E","NSE","209.0600","171.0600","","","526091"
"760346","NEPHROPLUS","Nephrocare Health Services","EQ","5.0000","1","ES","E","NSE","608.2000","405.5000","","","197269"
"544645","PARKHOSPS","Park Medi World","B","5.0000","1","ES","E","BSE","208.6000","170.7000","","","526091"
"544646","SHIPWAVES","Shipwaves Online Limited","M","1.0000","10000","ES","E","BSE","3.4700","3.1500","","","80000"
"544656","HRS","HRS ALUGLAZE LIMITED","MT","5.0000","1200","ES","E","BSE","279.3500","252.7500","","","80000"
"544657","PAJSON","Pajson Agro India Limited","MT","5.0000","1200","ES","E","BSE","156.6500","141.7500","","","80000"
"760407","ICICIAMC","ICICI Prudential Asset Management Company","EQ","10.0000","1","ES","E","NSE","3081.6000","2521.4000","","","35586"
"760392","RUDRA","Rudra Global Infra Products","EQ","1.0000","1","ES","E","NSE","17.7600","11.8400","","","3281243"
"544658","ICICIAMC","ICICI Prudential Asset Management Company","A","5.0000","1","ES","E","BSE","3083.7000","2523.1000","","","35586"
"760418","ASHWINI","ASHWINI CONTAINER MOVER L","SM","5.0000","1000","ES","E","NSE","159.0000","106.0000","","","490499"
"544659","STANBIK","STANBIK AGRO LIMITED","M","1.0000","4000","ES","E","BSE","40.2000","26.8000","","","80000"
"760425","EXIMROUTES","Exim Routes","ST","5.0000","1600","ES","E","NSE","136.1000","123.2000","","","613190"
"543273","KMEW","Knowledge Marine & Engineering","B","5.0000","1","ES","E","BSE","1769.1500","1179.4500","","","68199"
"27084","KMEW","Knowledge Marine & En W L","EQ","10.0000","1","ES","E","NSE","1759.4000","1173.0000","","","68199"
"544662","SIMANDHAR","SIMANDHAR IMPEX LIMITED","XT","5.0000","1","ES","E","BSE","133.9000","121.2000","","","80000"
"544663","NEPLOG","NEPTUNE LOGITEK LIMITED","M","1.0000","1000","ES","E","BSE","50.0600","40.9600","","","80000"
"760433","KSHINTL","KSH International","EQ","5.0000","1","ES","E","NSE","526.5000","351.0000","","","227862"
"544664","KSHINTL","KSH International","B","5.0000","1","ES","E","BSE","525.7000","350.5000","","","227862"
"760453","MARC","MARC TECHNOCRATS LIMITED","SM","5.0000","1200","ES","E","NSE","73.3000","48.9000","","","566147"
"890230","ACESEPP","Ace Software Exports ltd.","X","5.0000","1","ES","E","BSE","126.7500","84.5500","","","80000"
"544665","GLOBALLOG","Global Ocean Logistics India L","MT","5.0000","1600","ES","E","BSE","106.8000","96.7000","","","80000"
"543988","NUVAMA","Nuvama Wealth Management Limit","A","5.0000","1","ES","E","BSE","1270.6000","1039.6000","","","86105"
"18721","NUVAMA","Nuvama Wealth Manage Ltd","EQ","10.0000","1","ES","E","NSE","1277.2000","1045.0000","","","86105"
"761210","SHYAMDHANI","SHYAM DHANI INDUSTRIES L","SM","5.0000","2000","ES","E","NSE","57.6000","38.4000","","","675451"
"761197","GKSL","Gujarat Kidney And Super Speciality","EQ","1.0000","1","ES","E","NSE","121.6000","81.0800","","","986723"
"544666","GKSL","Gujarat Kidney And Super Speciality","B","5.0000","1","ES","E","BSE","121.5000","81.0000","","","986723"
"761214","EPWINDIA","EPW INDIA LIMITED","SM","5.0000","1200","ES","E","NSE","133.2000","88.8000","","","375382"
"761202","SOCL","SUNDREX OIL COMPANY LTD","SM","5.0000","1600","ES","E","NSE","26.0500","23.6500","","","437969"
"544667","DACHEPALLI","Dachepalli Publishers Limited","M","1.0000","1200","ES","E","BSE","57.7300","38.4900","","","80000"
"760489","DHARARAIL","DHARA RAIL PROJECTS LTD","SM","5.0000","1000","ES","E","NSE","108.0500","72.0500","","","493246"
"544671","ATIL","APOLLO TECHNO INDUSTRIES LIMIT","M","1.0000","1000","ES","E","BSE","97.0200","64.6800","","","80000"
"544670","BAIKAKAJI","BAI-KAKAJI POLYMERS LIMITED","M","5.0000","600","ES","E","BSE","211.2000","140.8000","","","80000"
"544669","ADMACH","ADMACH SYSTEMS LIMITED","M","5.0000","600","ES","E","BSE","216.0000","144.0000","","","80000"
"544668","NANTA","NANTA TECH LIMITED","M","5.0000","600","ES","E","BSE","339.5000","226.4000","","","80000"
"760531","E2ERAIL","E TO E TRANS INFRA LTD","SM","5.0000","800","ES","E","NSE","216.9000","144.6000","","","553243"
"761270","ALGOQUANT","Algoquant Fintech","EQ","1.0000","1","ES","E","NSE","59.7100","39.8100","","","2009555"
"544673","MDRC","MODERN DIAGNOSTIC & RESEARCH C","M","1.0000","1600","ES","E","BSE","64.3400","42.9000","","","80000"
"530757","SHENTRA","Shentracon Chemicals Ltd.","XT","1.0000","1","ES","E","BSE","60.8500","58.4700","","","80000"
"544517","BUILDPRO","Shankara Buildpro Limited","B","5.0000","1","ES","E","BSE","1147.3500","764.9500","","","104223"
"760594","BUILDPRO","SHANKARA BUILDPRO LIMITED","EQ","5.0000","1","ES","E","NSE","1151.2500","767.5500","","","104223"
"4732","SKMEGGPROD","Skm Egg Prod Export","EQ","1.0000","1","ES","E","NSE","177.7900","118.5300","","","674943"
"532143","SKMEGGPROD","SKM Egg Prod Export","B","5.0000","1","ES","E","BSE","179.3000","119.6000","","","674943"
"544675","GTIL","Gabion Technologies India Limi","M","1.0000","1600","ES","E","BSE","71.4100","47.6100","","","80000"
"534732","CASPIAN","Caspian Corporate Services","X","1.0000","1","ES","E","BSE","30.2600","27.3800","","","80000"
"544676","YAJUR","YAJUR FIBRES LIMITED","M","1.0000","800","ES","E","BSE","43.0600","28.7200","","","80000"
"890232","KRISHPP","KRISHIVAL FOODS LIMITED","B","5.0000","1","ES","E","BSE","130.3500","86.9500","","","108994"
"760688","KRISHPP","KRISHIVAL RE.3.50 PPD UP","E1","5.0000","1","ES","E","NSE","135.9000","90.6000","","","108994"
"760691","VICTORYEV","VICTORY ELEC VEHICL INT L","SM","5.0000","3000","ES","E","NSE","16.8000","11.2000","","","787742"
"890231","ANIRITPP","ANIRIT VENTURES LIMITED","X","1.0000","1","ES","E","BSE","20.9200","18.9400","","","80000"
"539660","BESTAGRO","Best Agrolife","T","1.0000","1","ES","E","BSE","12.9400","11.7200","","","8129770"
"2311","BESTAGRO","Best Agrolife Limited","BE","1.0000","1","ES","E","NSE","12.9100","11.6900","","","8129770"
"760726","BHARATCOAL","Bharat Coking Coal","EQ","1.0000","1","ES","E","NSE","35.9400","23.9600","","","3334411"
"544678","BHARATCOAL","Bharat Coking Coal","B","1.0000","1","ES","E","BSE","35.9200","23.9600","","","3334411"
"760715","HALDER","HALDER VENTURE LIMITED","EQ","1.0000","1","ES","E","NSE","257.3500","232.8500","","","406727"
"544677","DEFRAIL","Defrail Technologies Limited","M","1.0000","1600","ES","E","BSE","98.4000","65.6000","","","80000"
"760657","ADVAIT","Advait Energy Transitions","EQ","10.0000","1","ES","E","NSE","2028.1000","1352.1000","","","59167"
"760733","AVANA","AVANA ELECTROSYSTEMS LTD","SM","5.0000","2000","ES","E","NSE","78.0500","52.0500","","","740504"
"760740","AMAGI","AMAGI MEDIA LABS LIMITED","EQ","5.0000","1","ES","E","NSE","391.3500","260.9500","","","306552"
"544681","INDOSMC","INDO SMC Limited","M","5.0000","1000","ES","E","BSE","176.1000","117.4000","","","80000"
"544680","NARMADESH","Narmadesh Brass Industries Lim","M","5.0000","240","ES","E","BSE","157.5000","142.5000","","","80000"
"544682","GRERENEW","GRE Renew Enertech Limited","M","1.0000","1200","ES","E","BSE","114.0000","76.0000","","","80000"
"544679","AMAGI","Amagi Media Labs Limited","B","5.0000","1","ES","E","BSE","393.8000","262.6000","","","306552"
"760749","ARMOUR","ARMOUR SECURITY (INDIA) L","SM","5.0000","2000","ES","E","NSE","22.6500","15.1500","","","551648"
"522091","UVDRHOR","United Van Der Horst","XT","1.0000","1","ES","E","BSE","36.2600","32.8200","","","80000"
"544683","ARITAS","Aritas Vinyl Limited","M","1.0000","3000","ES","E","BSE","14.9700","13.5500","","","80000"
"544684","DIGILOGIC","DIGILOGIC SYSTEMS LIMITED","M","1.0000","1200","ES","E","BSE","100.4400","66.9600","","","80000"
"761469","SHADOWFAX","SHADOWFAX TECHNOLOGIES L","EQ","1.0000","1","ES","E","NSE","137.8400","91.9000","","","870245"
"544685","SHADOWFAX","SHADOWFAX TECHNOLOGIES LIMITED","B","5.0000","1","ES","E","BSE","138.0000","92.0000","","","870245"
"760624","KRMAYURVED","KRM AYURVEDA LIMITED","SM","5.0000","1000","ES","E","NSE","210.1500","140.1500","","","570937"
"13846","CLCIND","Spentex Industries","BE","1.0000","1","ES","E","NSE","17.6500","15.9700","","","339906"
"530889","ALKA","Alka India","XT","1.0000","1","ES","E","BSE","15.6000","14.1200","","","80000"
"544686","SHAYONAENG","SHAYONA ENGINEERING LIMITED","M","5.0000","1000","ES","E","BSE","160.2000","106.8000","","","80000"
"521082","CLCIND","CLC Industries","T","1.0000","1","ES","E","BSE","11.9800","10.8400","","","339906"
"544687","HANNAH","Hannah Joseph Hospital Limited","M","1.0000","2000","ES","E","BSE","83.3500","55.5700","","","80000"
"544688","KASTURI","KASTURI METAL COMPOSITE LIMITE","M","1.0000","2000","ES","E","BSE","59.2800","39.5200","","","80000"
"544695","MSAFE","Msafe Equipments Limited","M","5.0000","1000","ES","E","BSE","138.7000","92.5000","","","80000"
"544694","ANL","Accretion Nutraveda Limited","M","5.0000","1000","ES","E","BSE","249.5000","166.4000","","","80000"
"544693","KANISHK","KANISHK ALUMINIUM INDIA LIMITE","M","1.0000","1600","ES","E","BSE","26.6700","24.1300","","","80000"
"760857","CKKRETAIL","C K K Retail Mart","ST","5.0000","800","ES","E","NSE","131.0000","118.6000","","","633333"
"760971","GJL","GROVER JEWELLS LIMITED","ST","5.0000","1600","ES","E","NSE","211.7000","191.6000","","","474385"
"760972","BRANDMAN","BRANDMAN RETAIL LIMITED","SM","5.0000","800","ES","E","NSE","123.6500","101.2500","","","603549"
"500236","KANELIND","Kanel Ind.","XT","1.0000","1","ES","E","BSE","18.7800","17.0000","","","80000"
"760942","BIOPOL","BIOPOL CHEMICALS LIMITED","SM","5.0000","1200","ES","E","NSE","116.5000","77.7000","","","353336"
"544698","PANHR","PAN HR SOLUTION LIMITED","M","1.0000","1600","ES","E","BSE","54.2100","36.1500","","","80000"
"544700","FRACTAL","Fractal Analytics Limited","B","5.0000","1","ES","E","BSE","913.2000","608.8000","","","131553"
"760961","FRACTAL","FRACTAL ANALYTICS LIMITED","EQ","5.0000","1","ES","E","NSE","911.3000","607.6000","","","131553"
"544699","AYE","Aye Finance Limited","B","1.0000","1","ES","E","BSE","114.4800","76.3200","","","1051054"
"760946","KWIL","KWALITY WALL'S (INDIA) L","EQ","1.0000","1","ES","E","NSE","26.9600","17.9800","","","4450125"
"760981","AYE","AYE FINANCE LIMITED","EQ","1.0000","1","ES","E","NSE","114.1500","76.1100","","","1051054"
"544622","KWIL","Kwality Walls (India) Limited","B","1.0000","1","ES","E","BSE","27.1900","18.1300","","","4450125"
"526349","NIRBHAYIND","Parth Industries","Z","1.0000","1","ES","E","BSE","0.9400","0.8600","","","80000"
"544702","DCMSIL","DCM SHRIRAM INTERNATIONAL LIMI","T","1.0000","1","ES","E","BSE","71.8300","64.9900","","","1463034"
"760891","DSFCL","DCM SHRIRAM FINE CHEM LTD","EQ","1.0000","1","ES","E","NSE","19.0900","15.6300","","","2844644"
"760898","DCMSIL","DCM SHRIRAM INTERNATNL L","BE","1.0000","1","ES","E","NSE","71.7600","64.9400","","","1463034"
"544703","DSFCL","DCM SHRIRAM FINE CHEMICALS LIM","B","1.0000","1","ES","E","BSE","19.1200","15.6600","","","2844644"
"761037","CEINSYS","CEINSYS TECH LIMITED","EQ","5.0000","1","ES","E","NSE","1070.7000","713.8000","","","112060"
"761034","SILGOPP","SILGO RS.5 PPD UP","E1","1.0000","1","ES","E","NSE","37.2000","24.8000","","","241370"
"761042","MARUSHIKA","MARUSHIKA TECHNOLOGY LTD","SM","5.0000","1200","ES","E","NSE","112.2000","74.8000","","","279152"
"524717","TITANBIO","Titan Biotech","XT","5.0000","1","ES","E","BSE","480.5500","434.8500","","","80000"
"761058","BONLON","BONLON INDUSTRIES LIMITED","BE","1.0000","1","ES","E","NSE","37.8100","34.2100","","","463795"
"542923","TRANWAY21","Tranway Technologies Limi","MS","1.0000","10000","ES","E","BSE","4.2500","3.8500","","","80000"
"543194","NIRMITEE","Nirmitee Robotics India Limite","MS","5.0000","900","ES","E","BSE","131.2500","118.7500","","","80000"
"544707","FIL","Fractal Industries Limited","M","5.0000","600","ES","E","BSE","246.0500","164.0500","","","80000"
"761814","TCC","TCC CONCEPT LIMITED","EQ","5.0000","1","ES","E","NSE","389.8500","259.9500","","","307744"
"761821","AARNAV","AARNAV FASHIONS LIMITED","EQ","1.0000","1","ES","E","NSE","26.0200","17.3600","","","1381203"
"544708","YASHHTEJ","Yashhtej Industries (India) Li","M","1.0000","1200","ES","E","BSE","56.6600","51.2800","","","80000"
"890233","PVVIPP","PVV Infra Limited","X","1.0000","1","ES","E","BSE","1.1500","0.9500","","","80000"
"544709","GAUDIUMIVF","Gaudium IVF and Women Health L","B","1.0000","1","ES","E","BSE","85.5700","57.0500","","","1397944"
"760178","GAUDIUMIVF","GAUDIUM IVF N WOMEN H L","EQ","1.0000","1","ES","E","NSE","85.8300","57.2300","","","1397944"
"760174","MANILAM","MANILAM INDUSTRIES IND L","SM","5.0000","2000","ES","E","NSE","64.0000","42.7000","","","714429"
"760188","SRTL","SHREE RAM TWISTEX LIMITED","EQ","1.0000","1","ES","E","NSE","49.0600","32.7200","","","1307182"
"760196","MOBILISE","MOBILISE APP LAB LIMITED","SM","5.0000","1600","ES","E","NSE","58.1000","47.6000","","","311042"
"544711","KIAASA","KIAASA RETAIL LIMITED","M","1.0000","1000","ES","E","BSE","46.0900","41.7100","","","80000"
"514274","VGL","Varvee Global","B","1.0000","1","ES","E","BSE","55.7600","37.1800","","","1684987"
"544717","CLEANMAX","Clean Max Enviro Energy Solutions","B","5.0000","1","ES","E","BSE","922.4000","615.0000","","","129840"
"13771","VGL","Aarvee Denims & Exports","EQ","1.0000","1","ES","E","NSE","56.4000","37.6000","","","1684987"
"760183","CLEANMAX","Clean Max Enviro Energy Solutions","EQ","5.0000","1","ES","E","NSE","923.6000","615.8000","","","129840"
"544716","SRTL","Shree Ram Twistex","B","1.0000","1","ES","E","BSE","49.0800","32.7200","","","1307182"
"544710","ACCORDTS","ACCORD TRANSFORMER & SWITCHGEA","M","1.0000","3000","ES","E","BSE","65.8800","43.9200","","","80000"
"544718","PNGSREVA","PNGS Reva Diamond Jewellery","B","5.0000","1","ES","E","BSE","400.8000","267.2000","","","301356"
"760242","PNGSREVA","PNGS Reva Diamond Jewellery","EQ","5.0000","1","ES","E","NSE","398.1500","265.4500","","","301356"
"544720","OMNI","Omnitech Engineering","B","5.0000","1","ES","E","BSE","293.5000","195.7000","","","407726"
"760870","YAAP","YAAP DIGITAL LIMITED","SM","5.0000","1000","ES","E","NSE","165.7500","110.5500","","","684509"
"760865","OMNI","Omnitech Engineering","EQ","1.0000","1","ES","E","NSE","294.2700","196.1900","","","407726"
"761091","STRIDERS","STRIDERS IMPEX LIMITED","SM","5.0000","1600","ES","E","NSE","76.2000","50.8000","","","608771"
"761112","ACETEC","ACETECH E-COMMERCE LTD","SM","5.0000","1200","ES","E","NSE","152.3000","101.6000","","","535748"
"761099","INA","INSOLATION ENERGY LIMITED","EQ","1.0000","1","ES","E","NSE","98.6100","65.7500","","","1216798"
"506854","TANFACIND","Tanfac Ind.","B","5.0000","1","ES","E","BSE","2248.3500","1498.9500","","","80000"
"544723","SEDEMAC","Sedemac Mechatronics Ltd","B","5.0000","1","ES","E","BSE","1813.7000","1209.2000","","","66065"
"761153","SEDEMAC","Sedemac Mechatronics Ltd","EQ","10.0000","1","ES","E","NSE","1816.0000","1210.8000","","","66065"
"751096","ENBEE-RE2","Enbee Trade & Finance Ltd. - RE","R","1.0000","1","ES","E","BSE","0.0300","0.0200","","","80000"
"544724","ELFIN","Elfin Agro India Limited","M","1.0000","3000","ES","E","BSE","57.8600","38.5800","","","80000"
"890226","SURAJINDPP","Suraj Industries Limited.","X","1.0000","1","ES","E","BSE","23.8600","15.9200","","","80000"
"544726","KOTYARK","Kotyark Industries Limited","B","5.0000","1","ES","E","BSE","483.8000","322.6000","","","247274"
"761330","AEPL","ARTEMIS ELECTRICALS & P L","EQ","1.0000","1","ES","E","NSE","16.7800","11.2000","","","7147773"
"761386","MARSONS","MARSONS LIMITED","EQ","1.0000","1","ES","E","NSE","147.5600","98.3800","","","813172"
"761393","SPCON","SRINIBAS PRADHAN CONST L","SM","5.0000","1200","ES","E","NSE","130.8000","87.2000","","","257054"
"531463","GBLINFRA","Global Infratech & Finance Lim","XT","1.0000","1","ES","E","BSE","18.4200","17.7000","","","80000"
"761435","APSISAERO","Apsis Aerocom","ST","5.0000","1200","ES","E","NSE","164.2500","148.6500","","","394097"
"761439","RSL","Rajputana Stainless","EQ","1.0000","1","ES","E","NSE","122.8800","81.9200","","","976488"
"761420","SINGERIND","Singer India","EQ","1.0000","1","ES","E","NSE","73.1000","48.7400","","","1641464"
"544731","RSL","Rajputana Stainless","B","5.0000","1","ES","E","BSE","123.2000","82.2000","","","976488"
"544732","INNOVISION","Innovision Ltd","B","5.0000","1","ES","E","BSE","392.8500","261.9500","","","309691"
"761528","INNOVISION","Innovision Ltd","EQ","5.0000","1","ES","E","NSE","387.4500","258.3500","","","309691"
"762239","GSPCROP","GSP Crop Science Ltd","EQ","5.0000","1","ES","E","NSE","405.4500","270.3500","","","295905"
"544733","GSPCROP","GSP Crop Science Ltd","B","5.0000","1","ES","E","BSE","405.4500","270.3500","","","295905"
"544735","NOVUS","Novus Loyalty Ltd","MT","5.0000","1000","ES","E","BSE","147.3500","133.3500","","","80000"
"761499","5PAISA-RE","5PAISA CAPITAL LTD - RE","BE","1.0000","1","ES","E","NSE","0.2100","0.0900","","","510665"
"751104","5PAISA-RE","5paisa Capital Limited - RE","R","1.0000","1","ES","E","BSE","0.6000","0.2600","","","510665"
"761494","BCPL","BCPL RAILWAY INFRA LTD","EQ","1.0000","1","ES","E","NSE","82.7700","55.1900","","","546862"
"544337","AVAX","Avax Apparels And Ornaments Li","MT","5.0000","2000","ES","E","BSE","173.2500","156.7500","","","80000"
"544739","CMPDI","Central Mine Planning & Design Institute","B","5.0000","1","ES","E","BSE","184.8500","123.2500","","","649025"
"751105","TIL-RE1","TIL Ltd. - RE","R","1.0000","1","ES","E","BSE","2.2400","0.9600","","","395229"
"761586","TIL-RE1","TIL LTD - RE","BE","1.0000","1","ES","E","NSE","2.8000","1.2000","","","395229"
"761581","CMPDI","Central Mine Planning & Design Institute","EQ","1.0000","1","ES","E","NSE","184.8700","123.2500","","","649025"
"544738","SPML","SPECIALITY MEDICINES LIMITED","MT","5.0000","1000","ES","E","BSE","132.1500","119.6500","","","80000"
"544740","TIPCO","Tipco Engineering India Limite","MT","1.0000","1600","ES","E","BSE","169.1000","71.2000","","","80000"
"762347","RMC","RMC SWITCHGEARS LIMITED","BE","5.0000","1","ES","E","NSE","370.9000","335.6000","","","283078"
